0.01,0.9187661736511251
0.031579,3.223468795169635
0.053157,6.014145590180505
0.074736,9.353913807748111
0.096315,13.31172636774825
0.117893,17.961911756292
0.139472,23.38389653924907
0.161051,29.66418769047974
0.182629,36.89298656263496
0.204208,45.16832030060824
0.225787,54.59171883651973
0.247366,65.27140303699179
0.268944,77.3216125689938
0.290523,90.86084875147849
0.312102,106.0135064392093
0.33368,122.9075407014421
0.355259,141.6759577096101
0.376838,162.456453039454
0.398416,185.3882242952532
0.419995,210.6160116625676
0.441574,238.2861805023722
0.463152,268.5489114523771
0.484731,301.5546803208141
0.50631,337.4553808250965
0.527888,376.3999655355781
0.549467,418.5445727119068
0.5710460000000001,464.0412212076311
0.592625,513.0350519831819
0.6142030000000001,565.6823125567353
0.635782,622.1237837405542
0.657361,682.5130330779012
0.678939,746.9740544048952
0.700518,815.6544290805214
0.722097,888.6876091658958
0.743675,966.1963029889403
0.765254,1048.305216832169
0.786833,1135.127228988606
0.808411,1226.779298647883
0.82999,1323.365747797639
0.851569,1424.994851149563
0.873147,1531.75419383212
0.894726,1643.735081406011
0.916305,1761.023163955423
0.937883,1883.687945457458
0.959462,2011.813455527749
0.9810410000000001,2145.464604673748
1.00262,2284.699184274894
1.024198,2429.573680189893
1.045777,2580.142128767082
1.067356,2736.45860634997
1.088934,2898.562284822634
1.110513,3066.501424160925
1.132092,3240.313238604481
1.15367,3420.027711395749
1.175249,3605.691749525349
1.196828,3797.321855939254
1.218406,3994.948299761995
1.239985,4198.59913645525
1.261564,4408.307800796528
1.283142,4624.082449901826
1.304721,4845.967836499595
1.3263,5073.982816507203
1.347878,5308.131915189037
1.369457,5548.457571601258
1.391036,5794.954316709698
1.412615,6047.65486994727
1.434193,6306.573529944225
1.455772,6571.729304195692
1.477351,6843.146755267307
1.498929,7120.830796890345
1.520508,7404.815756819677
1.542087,7695.117670185433
1.563665,7991.750545867623
1.585244,8294.748881686883
1.606823,8604.119806994155
1.628401,8919.882534824836
1.64998,9242.076929926425
1.671559,9570.720131180717
1.693137,9905.854259241916
1.714716,10247.51287766225
1.736295,10595.73585994599
1.757874,10950.57526893974
1.779452,11312.07485148208
1.801031,11680.29845711615
1.82261,12055.32917148957
1.844188,12437.21829062546
1.865767,12826.06038399298
1.887346,13221.96235596645
1.908924,13625.01346033131
1.930503,14035.3613111766
1.952082,14453.09872442911
1.97366,14878.38268607537
1.995239,15311.36735899897
2.016818,15752.22101464645
2.038396,16201.10710494885
2.059975,16658.23370723358
2.081554,17123.77951440105
2.103132,17597.95185097935
2.124711,18080.96036791872
2.14629,18573.02182228071
2.167869,19074.37312791085
2.189447,19585.23336597929
2.211026,20105.83956095274
2.232605,20636.41650289686
2.254183,21177.16325253915
2.275762,21728.33530039104
2.297341,22290.11234755523
2.318919,22862.69527786952
2.340498,23446.27417776428
2.362077,24040.99733559688
2.383655,24646.98889170599
2.405234,25264.38790074984
2.426813,25893.2805972056
2.448391,26533.69124244843
2.46997,27185.66242974378
2.491549,27849.17692354513
2.513127,28524.16595208155
2.534706,29210.55497842517
2.556285,29908.20242822641
2.577864,30616.92868274344
2.599442,31336.45662443034
2.621021,32066.54981977124
2.6426,32806.87595887815
2.664178,33557.05484400701
2.685757,34316.69237231585
2.707336,35085.32081398826
2.728914,35862.4142000191
2.750493,36647.46738041595
2.772072,37439.85262986494
2.79365,38238.94768322106
2.815229,39044.11110154102
2.836808,39854.64090161582
2.858386,40669.7713859795
2.879965,41488.84083956139
2.901544,42311.011691799
2.923123,43135.50937026341
2.944701,43961.51982313202
2.96628,44788.27675307777
2.987859,45614.97834063209
3.009437,46440.80922909225
3.031016,47265.01042274081
3.052595,48086.81408396998
3.074173,48905.44059382984
3.095752,49720.20771611484
3.117331,50530.41977607837
3.138909,51335.4032878506
3.160488,52134.58507973536
3.182067,52927.38159602856
3.203645,53713.29763225282
3.225224,54491.87748235174
3.246803,55262.73772888379
3.268381,56025.52029867244
3.28996,56779.98221170854
3.311539,57525.95067471699
3.333118,58263.25437055865
3.354696,58991.87324554243
3.376275,59711.82032148322
3.397854,60423.12560141244
3.419432,61126.03561215347
3.441011,61820.7791215081
3.46259,62507.6263997086
3.484168,63186.92871440256
3.505747,63859.12596448811
3.527326,64524.75946842875
3.548904,65184.30014659029
3.570483,65838.38171172651
3.592062,66487.65676916212
3.61364,67132.73835311356
3.635219,67774.39054752652
3.656798,68413.31401110109
3.678377,69050.30559565643
3.699955,69686.02704931212
3.721534,70321.33170977654
3.743113,70956.94412468438
3.764691,71593.58671994253
3.78627,72231.98507302842
3.807849,72872.91267697532
3.829427,73516.97517235587
3.851006,74164.82553503134
3.872585,74817.08019347864
3.894163,75474.25448223623
3.915742,76136.83525675723
3.937321,76805.25653413711
3.958899,77479.80900032228
3.980478,78160.84322640365
4.002057,78848.60024890749
4.023635,79543.16976038199
4.045214,80244.69885122741
4.066793,80953.22250488949
4.088372,81668.66750174024
4.10995,82390.91021199238
4.131529,83119.79302053637
4.153108,83855.03467781743
4.174686,84596.3071693903
4.196265,85343.36445577683
4.217844,86095.73858578
4.239422,86852.9512592441
4.261001,87614.56890358965
4.28258,88380.04085668245
4.304158,89148.81736879051
4.325737,89920.35912923697
4.347316,90694.07903937298
4.368894,91469.37825835081
4.390473,92245.70748936012
4.412052,93022.48917949398
4.43363,93799.14822236252
4.455209,94575.18603069041
4.476788,95350.08072340401
4.498367,96123.37813167475
4.519945,96894.6114862097
4.541524,97663.4313516445
4.563103,98429.58443480326
4.584681,99192.7188083388
4.60626,99952.72189365482
4.627839,100709.4319992575
4.649417,101462.7992848862
4.670996,102212.8817434879
4.692575,102959.7774053829
4.714153,103703.6772582902
4.735732,104444.9327962083
4.757311,105183.8639586594
4.778889,105920.9131016186
4.800468,106656.6985422879
4.822047,107391.7901119624
4.843626,108126.9281572685
4.865204,108862.9070956768
4.886783,109600.6239001812
4.908362,110341.0491233764
4.92994,111085.1804798177
4.951519,111834.1351254343
4.973098,112589.1106061874
4.994676,113351.2871845751
5.016255,114121.9400655959
5.037834,114902.3881099009
5.059412,115693.8983245015
5.080991,116497.8766994127
5.10257,117315.6951733021
5.124148,118148.6398880133
5.145727,118998.2132589494
5.167306,119865.6576952754
5.188884,120752.3647579282
5.210463,121659.6225179169
5.232042,122588.653596255
5.253621,123540.6323235735
5.275199,124516.6826166541
5.296778,125517.9217688642
5.318357,126545.2761910039
5.339935,127599.5582017712
5.361514,128681.5658134612
5.383093,129791.9699734182
5.404671,130931.2785091197
5.42625,132099.9598540979
5.447829,133298.3317214006
5.469407,134526.5068110026
5.490986,135784.5505411347
5.512565,137072.3424136505
5.534143,138389.6124364008
5.555722,139736.0484687437
5.577301,141111.0616644881
5.598879,142513.9745893379
5.620458,143944.0223808199
5.642037,145400.2298714209
5.663616,146881.5419703603
5.685194,148386.6920592282
5.706773,149914.4386512482
5.728352,151463.3109931684
5.74993,153031.7446766801
5.771509,154618.0615525522
5.793088,156220.525583969
5.814666,157837.2377171059
5.836245,159466.2566624357
5.857824,161105.6726266576
5.879402,162753.3128126149
5.900981,164407.1919117987
5.92256,166065.0695910547
5.944138,167724.7310657144
5.965717,169383.9975087846
5.987296,171040.6321855279
6.008875,172692.3918513753
6.030453,174337.0303750584
6.052032,175972.3611983562
6.073611,177596.2095061805
6.095189,179206.3449699364
6.116768,180800.8325894069
6.138347,182377.5598321735
6.159925,183934.4920757186
6.181504,185469.8298660536
6.203083,186981.6666741229
6.224661,188468.2576258321
6.24624,189927.9768456646
6.267819,191359.2315324918
6.289397,192760.5698319658
6.310976,194130.6808181487
6.332555,195468.2217897275
6.354133,196772.0960933588
6.375712,198041.3349462661
6.397291,199274.9726574907
6.41887,200472.182242464
6.440448,201632.2192043181
6.462027,202754.5884773868
6.483606,203838.7701683727
6.505184,204884.3866562133
6.526763,205891.1265769111
6.548342,206858.8173083191
6.56992,207787.3508705006
6.591499,208676.7442992193
6.613078,209526.9957106684
6.634656,210338.3229812362
6.656235,211110.9373700047
6.677814,211845.0486476056
6.699392,212540.9239987609
6.720971,213199.0019348304
6.74255,213819.6258532685
6.764129,214403.2864610843
6.785707,214950.3201021235
6.807286,215461.3106221272
6.828865,215936.6573262778
6.850443,216376.8155505217
6.872022,216782.3671650286
6.893601,217153.7640770583
6.915179,217491.4276773077
6.936758,217795.8356213387
6.958337,218067.4619280412
6.979915,218306.7063749107
7.001494,218513.9884467652
7.023073,218689.6989782321
7.044651,218834.139626111
7.06623,218947.7461078969
7.087809,219030.7521196762
7.109387,219083.5169634185
7.130966,219106.3682405234
7.152545,219099.5425322098
7.174124,219063.2720311468
7.195702,218997.8047350239
7.217281,218903.3901365002
7.23886,218780.2637674255
7.260438,218628.604974891
7.282017,218448.7297084631
7.303596,218240.8494661588
7.325174,218005.1947793999
7.346753,217742.0571678382
7.368332,217451.8388110786
7.38991,217134.6214443337
7.411489,216790.9164377765
7.433068,216421.1330731451
7.454646,216025.5620530631
7.476225,215604.7567760006
7.497804,215159.0393620035
7.519382,214688.9396361401
7.540961,214195.0406760536
7.56254,213677.822754629
7.584119,213137.9005144197
7.605697,212575.9175894584
7.627276,211992.5401112956
7.648855,211388.4588377472
7.670433,210764.3495900145
7.692012,210121.0155288225
7.713591,209459.1903722076
7.735169,208779.6554815828
7.756748,208083.2307319625
7.778327,207370.7321915649
7.799905,206642.9619819928
7.821484,205900.8197098695
7.843063,205145.0850403438
7.864641,204376.5249971694
7.88622,203596.102872905
7.907799,202804.5652831159
7.929378,202002.75365431
7.950956,201191.4064030074
7.972535,200371.3606771661
7.994114,199543.411534799
8.015692,198708.1682178948
8.037271,197866.4118891607
8.05885,197018.8979669798
8.080427999999999,196166.3014444122
8.102007,195309.2082805357
8.123586,194448.3358620228
8.145163999999999,193584.2301762097
8.166743,192717.4808475362
8.188321999999999,191848.6098050928
8.209899999999999,190978.2648521453
8.231479,190107.0171590076
8.253057999999999,189235.3149586492
8.274635999999999,188363.613806519
8.296215,187492.5066094989
8.317793999999999,186622.410642797
8.339373,185753.6879470613
8.360951,184886.9325262988
8.382529999999999,184022.5049560411
8.404109,183160.7563430908
8.425687,182302.1271695612
8.447266000000001,181447.1413161392
8.468845,180596.1909958062
8.490423,179749.5827824319
8.512002000000001,178907.7561619148
8.533581,178071.0656845183
8.555159,177239.8249952823
8.576738000000001,176414.3338102341
8.598317,175594.9139157003
8.619895,174781.7993413693
8.641474000000001,173975.3623181185
8.663053,173175.9470530678
8.684631,172383.5704411455
8.70621,171598.4285789719
8.727789,170820.7631245354
8.749368,170050.7587119995
8.770946,169288.394557841
8.792524999999999,168533.8658432684
8.814104,167787.1273401009
8.835682,167048.1084801836
8.857260999999999,166316.9557161655
8.87884,165593.4405781519
8.900418,164877.6160195975
8.921996999999999,164169.2850612643
8.943576,163468.2559408195
8.965154,162774.5015485523
8.986732999999999,162087.8008456693
9.008312,161407.9868955043
9.02989,160734.8898138013
9.051469000000001,160068.2662765696
9.073048,159407.91310227
9.094626999999999,158753.6948757074
9.116205000000001,158105.4236467599
9.137784,157462.9825796921
9.159363000000001,156826.2328457108
9.180941000000001,156195.1739357992
9.20252,155569.6333862926
9.224099000000001,154949.5248772508
9.245677000000001,154335.0170424689
9.267256,153726.1084559525
9.288835000000001,153122.9688578593
9.310413,152525.5469658056
9.331992,151934.3608910056
9.353571000000001,151349.5515378149
9.375149,150771.4483163124
9.396728,150200.3578252134
9.418307,149636.8063714275
9.439885,149081.2099082493
9.461463999999999,148534.0368028788
9.483043,147995.7056002684
9.504621999999999,147466.7718135798
9.526199999999999,146947.9693183267
9.547779,146439.8430958225
9.569357999999999,145943.0453376473
9.590935999999999,145458.0636734098
9.612515,144985.6272859778
9.634093999999999,144526.1678783709
9.655671999999999,144080.2701668978
9.677251,143648.3556485687
9.698829999999999,143230.9863531149
9.720408000000001,142828.4648067782
9.741987,142441.2026491001
9.763566000000001,142069.4790430266
9.785144000000001,141713.6205153236
9.806723,141373.5409842172
9.828302000000001,141049.3768073538
9.849881,140741.2258163596
9.871459,140448.7722612146
9.893038000000001,140172.0547294029
9.914617,139910.5646190073
9.936195,139663.9905211656
9.957774000000001,139431.8582019492
9.979353,139213.5412334286
10.000931,139008.5163075423
10.02251,138816.0971141505
10.044089,138635.4207990874
10.065667,138465.7246055109
10.087246,138306.0619807276
10.108825,138155.555907388
10.130403,138013.1910628969
10.151982,137877.9582703822
10.173561,137748.8930302998
10.195139,137624.9525589409
10.216718,137505.0449899071
10.238297,137388.1381231137
10.259876,137273.2207494736
10.281454,137159.3247209791
10.303033,137045.5193853272
10.324612,136930.7474672765
10.34619,136814.2524226094
10.367769,136695.2348042408
10.389348,136572.8645758296
10.410926,136446.4772141193
10.432505,136315.5931200444
10.454084,136179.6619349521
10.475662,136038.23666564
10.497241,135890.9501391418
10.51882,135737.6162697301
10.540398,135578.1790575966
10.561977,135412.6512871225
10.583556,135240.9972394962
10.605134,135063.4141533456
10.626713,134880.204483064
10.648292,134691.8809280662
10.669871,134499.0063596996
10.691449,134302.0591929535
10.713028,134101.8446420029
10.734607,133899.042896624
10.756185,133694.7287319353
10.777764,133489.7874593314
10.799343,133285.2186735501
10.820921,133082.0676628332
10.8425,132881.5688975255
10.864079,132684.8051342575
10.885657,132493.0590893214
10.907236,132307.6194039119
10.928815,132129.6701748076
10.950393,131960.4509992718
10.971972,131801.1122862707
10.993551,131652.8666538711
11.01513,131516.8145705449
11.036708,131394.2263813915
11.058287,131285.9905727187
11.079866,131193.2526013751
11.101444,131116.8237213515
11.123023,131057.625215626
11.144602,131016.2802010055
11.16618,130993.4849546579
11.187759,130989.8157688642
11.209338,131005.7130792557
11.230916,131041.5363230408
11.252495,131097.5371417671
11.274074,131173.8967187057
11.295652,131270.5559011514
11.317231,131387.6436858519
11.33881,131524.9381300936
11.360388,131682.2313611541
11.381967,131859.1696566408
11.403546,132055.5779408081
11.425125,132270.9499313765
11.446703,132504.7393954746
11.468282,132756.5513130623
11.489861,133025.7100610439
11.511439,133311.6730216212
11.533018,133613.84595743
11.554597,133931.7284579818
11.576175,134264.5213665293
11.597754,134611.8413075278
11.619333,134972.9964683529
11.640911,135347.6276011933
11.66249,135735.1007785195
11.684069,136135.0308540222
11.705647,136546.9990172374
11.727226,136970.7696893564
11.748805,137406.1239439535
11.770384,137852.7764816832
11.791962,138310.6221325881
11.813541,138779.6225269964
11.83512,139259.9855176339
11.856698,139751.6144959145
11.878277,140254.8340084448
11.899856,140769.9433392601
11.921434,141297.1817248942
11.943013,141837.078246421
11.964592,142389.9908792189
11.98617,142956.4712748593
12.007749,143537.0508664564
12.029328,144132.4232454997
12.050906,144743.0361582969
12.072485,145369.6210259121
12.094064,146012.8217653565
12.115642,146673.1416931225
12.137221,147351.3476740105
12.1588,148047.9755854892
12.180379,148763.5232472609
12.201957,149498.644778172
12.223536,150253.6746624038
12.245115,151028.9913280801
12.266693,151824.9604623694
12.288272,152641.8686268994
12.309851,153479.7326612216
12.331429,154338.6774890631
12.353008,155218.7681186025
12.374587,156119.6490850005
12.396165,157041.1946752772
12.417744,157983.1097525304
12.439323,158944.7358122821
12.460901,159925.646515565
12.48248,160925.1834148678
12.504059,161942.5303400047
12.525637,162976.8769002495
12.547216,164027.2127161166
12.568795,165092.3335607195
12.590374,166171.2973900627
12.611952,167262.7256726787
12.633531,168365.4741706187
12.65511,169478.1404213125
12.676688,170599.3841190625
12.698267,171727.5163949582
12.719846,172861.384785657
12.741424,173999.3155845757
12.763003,175139.8914942093
12.784582,176281.3848688627
12.80616,177422.4871351472
12.827739,178561.6355356286
12.849318,179697.2952436877
12.870896,180828.2199981786
12.892475,181952.7757733967
12.914054,183069.7818918944
12.935633,184177.7855811634
12.957211,185275.6102576456
12.97879,186362.2038141764
13.000369,187436.4320719682
13.021947,188497.4384565955
13.043526,189544.2875472071
13.065105,190576.2125453989
13.086683,191592.5659612466
13.108262,192592.8311720164
13.129841,193576.6205024976
13.151419,194543.6672955734
13.172998,195493.75201876
13.194577,196426.9726951367
13.216155,197343.3839819244
13.237734,198243.2745238074
13.259313,199127.0351575222
13.280891,199995.1860399821
13.30247,200848.4052885254
13.324049,201687.3883146885
13.345628,202513.224986744
13.367206,203326.9157161396
13.388785,204129.7162613776
13.410364,204922.8891558975
13.431942,205707.8213285297
13.453521,206486.0716152984
13.4751,207259.3857990838
13.496678,208029.4458441901
13.518257,208797.9863082631
13.539836,209566.984373227
13.561414,210338.4614265903
13.582993,211114.369483805
13.604572,211896.8179625355
13.62615,212687.8882625368
13.647729,213489.700260421
13.669308,214304.3695152951
13.690886,215134.1083576021
13.712465,215980.8983001079
13.734044,216846.9306331585
13.755623,217734.1858705327
13.777201,218644.7930477287
13.79878,219580.3873832815
13.820359,220543.0373698292
13.841937,221534.2456949735
13.863516,222555.7835609672
13.885095,223609.1820440651
13.906673,224695.7640034712
13.928252,225816.7461624468
13.949831,226973.3745056893
13.971409,228166.4746065458
13.992988,229396.8966084358
14.014567,230665.3609243106
14.036145,231972.299260826
14.057724,233318.0264151781
14.079303,234702.7028094053
14.100882,236126.3727039716
14.12246,237588.7698065836
14.144039,239089.699690551
14.165618,240628.5978014997
14.187196,242204.8209055795
14.208775,243817.6014742907
14.230354,245465.9951144982
14.251932,247148.8335707416
14.273511,248865.1477340349
14.29509,250613.3490441192
14.316668,252392.1498361677
14.338247,254200.0676258066
14.359826,256035.4349370856
14.381404,257896.4742379871
14.402983,259781.4821065493
14.424562,261688.6283056297
14.44614,263615.8661625675
14.467719,265561.2923176941
14.489298,267523.075060789
14.510877,269499.0381075748
14.532455,271487.1176001798
14.554034,273485.4333118164
14.575613,275491.7655074449
14.597191,277504.2343254744
14.61877,279520.7264305472
14.640349,281539.185049308
14.661927,283557.6623256782
14.683506,285574.2835951577
14.705085,287586.9753470503
14.726663,289594.0043058248
14.748242,291593.5421224915
14.769821,293583.7093299821
14.791399,295562.8507546918
14.812978,297529.300368115
14.834557,299481.3760473056
14.856136,301417.6134710371
14.877714,303336.3433691281
14.899293,305236.2820424075
14.920872,307116.0716726197
14.94245,308974.3199856779
14.964029,310809.6657203844
14.985608,312621.1193532901
15.007186,314407.3756883215
15.028765,316167.482233722
15.050344,317900.2978186984
15.071922,319604.8267389244
15.093501,321280.2388420212
15.11508,322925.6494100672
15.136658,324540.2283087162
15.158237,326123.2191616182
15.179816,327673.8533645632
15.201394,329191.4204230376
15.222973,330675.3260270442
15.244552,332124.9234724636
15.266131,333539.6901161891
15.287709,334919.0442018164
15.309288,336262.526886067
15.330867,337569.676863662
15.352445,338840.0370869654
15.374024,340073.2421282873
15.395603,341268.7185812942
15.417181,342426.336193584
15.43876,343545.6268064115
15.460339,344626.3042003153
15.481917,345668.1016327302
15.503496,346670.6899213569
15.525075,347633.8883783795
15.546653,348557.3438851949
15.568232,349441.0244223715
15.589811,350284.5154297235
15.611389,351087.7222802622
15.632968,351850.4801476645
15.654547,352572.6936974247
15.676126,353254.2958463213
15.697704,353895.0625905347
15.719283,354494.9185264347
15.740862,355053.9214953704
15.76244,355571.9039548975
15.784019,356049.0900819332
15.805598,356485.3382043326
15.827176,356880.7617248163
15.848755,357235.5521545703
15.870334,357549.8157439262
15.891912,357823.7284080785
15.913491,358057.5503967162
15.93507,358251.5912229124
15.956648,358406.1393000053
15.978227,358521.689776758
15.999806,358598.6436326494
16.021385,358637.4734391124
16.042963,358638.8202500023
16.064542,358603.3680530402
16.086121,358531.7145204122
16.107699,358424.7381860933
16.129278,358283.2426123882
16.150857,358108.036256962
16.172435,357900.2467497558
16.194014,357660.8662032082
16.215593,357391.1030714719
16.237171,357091.9892422972
16.25875,356764.9156628425
16.280329,356411.1682727998
16.301907,356032.1557310689
16.323486,355629.2972623002
16.345065,355204.0314440855
16.366643,354758.0121689354
16.388222,354292.8292058862
16.409801,353810.138494812
16.43138,353311.5006655141
16.452958,352798.6238516361
16.474537,352273.3726506315
16.496116,351737.3427328701
16.517694,351192.2485751124
16.539273,350640.0183563893
16.560852,350082.2822541003
16.58243,349520.7909635642
16.604009,348957.3145672039
16.625588,348393.484396733
16.647166,347830.9598925895
16.668745,347271.185424846
16.690324,346715.933293544
16.711902,346166.5253947833
16.733481,345624.5503496192
16.75506,345091.1352965493
16.776638,344567.7481602913
16.798217,344055.5444950245
16.819796,343555.4205828207
16.841375,343068.6325940405
16.862953,342595.8997453256
16.884532,342138.1790246647
16.906111,341696.046777347
16.927689,341270.1532456538
16.949268,340861.0298231315
16.970847,340469.0745335012
16.992425,340094.4115565791
17.014004,339737.379210479
17.035583,339397.9420313233
17.057161,339076.002113953
17.07874,338771.6310731769
17.100319,338484.4776376524
17.121897,338214.2351483349
17.143476,337960.4468654596
17.165055,337722.5535908037
17.186634,337500.1798190674
17.208212,337292.6190561265
17.229791,337099.0550165222
17.25137,336918.8119901097
17.272948,336751.0079098327
17.294527,336594.7467364293
17.316106,336449.2742278695
17.337684,336313.5780300523
17.359263,336186.5389997064
17.380842,336067.3204798641
17.40242,335954.9595935374
17.423999,335848.4786478794
17.445578,335746.8115078098
17.467156,335649.1286132465
17.488735,335554.2161438362
17.510314,335461.4323406476
17.531892,335369.5599006219
17.553471,335278.0109345151
17.57505,335185.6837397044
17.596629,335092.0209461557
17.618207,334996.0986901632
17.639786,334897.2818909591
17.661365,334794.8591702868
17.682943,334688.3548979543
17.704522,334577.1079657366
17.726101,334460.8049238332
17.747679,334338.6560386191
17.769258,334210.5909829671
17.790837,334076.189110054
17.812415,333935.1119355352
17.833994,333787.2232041546
17.855573,333632.3195105442
17.877151,333470.1922808252
17.89873,333301.0339185357
17.920309,333124.4776823326
17.941888,332940.819033262
17.963466,332749.8344008925
17.985045,332551.8031384328
18.006624,332346.7985016874
18.028202,332134.690689165
18.049781,331916.0132016287
18.07136,331690.6861897971
18.092938,331458.7832114508
18.114517,331220.7426285911
18.136096,330976.5903228636
18.157674,330726.6135839142
18.179253,330470.8451920594
18.200832,330209.5249201618
18.22241,329942.7961749604
18.243989,329670.8004860223
18.265568,329393.7907892265
18.287146,329111.5487350979
18.308725,328824.5426984035
18.330304,328532.6610788718
18.351883,328236.0850333252
18.373461,327934.8162065316
18.39504,327628.8013897112
18.416619,327318.102724108
18.438197,327002.504606417
18.459776,326682.1253554517
18.481355,326356.7489731698
18.502933,326026.3307902867
18.524512,325690.6540850658
18.546091,325349.4465200038
18.567669,325002.7141047532
18.589248,324650.1833859219
18.610827,324291.3980650908
18.632405,323926.3596420965
18.653984,323554.6693945013
18.675563,323175.9750352817
18.697141,322790.0372638022
18.71872,322396.3764645187
18.740299,321994.6244934066
18.761878,321584.5448672663
18.783456,321165.5712313788
18.805035,320737.3161380847
18.826614,320299.3168905459
18.848192,319851.1727448551
18.869771,319392.5603251643
18.89135,318922.7644856091
18.912928,318441.3384541886
18.934507,317948.1784916538
18.956086,317442.3406980992
18.977664,316923.7031521484
18.999243,316391.7267957995
19.020822,315845.8150485623
19.0424,315285.5328102962
19.063979,314710.6415706501
19.085558,314120.505171777
19.107137,313514.8017708501
19.128715,312893.1822793843
19.150294,312255.1777678109
19.171873,311600.6785724433
19.193451,310929.0095769477
19.21503,310240.2217665813
19.236609,309533.8013642103
19.258187,308809.7847816724
19.279766,308067.8206111383
19.301345,307307.6867664564
19.322923,306529.3948226084
19.344502,305732.8941240449
19.366081,304917.9910491666
19.387659,304084.9076850088
19.409238,303233.4859466493
19.430817,302363.9414007175
19.452395,301476.4388254175
19.473974,300571.0971378126
19.495553,299648.2791447752
19.517132,298708.1690325122
19.53871,297750.9374039101
19.560289,296777.0042465616
19.581868,295786.7435253104
19.603446,294780.7492331703
19.625025,293759.1572762403
19.646604,292722.6268122888
19.668182,291671.520909325
19.689761,290606.4698906653
19.71134,289527.8615170682
19.732918,288436.4650233166
19.754497,287332.5858932141
19.776076,286216.9214082632
19.797654,285089.9750419017
19.819233,283952.4722510558
19.840812,282804.8445632668
19.86239,281647.7034632278
19.883969,280481.5574878871
19.905548,279306.9469090013
19.927127,278124.5548956557
19.948705,276934.5098992737
19.970284,275737.7260223459
19.991863,274534.3675171316
20.013441,273324.9477650407
20.03502,272110.038922083
20.056599,270889.6718088286
20.078177,269664.4046186573
20.099756,268434.5639595913
20.121335,267200.3252184818
20.142913,265961.8151265292
20.164492,264719.5134831851
20.186071,263473.3165337952
20.207649,262223.3731143645
20.229228,260969.8200326454
20.250807,259712.5034902567
20.272386,258451.598601056
20.293964,257187.334099618
20.315543,255919.160718227
20.337122,254647.2466561634
20.3587,253371.4997584485
20.380279,252091.6213555511
20.401858,250807.6339814014
20.423436,249519.1933267272
20.445015,248226.0930985591
20.466594,246928.1609020154
20.488172,245625.1581964593
20.509751,244316.6575069286
20.53133,243002.6731256603
20.552908,241682.8063391172
20.574487,240356.6677011673
20.596066,239024.0467526258
20.617644,237684.7938853997
20.639223,236338.3628469438
20.660802,234984.936508518
20.682381,233623.93007129
20.703959,232255.2363071418
20.725538,230878.7115909593
20.747117,229494.0900730534
20.768695,228101.0302072834
20.790274,226699.6668467944
20.811853,225289.651299606
20.833431,223871.0857831241
20.85501,222443.7923012337
20.876589,221007.5711043162
20.898167,219562.7634242082
20.919746,218109.1188767256
20.941325,216646.6650658953
20.962903,215175.6126397963
20.984482,213696.2009176389
21.006061,212208.080745163
21.02764,210712.0545587178
21.049218,209207.6285853111
21.070797,207695.5754325978
21.092376,206175.4887360383
21.113954,204648.4834558607
21.135533,203114.120317084
21.157112,201572.8702550144
21.17869,200025.2267987737
21.200269,198471.1165359098
21.221848,196911.3302333902
21.243426,195345.9714132689
21.265005,193775.0898558465
21.286584,192199.4445552799
21.308162,190618.8997054983
21.329741,189034.2780526353
21.35132,187445.2806997304
21.372898,185852.6387816786
21.394477,184256.0917992626
21.416056,182656.2950178565
21.437635,181053.3750098062
21.459213,179447.1375167407
21.480792,177837.8086005076
21.502371,176225.8942260694
21.523949,174610.7090486997
21.545528,172992.4796359775
21.567107,171371.5315050336
21.588685,169746.9110956472
21.610264,168119.2618497838
21.631843,166487.7137694683
21.653421,164852.5677755739
21.675,163212.6143481757
21.696579,161568.4515345936
21.718157,159918.9324050748
21.739736,158263.8728993282
21.761315,156602.3904354424
21.782893,154934.2342534496
21.804472,153258.7851423508
21.826051,151574.7769376581
21.84763,149882.3522120919
21.869208,148179.8080739727
21.890787,146467.3027128153
21.912366,144743.5768375291
21.933944,143007.8592087367
21.955523,141259.3914072173
21.977102,139497.0069056214
21.99868,137720.2448015936
22.020259,135928.478878155
22.041838,134120.7091958198
22.063416,132295.916045614
22.084995,130453.867654855
22.106574,128593.982358101
22.128152,126715.6637606183
22.149731,124818.1884031359
22.17131,122901.5381038525
22.192889,120965.263097307
22.214467,119009.4351085534
22.236046,117034.1101371057
22.257625,115039.3484704074
22.279203,113025.8530468462
22.300782,110993.9871804342
22.322361,108945.2037292606
22.343939,106880.4036477154
22.365518,104800.9489682823
22.387097,102708.92434402
22.408675,100605.8739893171
22.430254,98494.7958202161
22.451833,96378.51296379438
22.473411,94260.00473021573
22.49499,92143.00802256771
22.516569,90030.3563895816
22.538147,87927.42305690054
22.559726,85837.92541175046
22.581305,83766.48782725267
22.602884,81718.25235588934
22.624462,79697.58281228747
22.646041,77708.83077443841
22.66762,75756.56657784186
22.689198,73846.34741278325
22.710777,71980.73793357263
22.732356,70164.41083891023
22.753934,68400.16976258175
22.775513,66691.35225358323
22.797092,65039.28112195519
22.81867,63446.89307134973
22.840249,61915.14938506163
22.861828,60444.556073986
22.883406,59035.20924557817
22.904985,57687.31067899161
22.926564,56400.68374726768
22.948142,55174.62524342661
22.969721,54006.83031181703
22.9913,52896.84850821516
23.012879,51842.52585428611
23.034457,50842.84396392638
23.056036,49895.93851674699
23.077615,48998.2672239885
23.099193,48149.84233431245
23.120772,47346.96511423948
23.142351,46587.68291923082
23.163929,45870.37579613949
23.185508,45192.58890048979
23.207087,44552.51996530755
23.228665,43947.27704738484
23.250244,43375.09125697174
23.271823,42833.95230864904
23.293401,42321.56034908625
23.31498,41836.08417140294
23.336559,41375.84000047159
23.358138,40938.19097216187
23.379716,40521.32698320258
23.401295,40124.35896641859
23.422874,39744.37497737909
23.444452,39380.1156023751
23.466031,39029.67029180857
23.48761,38692.00934947644
23.509188,38365.47069695607
23.530767,38048.03090521479
23.552346,37738.25725434826
23.573924,37435.26146650341
23.595503,37137.63645513004
23.617082,36843.48919182907
23.63866,36552.77459067667
23.660239,36263.44667347128
23.681818,35974.83640541344
23.703396,35686.53453037175
23.724975,35396.62900761358
23.746554,35105.31338349938
23.768133,34811.43397114076
23.789711,34514.32603126601
23.81129,34213.86966991758
23.832869,33909.37407267897
23.854447,33600.61815095293
23.876026,33286.96700289525
23.897605,32968.73836356762
23.919183,32646.06552331641
23.940762,32318.36635772425
23.962341,31985.92970660853
23.983919,31649.71853888372
24.005498,31308.82701912605
24.027077,30964.65238121544
24.048655,30617.03085140251
24.070234,30266.99964658263
24.091813,29914.86914940834
24.113392,29561.5121179138
24.13497,29207.69527631777
24.156549,28853.93509601758
24.178128,28501.68762110956
24.199706,28151.19808533354
24.221285,27804.15381875532
24.242864,27461.52186473226
24.264442,27123.91165743207
24.286021,26792.65558808946
24.3076,26468.71701320148
24.329178,26153.68049797492
24.350757,25848.80689653569
24.372336,25554.69313556389
24.393914,25272.88741819322
24.415493,25004.57555179555
24.437072,24750.98508445307
24.45865,24512.91180939096
24.480229,24292.18855085053
24.501808,24089.94684944011
24.523387,23906.57250870003
24.544965,23743.82875071888
24.566544,23602.76100735727
24.588123,23484.38288533193
24.609701,23389.71034740702
24.63128,23319.70312588217
24.652859,23275.32144361244
24.674437,23257.52782615422
24.696016,23267.5440224419
24.717595,23305.96556039729
24.739173,23373.34211833789
24.760752,23470.88197109747
24.782331,23599.42854037971
24.803909,23759.19725951975
24.825488,23951.00637305459
24.847067,24175.43596256107
24.868645,24433.27356294597
24.890224,24724.75494472692
24.911803,25050.65110782102
24.933382,25410.94829143862
24.95496,25806.11771174806
24.976539,26236.45048149767
24.998118,26702.12951078403
25.019696,27203.19492187638
25.041275,27740.19672200078
25.062854,28312.53957516041
25.084432,28920.56813961568
25.106011,29563.733999456
25.12759,30242.16718251006
25.149168,30955.61832345791
25.170747,31703.70579989953
25.192326,32485.73778273933
25.213904,33301.61300284776
25.235483,34150.18723357114
25.257062,35031.42749510146
25.278641,35944.23286424749
25.300219,36887.85187270468
25.321798,37861.23951904805
25.343377,38863.45692016738
25.364955,39893.77411227335
25.386534,40950.80074108917
25.408113,42033.35181672006
25.429691,43140.0890244869
25.45127,44269.91620542698
25.472849,45421.23945855293
25.494427,46592.50748556766
25.516006,47782.43875133593
25.537585,48989.21469872539
25.559163,50211.69927368719
25.580742,51447.76399076766
25.602321,52696.29517148002
25.623899,53955.21385809928
25.645478,55223.07594143917
25.667057,56497.9368925794
25.688636,57778.21015859866
25.710214,59062.19656672748
25.731793,60348.07771391686
25.753372,61634.64147000052
25.77495,62919.81864319084
25.796529,64202.52016599652
25.818108,65480.88041750546
25.839686,66753.48657062066
25.861265,68019.22826710132
25.882844,69276.4195792392
25.904422,70524.26567653444
25.926001,71761.5620101675
25.94758,72987.22286391167
25.969158,74200.69876299902
25.990737,75400.67486418091
26.012316,76586.89046722108
26.033894,77759.03502749605
26.055473,78916.42038990372
26.077052,80058.70659924051
26.098631,81186.26665914213
26.120209,82299.07904267017
26.141788,83397.10765770465
26.163367,84480.84377827551
26.184945,85550.94260870275
26.206524,86608.17254702118
26.228103,87653.09056520749
26.249681,88686.54049772426
26.27126,89710.11208051334
26.292839,90724.56269313378
26.314417,91731.44583596494
26.335996,92732.06583648836
26.357575,93728.26763402679
26.379153,94721.46072031595
26.400732,95713.37506684028
26.422311,96705.90180777051
26.44389,97700.82222240456
26.465468,98700.05323555293
26.487047,99705.38103966473
26.508626,100719.2132987881
26.530204,101743.0472488518
26.551783,102778.9602144486
26.573362,103828.7036419602
26.59494,104894.4261124294
26.616519,105977.7113922978
26.638098,107080.4068259296
26.659676,108204.106173698
26.681255,109350.674002765
26.702834,110521.1583978143
26.724412,111717.3691901106
26.745991,112940.0004293185
26.76757,114190.4961155819
26.789148,115469.8345881157
26.810727,116778.7980972396
26.832306,118117.9454337729
26.853885,119488.0419141173
26.875463,120889.0780860858
26.897042,122321.2665474572
26.918621,123785.0949059004
26.940199,125279.7258820502
26.961778,126805.1936420436
26.983357,128361.0291337034
27.004935,129946.2335231581
27.026514,131560.445261966
27.048093,133201.9157409977
27.069671,134870.155533457
27.09125,136563.0467730066
27.112829,138279.7514941395
27.134407,140018.029028772
27.155986,141776.0965715465
27.177565,143552.2155307446
27.199144,145343.5309081237
27.220722,147148.2295068683
27.242301,148963.6553225867
27.26388,150786.681300241
27.285458,152615.1031507405
27.307037,154445.5950245968
27.328616,156275.0041534332
27.350194,158099.9646086449
27.371773,159917.4946313048
27.393352,161723.5898224885
27.41493,163514.8217421146
27.436509,165287.1902648305
27.458088,167037.4854488593
27.479666,168760.8230384447
27.501245,170453.4610421289
27.522824,172111.2237101899
27.544402,173729.984707967
27.565981,175304.9308480263
27.58756,176831.9666752222
27.609139,178306.6144117839
27.630717,179724.0116900962
27.652296,181079.9726679403
27.673875,182369.2782084215
27.695453,183587.5634570185
27.717032,184730.1369952882
27.738611,185792.29822194
27.760189,186769.2922660433
27.781768,187656.1147276919
27.803347,188448.7165270004
27.824925,189141.768511723
27.846504,189731.2083682959
27.868083,190212.4116680016
27.889661,190580.719582571
27.91124,190831.7088701018
27.932819,190961.0527816336
27.954397,190965.0405901849
27.975976,190839.1765173094
27.997555,190579.3929721735
28.019134,190182.1439251683
28.040712,189643.3254167688
28.062291,188960.1634404318
28.08387,188128.6397616445
28.105448,187145.819427577
28.127027,186008.6082986493
28.148606,184714.3788201159
28.170184,183260.4406158383
28.191763,181644.4777971065
28.213342,179864.0746314495
28.23492,177918.0208960246
28.256499,175804.3870601714
28.278078,173521.701845133
28.299656,171069.7108581451
28.321235,168447.305894801
28.342814,165654.6006169541
28.364393,162691.9628936686
28.385971,159560.8880668372
28.40755,156261.8817692125
28.429129,152798.4105346463
28.450707,149172.5725133926
28.472286,145388.6218155373
28.493865,141452.3861609967
28.515443,137369.4710164434
28.537022,133147.9896920308
28.558601,128797.455204311
28.580179,124329.0292418711
28.601758,119755.9517579074
28.623337,115092.845241462
28.644915,110357.9462246921
28.666494,105570.0388201343
28.688073,100750.7274203562
28.709651,95923.61387742548
28.73123,91112.20660148984
28.752809,86342.69516977352
28.774388,81640.2414141121
28.795966,77028.96848124382
28.817545,72532.76322755183
28.839124,68172.61622225895
28.860702,63966.95551950442
28.882281,59931.19754997549
28.90386,56077.04665353733
28.925438,52413.20152437774
28.947017,48945.09140228129
28.968596,45675.13412979427
28.990174,42602.81257025705
29.011753,39725.5518689864
29.033332,37038.8916066347
29.05491,34536.89860207862
29.076489,32212.67182650682
29.098068,30058.79848765841
29.119647,28066.29653973376
29.141225,26227.01412812411
29.162804,24532.1848776778
29.184383,22972.73442105386
29.205961,21541.23112907038
29.22754,20228.53656485298
29.249119,19026.78295739002
29.270697,17928.75861246762
29.292276,16927.16535921507
29.313855,16014.61213873092
29.335433,15184.78766351957
29.357012,14431.73109643509
29.378591,13749.70384101139
29.400169,13132.82678306294
29.421748,12576.27688190144
29.443327,12075.48578387612
29.464905,11625.59024998826
29.486484,11222.80971041167
29.508063,10863.07377679826
29.529642,10543.28833672278
29.55122,10260.07808451274
29.572799,10009.78816653863
29.594378,9790.493206745265
29.615956,9599.131894693439
29.637535,9433.138845145493
29.659114,9290.424491874352
29.680692,9168.990238761799
29.702271,9067.240505012014
29.72385,8983.262045217294
29.745428,8915.605146706552
29.767007,8862.436727760303
29.788586,8823.125556433672
29.810164,8795.941326160855
29.831743,8779.540156084366
29.853322,8773.752705969568
29.8749,8776.92898109318
29.896479,8788.186168068858
29.918058,8807.025535859486
29.939637,8832.970804125371
29.961215,8864.448157929246
29.982794,8901.761406837888
30.004373,8944.079884980913
30.025951,8990.990016805888
30.04753,9041.309483326146
30.069109,9095.014809226204
30.090687,9152.062982713873
30.112266,9211.305174882815
30.133845,9272.719967906845
30.155423,9335.919091049458
30.177002,9400.875582980576
30.198581,9466.851143958962
30.220159,9533.458158052243
30.241738,9600.688566499077
30.263317,9668.158683530137
30.284896,9735.509455160491
30.306474,9802.72527678295
30.328053,9869.440036599579
30.349632,9935.288983825907
30.37121,10000.2594593385
30.392789,10064.0008675696
30.414368,10126.15273611184
30.435946,10187.06363445047
30.457525,10246.02658818396
30.479104,10303.02072072234
30.500682,10358.05733800076
30.522261,10411.13732915622
30.54384,10461.54703651983
30.565418,10509.98932664049
30.586997,10555.75245170573
30.608576,10599.20320796942
30.630154,10640.32947845513
30.651733,10678.76552929158
30.673312,10714.53265279119
30.694891,10747.60819411769
30.716469,10778.36564899511
30.738048,10806.78118612281
30.759627,10832.51032287312
30.781205,10856.24348633478
30.802784,10877.64728785861
30.824363,10896.69605578347
30.845941,10914.10895450112
30.86752,10929.15827958063
30.889099,10942.92226253895
30.910677,10955.01125146661
30.932256,10965.4521922052
30.953835,10974.92563097833
30.975413,10983.4336799458
30.996992,10990.96878169984
31.018571,10997.88097046569
31.040149,11004.1500569799
31.061728,11010.49406565463
31.083307,11016.88036699747
31.104886,11023.32969639239
31.126464,11030.16653084953
31.148043,11037.74680890788
31.169622,11046.41361347744
31.1912,11055.79717030371
31.212779,11066.60712168079
31.234358,11078.82872674209
31.255936,11092.80222541804
31.277515,11108.52359184696
31.299094,11125.99813107759
31.320672,11145.89766192483
31.342251,11168.2165728942
31.36383,11192.61558609529
31.385408,11219.77442024645
31.406987,11249.6868295693
31.428566,11282.35588764093
31.450145,11317.76456234395
31.471723,11356.25768264438
31.493302,11397.83890104709
31.514881,11442.48004010807
31.536459,11490.2045498002
31.558038,11540.98559762339
31.579617,11595.17683242008
31.601195,11652.42021501558
31.622774,11712.72035938444
31.644353,11776.39953389297
31.665931,11843.13213290497
31.68751,11912.90249975677
31.709089,11985.71490807638
31.730667,12061.55280727413
31.752246,12140.7600460532
31.773825,12222.65449990979
31.795403,12307.56893793392
31.816982,12395.49909667295
31.838561,12486.0918101412
31.86014,12579.36452141708
31.881718,12675.62796154459
31.903297,12774.55277129758
31.924876,12876.13486981052
31.946454,12980.35923455449
31.968033,13087.23414288263
31.989612,13197.08019702361
32.01119,13309.23351457103
32.032769,13424.34001972141
32.054348,13542.0717112423
32.075926,13662.42502370837
32.097505,13785.73221947901
32.119084,13911.97770771452
32.140662,14040.82329840277
32.162241,14172.93454674198
32.18382,14307.9732383134
32.205399,14446.26937698672
32.226977,14588.15180837414
32.248556,14733.27184504013
32.270135,14881.97004939409
32.291713,15034.24170476374
32.313292,15190.74853160628
32.334871,15351.15259498806
32.356449,15515.76841835973
32.378028,15684.61704483813
32.399607,15858.02518588004
32.421185,16036.30601920209
32.442764,16219.46783732052
32.464343,16407.51806013107
32.485921,16601.11345055082
32.5075,16799.93197175056
32.529079,17004.2857096558
32.550657,17214.19619001783
32.572236,17429.99050700925
32.593815,17652.02161162693
32.615394,17879.94149373864
32.636972,18114.10427099881
32.658551,18354.83776744334
32.68013,18601.50846056655
32.701708,18855.08820082619
32.723287,19114.63282747553
32.744866,19381.14481408726
32.766444,19653.62202362473
32.788023,19933.09984873497
32.809602,20218.59420706137
32.83118,20510.78138454309
32.852759,20809.02621043457
32.874338,21113.36665791809
32.895916,21423.82634417597
32.917495,21739.75946143688
32.939074,22061.86506131782
32.960652,22389.17025437403
32.982231,22721.39592833327
33.00381,23058.88384815095
33.025389,23401.02935789439
33.046967,23747.1760948531
33.068546,24097.39764960521
33.090125,24451.36751684636
33.111703,24808.4688903026
33.133282,25168.43513870326
33.154861,25530.94228284737
33.176439,25895.35795219875
33.198018,26261.09190131562
33.219597,26628.1484336977
33.241175,26995.91692729498
33.262754,27363.44269457873
33.284333,27730.72943347564
33.305911,28097.14623096504
33.32749,28462.08559188031
33.349069,28825.22248328276
33.370648,29185.55503453752
33.392226,29543.47470435303
33.413805,29897.65173090516
33.435384,30247.75519288534
33.456962,30593.80254142515
33.478541,30934.80772150613
33.50012,31270.38862572372
33.521698,31600.25270654968
33.543277,31924.0394234692
33.564856,32241.07836150672
33.586434,32550.97672973789
33.608013,32854.09416386673
33.629592,33149.35263803723
33.65117,33436.75250673475
33.672749,33715.91822025111
33.694328,33987.12596360742
33.715906,34249.66377701068
33.737485,34503.50298611161
33.759064,34748.9142669683
33.780643,34985.50949125394
33.802221,35213.22663475301
33.8238,35432.66440019138
33.845379,35643.15148278872
33.866957,35845.22950394096
33.888536,36039.21785882912
33.910115,36225.04998465937
33.931693,36403.01534658515
33.953272,36573.35317682759
33.974851,36736.37963200965
33.996429,36892.71546171196
34.018008,37042.26936458662
34.039587,37185.71708320067
34.061165,37323.68154985426
34.082744,37456.40375803043
34.104323,37584.25873881277
34.125901,37707.84446756973
34.14748,37827.79065105144
34.169059,37944.44818124856
34.190638,38058.1145125504
34.212216,38169.77893419559
34.233795,38279.46646256818
34.255374,38388.11285118473
34.276952,38496.10184756702
34.298531,38603.43256710978
34.32011,38711.43250097821
34.341688,38819.79408206915
34.363267,38929.184024759
34.384846,39039.96163924017
34.406424,39152.8201973549
34.428003,39267.79047803462
34.449582,39385.53852982478
34.47116,39505.78744208183
34.492739,39629.20755682517
34.514318,39756.16138379345
34.535897,39886.70806413979
34.557475,40020.81922304053
34.579054,40158.94876541787
34.600633,40301.3739888829
34.622211,40447.51501035615
34.64379,40598.37951939466
34.665369,40752.99557511511
34.686947,40912.39747951803
34.708526,41075.98112763165
34.730105,41243.71932048617
34.751683,41416.00846062098
34.773262,41592.21542203138
34.794841,41773.01286545124
34.816419,41957.73430637218
34.837998,42146.47696083038
34.859577,42339.1842893747
34.881155,42535.6158780536
34.902734,42735.74919876807
34.924313,42939.95442044747
34.945892,43147.23126237828
34.96747,43357.91941790035
34.989049,43572.12035270969
35.010628,43789.41054616284
35.032206,44009.55269055221
35.053785,44232.82897926238
35.075364,44459.00339302017
35.096942,44687.34634116862
35.118521,44918.57077669304
35.1401,45152.01006360575
35.161678,45387.70186345684
35.183257,45625.62365376799
35.204836,45865.47698202185
35.226414,46107.2676922906
35.247993,46350.63594372063
35.269572,46595.65295514935
35.291151,46842.29310610384
35.312729,47090.2249975763
35.334308,47339.49163493454
35.355887,47589.69432414787
35.377465,47840.90545627368
35.399044,48093.06689892556
35.420623,48345.91394698575
35.442201,48599.41774491086
35.46378,48853.58740381567
35.485359,49108.08967702862
35.506937,49362.92918467822
35.528516,49618.0797267397
35.550095,49873.54545950024
35.571673,50129.02698717126
35.593252,50384.49722371732
35.614831,50639.62066205015
35.636409,50895.04339807072
35.657988,51150.1303291998
35.679567,51405.52787466549
35.701146,51660.56138010181
35.722724,51915.27007505705
35.744303,52169.92821370477
35.765882,52424.91579098412
35.78746,52679.55531572427
35.809039,52934.19460385049
35.830618,53188.83683916561
35.852196,53443.7886960853
35.873775,53698.75433375157
35.895354,53953.73695362017
35.916932,54209.42320238258
35.938511,54465.17650306231
35.96009,54721.34276452535
35.981668,54978.22995920419
36.003247,55235.2399206526
36.024826,55493.0625296193
36.046404,55751.36049423046
36.067983,56009.83984765634
36.089562,56269.19240373893
36.111141,56528.77876260786
36.132719,56788.94842697484
36.154298,57049.36844810041
36.175877,57309.78120930537
36.197455,57570.19297178475
36.219034,57830.65563600492
36.240613,58090.79009527661
36.262191,58350.29794926645
36.28377,58608.88542331398
36.305349,58866.21206273926
36.326927,59122.28233727624
36.348506,59376.80128519076
36.370085,59629.03771290641
36.391663,59878.64657637029
36.413242,60125.28649296525
36.434821,60369.00007008218
36.4564,60609.050688419
36.477978,60845.00145752128
36.499557,61076.59109983996
36.521136,61303.37893213279
36.542714,61524.65978033999
36.564293,61740.69038951744
36.585872,61950.76145499776
36.60745,62154.51054319642
36.629029,62351.79519294928
36.650608,62542.24879722075
36.672186,62725.76411765092
36.693765,62901.97603793247
36.715344,63070.81892361568
36.736922,63232.48732449793
36.758501,63386.30507025671
36.78008,63532.46371092903
36.801658,63671.24573921436
36.823237,63802.32439083534
36.844816,63925.84375978469
36.866395,64042.53411887468
36.887973,64151.56982221382
36.909552,64253.99418782919
36.931131,64349.73700909859
36.952709,64439.08327066531
36.974288,64522.32419985994
36.995867,64599.88762141785
37.017445,64671.61163721996
37.039024,64738.59884562822
37.060603,64800.52074429374
37.082181,64858.02738210697
37.10376,64911.46568823668
37.125339,64960.8199971642
37.146917,65006.88840128222
37.168496,65049.30362881965
37.190075,65088.77186823537
37.211653,65125.32925692012
37.233232,65159.37837318576
37.254811,65190.59579711739
37.27639,65218.97218307757
37.297968,65244.95470464143
37.319547,65268.53904373202
37.341126,65289.03794572171
37.362704,65307.21445252484
37.384283,65322.02152616409
37.405862,65333.44614359616
37.42744,65341.20754786285
37.449019,65345.24819634914
37.470598,65344.87121547227
37.492176,65339.693527223
37.513755,65329.38402212095
37.535334,65312.82219556076
37.556912,65290.25309555171
37.578491,65260.65283178243
37.60007,65223.52742058957
37.621649,65178.47990574887
37.643227,65124.37115142489
37.664806,65061.39224563708
37.686385,64988.39717039293
37.707963,64905.29615928989
37.729542,64810.8911263682
37.751121,64705.36034674963
37.772699,64587.86579515458
37.794278,64458.266291612
37.815857,64316.09136838079
37.837435,64161.09533351886
37.859014,63992.859511
37.880593,63811.5608227458
37.902171,63617.05284714551
37.92375,63409.14653254217
37.945329,63188.07378367842
37.966907,62954.11835750697
37.988486,62707.5239468202
38.010065,62448.43687391
38.031644,62177.9581928226
38.053222,61895.53705502126
38.074801,61602.61882062694
38.09638,61299.46792385679
38.117958,60987.16068992171
38.139537,60666.45279490637
38.161116,60337.91262385236
38.182694,60002.7782810761
38.204273,59662.1582118383
38.225852,59316.73503474607
38.24743,58967.38174593729
38.269009,58615.99008190993
38.290588,58263.0144876598
38.312166,57909.58759047785
38.333745,57557.03270685715
38.355324,57206.15143551768
38.376903,56857.83886207838
38.398481,56513.67108952588
38.42006,56174.2092340684
38.441639,55840.3060470933
38.463217,55512.90236593424
38.484796,55192.51239613949
38.506375,54880.03125269873
38.527953,54576.35369271137
38.549532,54281.25886961241
38.571111,53995.24980893586
38.592689,53719.25818004321
38.614268,53452.66609929022
38.635847,53196.35807010085
38.657425,52950.05259422518
38.679004,52713.16323101296
38.700583,52486.13786242098
38.722161,52268.68678522409
38.74374,52059.82447346563
38.765319,51859.56242942953
38.786898,51667.6047228535
38.808476,51482.5214833243
38.830055,51304.36320022853
38.851634,51132.35422170538
38.873212,50965.05520902145
38.894791,50802.43117532857
38.91637,50643.34875391195
38.937948,50487.06314996231
38.959527,50332.75191434649
38.981106,50179.27370858256
39.002684,50025.83692208577
39.024263,49871.9660776571
39.045842,49716.47331202837
39.06742,49558.87632479333
39.088999,49398.8130148693
39.110578,49235.010861538
39.132156,49066.94473665967
39.153735,48894.64235598216
39.175314,48717.1829274312
39.196893,48534.90862442613
39.218471,48346.50259512502
39.24005,48152.74381552561
39.261629,47953.54137523388
39.283207,47748.40870954531
39.304786,47537.25977941465
39.326365,47321.2731241704
39.347943,47099.53088296641
39.369522,46873.21968034683
39.391101,46642.65591248791
39.412679,46408.23236774106
39.434258,46169.91120474094
39.455837,45929.21254132281
39.477415,45686.20985274613
39.498994,45441.23430920498
39.520573,45195.56041424962
39.542152,44949.92269948685
39.56373,44704.39903947183
39.585309,44459.80070462976
39.606888,44217.40961142714
39.628466,43976.8330250527
39.650045,43739.32293004327
39.671624,43504.99313743314
39.693202,43274.2544135198
39.714781,43047.22189591484
39.73636,42825.18042106976
39.757938,42606.92882313723
39.779517,42393.41909213624
39.801096,42184.28707223065
39.822674,41979.63810306442
39.844253,41779.10786430415
39.865832,41581.95569079201
39.88741,41388.28078569114
39.908989,41197.30746952292
39.930568,41008.25421276731
39.952147,40820.80891707917
39.973725,40633.33945835942
39.995304,40445.52862716784
40.016883,40255.70357612744
40.038461,40063.87985254407
40.06004,39867.62941795189
40.081619,39666.55185135706
40.103197,39458.9241582378
40.124776,39243.93279131348
40.146355,39019.87580454369
40.167933,38785.45415651998
40.189512,38539.77629339983
40.211091,38281.09234481899
40.232669,38008.02597931041
40.254248,37719.73232622951
40.275827,37415.17659790912
40.297405,37092.58912980223
40.318984,36751.81676270837
40.340563,36391.08278779605
40.362142,36010.20054908474
40.38372,35608.15832719219
40.405299,35183.97625681231
40.426878,34738.33118097981
40.448456,34269.77568712392
40.470035,33778.61288893153
40.491614,33264.62465819066
40.513192,32728.10102137607
40.534771,32169.34358352509
40.55635,31588.21784067743
40.577928,30985.82846915031
40.599507,30362.53860202318
40.621086,29719.53200496422
40.642664,29057.54087368286
40.664243,28377.41101534859
40.685822,27680.74488878496
40.707401,26968.83572736459
40.728979,26242.9655601644
40.750558,25504.83126012606
40.772137,24756.18458602877
40.793715,23997.9254341676
40.815294,23233.09318631893
40.836873,22462.20601168689
40.858451,21687.91564228203
40.88003,20911.61472692714
40.901609,20135.10273063527
40.923187,19360.63817281906
40.944766,18589.63490492135
40.966345,17823.91034736898
40.987923,17064.90023568398
41.009502,16314.82369247731
41.031081,15575.10376051324
41.052659,14846.71764395026
41.074238,14131.90191590649
41.095817,13431.20309986581
41.117396,12746.40241400584
41.138974,12078.03505597998
41.160553,11427.4393663097
41.182132,10795.55722307815
41.20371,10182.86794570446
41.225289,9590.685556916422
41.246868,9018.642087069538
41.268446,8467.615504163768
41.290025,7938.480110545907
41.311604,7430.397162177446
41.333182,6944.223615193892
41.354761,6479.540421665299
41.37634,6036.342314260017
41.397918,5615.033383623432
41.419497,5214.34333363409
41.441076,4835.08309369765
41.462655,4475.975467220922
41.484233,4136.990977440152
41.505812,3817.676827304181
41.527391,3517.585550655804
41.548969,3235.429730472392
41.570548,2971.594993879904
41.592127,2724.375193738094
41.613705,2494.156484757833
41.635284,2279.236809869024
41.656863,2080.003735953272
41.678441,1894.757915222396
41.70002,1723.056627900871
41.721599,1564.872942854263
41.743177,1418.515660381338
41.764756,1283.962193297603
41.786335,1159.942868855434
41.807913,1046.438395315868
41.829492,942.1838092892375
41.851071,847.1623583895175
41.87265,760.5289910326843
41.894228,681.4395273601903
41.915807,609.4676283184463
41.937386,544.1867830316855
41.958964,485.1735638378727
41.980543,432.0044204222874
42.002122,383.8432445818797
42.0237,340.6830761167978
42.045279,301.6903354967264
42.066858,266.4457418357391
42.088436,235.358612677296
42.110015,207.1840546329461
42.131594,182.3323753469367
42.153172,159.9735685231475
42.174751,140.5185691358734
42.19633,122.7252426167997
42.217908,107.4183628695072
42.239487,93.35683410082891
42.261066,81.36565649027305
42.282645,70.61754993068377
42.304223,61.52464572159016
42.325802,53.26021782800618
42.347381,45.82374857179126
42.368959,39.62758423460907
42.390538,34.25835981488775
42.412117,29.30305641691385
42.433695,25.17409341744022
42.455274,21.45855323376653
42.476853,18.56889318173961
42.498431,15.67965471870126
42.52001,13.20339389285386
42.541589,11.55258864859083
42.563167,9.489371126077305
42.584746,8.25146145305875
42.606325,7.01364399344687
42.627904,5.775896121069334
42.649482,4.950758399833783
42.671061,4.125645830961896
42.69264,3.300547503080078
42.714218,2.888019089972111
42.735797,2.475494049509851
42.757376,2.062961941258548
42.778954,1.650417123325123
42.800533,1.237854984674237
42.822112,1.237902661353288
42.84369,0.8253032973984463
42.865269,0.8253424321661867
42.886848,0.4126923199800833
42.908426,0.4127152402969379
42.930005,0.4127396984243706
42.951584,0
42.973162,0
42.994741,0
43.01632,0
43.037899,0
43.059477,0
43.081056,0
43.102635,0
43.124213,0
43.145792,0
