0.01,8.810340999999999,0.01,0.033812
0.031579,8.790336999999999,0.031579,0.037523
0.053157,8.782419000000001,0.053157,0.041571
0.074736,8.779133,0.074736,0.045979
0.096315,8.778627,0.096315,0.050772
0.117893,8.780146999999999,0.117893,0.055974
0.139472,8.783299,0.139472,0.061607
0.161051,8.787849,0.161051,0.067699
0.182629,8.793639000000001,0.182629,0.07427300000000001
0.204208,8.800556,0.204208,0.081356
0.225787,8.808512,0.225787,0.088972
0.247366,8.817436000000001,0.247366,0.097147
0.268944,8.82727,0.268944,0.105908
0.290523,8.837959,0.290523,0.115279
0.312102,8.849456999999999,0.312102,0.125286
0.33368,8.861718,0.33368,0.135953
0.355259,8.874701,0.355259,0.147303
0.376838,8.888363,0.376838,0.15936
0.398416,8.902666,0.398416,0.172145
0.419995,8.917571000000001,0.419995,0.185679
0.441574,8.93304,0.441574,0.199982
0.463152,8.949031,0.463152,0.215074
0.484731,8.965508,0.484731,0.230971
0.50631,8.982429,0.50631,0.247689
0.527888,8.999757000000001,0.527888,0.26524
0.549467,9.017452,0.549467,0.283638
0.5710460000000001,9.035475999999999,0.5710460000000001,0.302894
0.592625,9.053788000000001,0.592625,0.323013
0.6142030000000001,9.07235,0.6142030000000001,0.344007
0.635782,9.091123,0.635782,0.365876
0.657361,9.110066,0.657361,0.388629
0.678939,9.129142999999999,0.678939,0.412258
0.700518,9.148315999999999,0.700518,0.436767
0.722097,9.167548,0.722097,0.462154
0.743675,9.186801000000001,0.743675,0.488412
0.765254,9.20604,0.765254,0.515534
0.786833,9.225232999999999,0.786833,0.54351
0.808411,9.244344999999999,0.808411,0.572333
0.82999,9.263344999999999,0.82999,0.601989
0.851569,9.282201000000001,0.851569,0.6324689999999999
0.873147,9.300883000000001,0.873147,0.663756
0.894726,9.319364999999999,0.894726,0.695834
0.916305,9.337618000000001,0.916305,0.728688
0.937883,9.355619000000001,0.937883,0.762298
0.959462,9.373345,0.959462,0.7966490000000001
0.9810410000000001,9.390774,0.9810410000000001,0.831722
1.00262,9.407885,1.00262,0.867496
1.024198,9.424659,1.024198,0.903952
1.045777,9.441079999999999,1.045777,0.941069
1.067356,9.457133000000001,1.067356,0.97883
1.088934,9.472803000000001,1.088934,1.017214
1.110513,9.488079000000001,1.110513,1.056202
1.132092,9.502948,1.132092,1.095775
1.15367,9.517398999999999,1.15367,1.135913
1.175249,9.531423,1.175249,1.1766
1.196828,9.545012,1.196828,1.217814
1.218406,9.558161,1.218406,1.259539
1.239985,9.570862,1.239985,1.301756
1.261564,9.583112,1.261564,1.344452
1.283142,9.594905000000001,1.283142,1.387607
1.304721,9.606237999999999,1.304721,1.43121
1.3263,9.617107000000001,1.3263,1.475246
1.347878,9.627511,1.347878,1.519697
1.369457,9.637444,1.369457,1.564553
1.391036,9.646909000000001,1.391036,1.609795
1.412615,9.655903,1.412615,1.655414
1.434193,9.664427999999999,1.434193,1.701398
1.455772,9.672482,1.455772,1.747733
1.477351,9.680068,1.477351,1.794411
1.498929,9.687184999999999,1.498929,1.841419
1.520508,9.693837,1.520508,1.888749
1.542087,9.700025,1.542087,1.936392
1.563665,9.70575,1.563665,1.984339
1.585244,9.711016000000001,1.585244,2.032583
1.606823,9.715824,1.606823,2.081114
1.628401,9.720179999999999,1.628401,2.129926
1.64998,9.724087000000001,1.64998,2.179014
1.671559,9.727551,1.671559,2.228372
1.693137,9.730575999999999,1.693137,2.278
1.714716,9.733166000000001,1.714716,2.327892
1.736295,9.735328000000001,1.736295,2.378048
1.757874,9.737064999999999,1.757874,2.428469
1.779452,9.738384,1.779452,2.479156
1.801031,9.73929,1.801031,2.53011
1.82261,9.739786,1.82261,2.58134
1.844188,9.739876000000001,1.844188,2.632848
1.865767,9.739565000000001,1.865767,2.684641
1.887346,9.738854,1.887346,2.736732
1.908924,9.737745,1.908924,2.78913
1.930503,9.736238,1.930503,2.841851
1.952082,9.73433,1.952082,2.894903
1.97366,9.73202,1.97366,2.948307
1.995239,9.7293,1.995239,3.002077
2.016818,9.726165,2.016818,3.056234
2.038396,9.722602,2.038396,3.110796
2.059975,9.718597000000001,2.059975,3.165784
2.081554,9.714136999999999,2.081554,3.221217
2.103132,9.709199,2.103132,3.277117
2.124711,9.703763,2.124711,3.333501
2.14629,9.697803,2.14629,3.39039
2.167869,9.691293,2.167869,3.447806
2.189447,9.684195000000001,2.189447,3.505766
2.211026,9.676475999999999,2.211026,3.564285
2.232605,9.668094999999999,2.232605,3.623378
2.254183,9.65901,2.254183,3.683054
2.275762,9.649174,2.275762,3.743325
2.297341,9.638539,2.297341,3.804193
2.318919,9.627053,2.318919,3.865662
2.340498,9.614660000000001,2.340498,3.927727
2.362077,9.601305,2.362077,3.99038
2.383655,9.586928,2.383655,4.053607
2.405234,9.571472,2.405234,4.117391
2.426813,9.554873000000001,2.426813,4.181709
2.448391,9.537072,2.448391,4.246528
2.46997,9.518008999999999,2.46997,4.311812
2.491549,9.497624,2.491549,4.37752
2.513127,9.475860000000001,2.513127,4.443603
2.534706,9.452658,2.534706,4.510005
2.556285,9.427965,2.556285,4.576666
2.577864,9.401731,2.577864,4.643519
2.599442,9.373911,2.599442,4.710485
2.621021,9.344462,2.621021,4.777487
2.6426,9.313352,2.6426,4.844442
2.664178,9.280545999999999,2.664178,4.91126
2.685757,9.246024,2.685757,4.977848
2.707336,9.209766,2.707336,5.044109
2.728914,9.171764,2.728914,5.109942
2.750493,9.132013000000001,2.750493,5.175246
2.772072,9.090521000000001,2.772072,5.239913
2.79365,9.047298,2.79365,5.303839
2.815229,9.002370000000001,2.815229,5.366918
2.836808,8.955762999999999,2.836808,5.429044
2.858386,8.907518,2.858386,5.490109
2.879965,8.857682,2.879965,5.550019
2.901544,8.806309000000001,2.901544,5.608666
2.923123,8.753463999999999,2.923123,5.665956
2.944701,8.699218,2.944701,5.721797
2.96628,8.643651,2.96628,5.776104
2.987859,8.586849000000001,2.987859,5.828799
3.009437,8.528904000000001,3.009437,5.879808
3.031016,8.469913,3.031016,5.929064
3.052595,8.409979,3.052595,5.976511
3.074173,8.349209999999999,3.074173,6.022097
3.095752,8.287718,3.095752,6.065782
3.117331,8.225617,3.117331,6.107535
3.138909,8.163024999999999,3.138909,6.147333
3.160488,8.100059,3.160488,6.185163
3.182067,8.036837999999999,3.182067,6.221021
3.203645,7.973479,3.203645,6.254917
3.225224,7.910101,3.225224,6.286863
3.246803,7.846819,3.246803,6.316888
3.268381,7.783744,3.268381,6.345025
3.28996,7.720987,3.28996,6.371317
3.311539,7.658651,3.311539,6.395821
3.333118,7.596836,3.333118,6.418592
3.354696,7.535634,3.354696,6.439704
3.376275,7.475132,3.376275,6.459227
3.397854,7.415415,3.397854,6.477239
3.419432,7.356554,3.419432,6.493839
3.441011,7.298611,3.441011,6.509113
3.46259,7.241644,3.46259,6.523156
3.484168,7.185702,3.484168,6.536068
3.505747,7.130825,3.505747,6.547948
3.527326,7.077044,3.527326,6.558908
3.548904,7.024381,3.548904,6.569046
3.570483,6.972847,3.570483,6.578466
3.592062,6.922448,3.592062,6.587276
3.61364,6.873178,3.61364,6.595572
3.635219,6.825028,3.635219,6.603457
3.656798,6.777976,3.656798,6.611025
3.678377,6.731993,3.678377,6.618373
3.699955,6.687045,3.699955,6.62558
3.721534,6.64309,3.721534,6.632734
3.743113,6.600081,3.743113,6.63991
3.764691,6.557966,3.764691,6.647178
3.78627,6.516687,3.78627,6.654597
3.807849,6.476184,3.807849,6.662234
3.829427,6.436389,3.829427,6.670132
3.851006,6.397237,3.851006,6.678332
3.872585,6.358658,3.872585,6.686873
3.894163,6.320579,3.894163,6.69578
3.915742,6.282929,3.915742,6.705068
3.937321,6.245637,3.937321,6.714751
3.958899,6.208635,3.958899,6.724828
3.980478,6.171855,3.980478,6.735297
4.002057,6.135232,4.002057,6.746151
4.023635,6.098704,4.023635,6.757368
4.045214,6.062213,4.045214,6.768927
4.066793,6.025703,4.066793,6.780802
4.088372,5.989123,4.088372,6.792956
4.10995,5.952429,4.10995,6.805352
4.131529,5.91558,4.131529,6.817945
4.153108,5.878544,4.153108,6.830688
4.174686,5.841296,4.174686,6.843533
4.196265,5.803812,4.196265,6.856435
4.217844,5.766075,4.217844,6.869337
4.239422,5.728077,4.239422,6.882186
4.261001,5.689818,4.261001,6.894932
4.28258,5.651301,4.28258,6.907522
4.304158,5.612535,4.304158,6.919907
4.325737,5.573537,4.325737,6.932038
4.347316,5.534327,4.347316,6.94387
4.368894,5.494933,4.368894,6.955362
4.390473,5.455387,4.390473,6.966475
4.412052,5.415724,4.412052,6.977176
4.43363,5.375984,4.43363,6.987436
4.455209,5.336212,4.455209,6.997231
4.476788,5.296453,4.476788,7.006542
4.498367,5.256755,4.498367,7.015357
4.519945,5.217172,4.519945,7.023669
4.541524,5.177756,4.541524,7.031476
4.563103,5.138558,4.563103,7.038791
4.584681,5.099631,4.584681,7.04562
4.60626,5.061027,4.60626,7.051985
4.627839,5.022796,4.627839,7.057909
4.649417,4.984989,4.649417,7.063426
4.670996,4.947651,4.670996,7.068571
4.692575,4.910828,4.692575,7.073389
4.714153,4.874558,4.714153,7.077929
4.735732,4.838877,4.735732,7.082247
4.757311,4.803816,4.757311,7.086399
4.778889,4.769402,4.778889,7.090449
4.800468,4.735655,4.800468,7.094466
4.822047,4.70259,4.822047,7.098517
4.843626,4.670217,4.843626,7.102678
4.865204,4.638538,4.865204,7.107026
4.886783,4.60755,4.886783,7.111637
4.908362,4.57724,4.908362,7.116592
4.92994,4.54759,4.92994,7.12197
4.951519,4.518577,4.951519,7.12785
4.973098,4.490166,4.973098,7.134315
4.994676,4.462317,4.994676,7.141442
5.016255,4.434982,5.016255,7.149304
5.037834,4.408107,5.037834,7.157978
5.059412,4.381631,5.059412,7.167531
5.080991,4.355486,5.080991,7.17803
5.10257,4.329597,5.10257,7.189539
5.124148,4.303885,5.124148,7.202111
5.145727,4.278262,5.145727,7.215804
5.167306,4.252635,5.167306,7.230656
5.188884,4.226907,5.188884,7.246713
5.210463,4.200975,5.210463,7.264002
5.232042,4.174733,5.232042,7.282547
5.253621,4.148072,5.253621,7.302363
5.275199,4.120879,5.275199,7.323459
5.296778,4.093037,5.296778,7.345834
5.318357,4.064429,5.318357,7.369476
5.339935,4.034937,5.339935,7.394362
5.361514,4.004445,5.361514,7.420462
5.383093,3.972835,5.383093,7.447739
5.404671,3.939991,5.404671,7.476143
5.42625,3.905799,5.42625,7.505615
5.447829,3.870146,5.447829,7.536089
5.469407,3.832923,5.469407,7.567484
5.490986,3.794029,5.490986,7.599713
5.512565,3.753365,5.512565,7.63268
5.534143,3.710837,5.534143,7.666279
5.555722,3.66636,5.555722,7.700399
5.577301,3.619854,5.577301,7.734915
5.598879,3.571249,5.598879,7.7697
5.620458,3.520483,5.620458,7.804618
5.642037,3.467503,5.642037,7.839527
5.663616,3.412266,5.663616,7.874282
5.685194,3.354739,5.685194,7.908729
5.706773,3.2949,5.706773,7.942716
5.728352,3.232737,5.728352,7.976085
5.74993,3.168247,5.74993,8.008675999999999
5.771509,3.101444,5.771509,8.040324999999999
5.793088,3.032349,5.793088,8.070874
5.814666,2.960997,5.814666,8.100161999999999
5.836245,2.887435,5.836245,8.128026999999999
5.857824,2.81172,5.857824,8.154323
5.879402,2.733918,5.879402,8.178891
5.900981,2.654109,5.900981,8.201591000000001
5.92256,2.572381,5.92256,8.222277
5.944138,2.488832,5.944138,8.240814
5.965717,2.403573,5.965717,8.257075
5.987296,2.316721,5.987296,8.270942
6.008875,2.228402,6.008875,8.282304
6.030453,2.138747,6.030453,8.291059000000001
6.052032,2.047898,6.052032,8.297115
6.073611,1.955999,6.073611,8.300393
6.095189,1.863204,6.095189,8.300822
6.116768,1.769664,6.116768,8.298349
6.138347,1.675535,6.138347,8.292923
6.159925,1.580979,6.159925,8.284509
6.181504,1.486155,6.181504,8.273085999999999
6.203083,1.391223,6.203083,8.258637999999999
6.224661,1.296343,6.224661,8.241167000000001
6.24624,1.201675,6.24624,8.220682999999999
6.267819,1.107374,6.267819,8.197207000000001
6.289397,1.013592,6.289397,8.170774
6.310976,0.920478,6.310976,8.141425999999999
6.332555,0.828176,6.332555,8.109211
6.354133,0.736824,6.354133,8.074196000000001
6.375712,0.646552,6.375712,8.036448999999999
6.397291,0.557486,6.397291,7.996047
6.41887,0.469744,6.41887,7.953073
6.440448,0.383438,6.440448,7.907618
6.462027,0.29867,6.462027,7.85978
6.483606,0.215533,6.483606,7.809658
6.505184,0.134114,6.505184,7.75736
6.526763,0.054491,6.526763,7.702987
6.548342,-0.023265,6.548342,7.646654
6.56992,-0.099095,6.56992,7.588472
6.591499,-0.172944,6.591499,7.528553
6.613078,-0.244766,6.613078,7.467008
6.634656,-0.314526,6.634656,7.403955
6.656235,-0.382194,6.656235,7.339501
6.677814,-0.447747,6.677814,7.273754
6.699392,-0.511168,6.699392,7.206821
6.720971,-0.572446,6.720971,7.138809
6.74255,-0.6315770000000001,6.74255,7.069818
6.764129,-0.688564,6.764129,6.999949
6.785707,-0.743411,6.785707,6.929293
6.807286,-0.79613,6.807286,6.857943
6.828865,-0.846734,6.828865,6.785984
6.850443,-0.89524,6.850443,6.7135
6.872022,-0.941669,6.872022,6.640572
6.893601,-0.986046,6.893601,6.567273
6.915179,-1.028395,6.915179,6.493674
6.936758,-1.068742,6.936758,6.41984
6.958337,-1.107115,6.958337,6.345839
6.979915,-1.143545,6.979915,6.271729
7.001494,-1.178061,7.001494,6.197564
7.023073,-1.210694,7.023073,6.123399
7.044651,-1.241473,7.044651,6.049284
7.06623,-1.27043,7.06623,5.975267
7.087809,-1.297594,7.087809,5.901391
7.109387,-1.322996,7.109387,5.827704
7.130966,-1.346668,7.130966,5.754243
7.152545,-1.368638,7.152545,5.681049
7.174124,-1.388936,7.174124,5.608157
7.195702,-1.407592,7.195702,5.535604
7.217281,-1.424632,7.217281,5.463425
7.23886,-1.440086,7.23886,5.391654
7.260438,-1.453981,7.260438,5.320324
7.282017,-1.466344,7.282017,5.24947
7.303596,-1.477205,7.303596,5.179121
7.325174,-1.486591,7.325174,5.10931
7.346753,-1.494529,7.346753,5.040067
7.368332,-1.501051,7.368332,4.971427
7.38991,-1.506183,7.38991,4.903411
7.411489,-1.509953,7.411489,4.836058
7.433068,-1.512396,7.433068,4.769395
7.454646,-1.513541,7.454646,4.703448
7.476225,-1.513421,7.476225,4.638247
7.497804,-1.512067,7.497804,4.573814
7.519382,-1.509513,7.519382,4.510178
7.540961,-1.505793,7.540961,4.447364
7.56254,-1.500941,7.56254,4.385394
7.584119,-1.494992,7.584119,4.324293
7.605697,-1.487984,7.605697,4.264083
7.627276,-1.479955,7.627276,4.20478
7.648855,-1.470941,7.648855,4.146407
7.670433,-1.460982,7.670433,4.088978
7.692012,-1.450116,7.692012,4.03251
7.713591,-1.438384,7.713591,3.977014
7.735169,-1.425825,7.735169,3.922504
7.756748,-1.412478,7.756748,3.868989
7.778327,-1.398384,7.778327,3.816477
7.799905,-1.383583,7.799905,3.764974
7.821484,-1.368116,7.821484,3.714483
7.843063,-1.35202,7.843063,3.665008
7.864641,-1.335334,7.864641,3.616547
7.88622,-1.318097,7.88622,3.569102
7.907799,-1.300346,7.907799,3.522668
7.929378,-1.282119,7.929378,3.47724
7.950956,-1.263451,7.950956,3.432811
7.972535,-1.244375,7.972535,3.389376
7.994114,-1.224928,7.994114,3.346924
8.015692,-1.205139,8.015692,3.305444
8.037271,-1.18504,8.037271,3.264924
8.05885,-1.16466,8.05885,3.225357
8.080427999999999,-1.144031,8.080427999999999,3.186726
8.102007,-1.123177,8.102007,3.149016
8.123586,-1.102126,8.123586,3.112215
8.145163999999999,-1.080902,8.145163999999999,3.076307
8.166743,-1.059528,8.166743,3.041275
8.188321999999999,-1.038025,8.188321999999999,3.007104
8.209899999999999,-1.016416,8.209899999999999,2.973781
8.231479,-0.994722,8.231479,2.941288
8.253057999999999,-0.972961,8.253057999999999,2.909608
8.274635999999999,-0.9511500000000001,8.274635999999999,2.878725
8.296215,-0.929307,8.296215,2.848624
8.317793999999999,-0.907449,8.317793999999999,2.819286
8.339373,-0.885588,8.339373,2.790695
8.360951,-0.86374,8.360951,2.76284
8.382529999999999,-0.84192,8.382529999999999,2.735698
8.404109,-0.820138,8.404109,2.709255
8.425687,-0.798405,8.425687,2.683499
8.447266000000001,-0.776736,8.447266000000001,2.658413
8.468845,-0.75514,8.468845,2.633985
8.490423,-0.73363,8.490423,2.610194
8.512002000000001,-0.712215,8.512002000000001,2.587027
8.533581,-0.690904,8.533581,2.56447
8.555159,-0.6697070000000001,8.555159,2.542506
8.576738000000001,-0.648631,8.576738000000001,2.521119
8.598317,-0.627684,8.598317,2.500295
8.619895,-0.606873,8.619895,2.480018
8.641474000000001,-0.586205,8.641474000000001,2.460275
8.663053,-0.565688,8.663053,2.441053
8.684631,-0.545327,8.684631,2.422331
8.70621,-0.525126,8.70621,2.404094
8.727789,-0.505089,8.727789,2.386331
8.749368,-0.485222,8.749368,2.369026
8.770946,-0.465526,8.770946,2.352163
8.792524999999999,-0.446006,8.792524999999999,2.335727
8.814104,-0.426663,8.814104,2.319702
8.835682,-0.407496,8.835682,2.304074
8.857260999999999,-0.388508,8.857260999999999,2.28883
8.87884,-0.369696,8.87884,2.273954
8.900418,-0.351061,8.900418,2.259435
8.921996999999999,-0.332601,8.921996999999999,2.245256
8.943576,-0.314311,8.943576,2.231406
8.965154,-0.29619,8.965154,2.217875
8.986732999999999,-0.278234,8.986732999999999,2.204649
9.008312,-0.260438,9.008312,2.191719
9.02989,-0.242799,9.02989,2.179074
9.051469000000001,-0.22531,9.051469000000001,2.166704
9.073048,-0.207966,9.073048,2.1546
9.094626999999999,-0.19076,9.094626999999999,2.142757
9.116205000000001,-0.173687,9.116205000000001,2.131167
9.137784,-0.15674,9.137784,2.119825
9.159363000000001,-0.139913,9.159363000000001,2.108726
9.180941000000001,-0.123202,9.180941000000001,2.097867
9.20252,-0.106599,9.20252,2.087243
9.224099000000001,-0.090097,9.224099000000001,2.076852
9.245677000000001,-0.07369299999999999,9.245677000000001,2.066695
9.267256,-0.05738,9.267256,2.056771
9.288835000000001,-0.041155,9.288835000000001,2.047081
9.310413,-0.025012,9.310413,2.037623
9.331992,-0.008949,9.331992,2.028405
9.353571000000001,0.007036,9.353571000000001,2.019426
9.375149,0.022944,9.375149,2.010689
9.396728,0.038778,9.396728,2.002197
9.418307,0.054536,9.418307,1.993955
9.439885,0.070216,9.439885,1.985965
9.461463999999999,0.08581800000000001,9.461463999999999,1.978231
9.483043,0.101339,9.483043,1.970754
9.504621999999999,0.116777,9.504621999999999,1.963539
9.526199999999999,0.132126,9.526199999999999,1.956592
9.547779,0.147381,9.547779,1.949914
9.569357999999999,0.162535,9.569357999999999,1.943508
9.590935999999999,0.177581,9.590935999999999,1.937373
9.612515,0.192511,9.612515,1.931512
9.634093999999999,0.207317,9.634093999999999,1.925922
9.655671999999999,0.22199,9.655671999999999,1.920603
9.677251,0.236523,9.677251,1.915552
9.698829999999999,0.250906,9.698829999999999,1.910768
9.720408000000001,0.26513,9.720408000000001,1.906245
9.741987,0.279185,9.741987,1.901978
9.763566000000001,0.293063,9.763566000000001,1.897962
9.785144000000001,0.306752,9.785144000000001,1.89419
9.806723,0.320246,9.806723,1.89065
9.828302000000001,0.333536,9.828302000000001,1.887334
9.849881,0.346614,9.849881,1.884234
9.871459,0.359474,9.871459,1.881335
9.893038000000001,0.372107,9.893038000000001,1.878627
9.914617,0.38451,9.914617,1.876094
9.936195,0.396679,9.936195,1.873724
9.957774000000001,0.408609,9.957774000000001,1.8715
9.979353,0.4203,9.979353,1.869407
10.000931,0.43175,10.000931,1.867431
10.02251,0.442961,10.02251,1.865557
10.044089,0.453932,10.044089,1.863765
10.065667,0.464669,10.065667,1.862043
10.087246,0.475175,10.087246,1.860372
10.108825,0.485456,10.108825,1.858738
10.130403,0.495519,10.130403,1.857125
10.151982,0.505373,10.151982,1.855518
10.173561,0.515027,10.173561,1.853904
10.195139,0.524492,10.195139,1.85227
10.216718,0.53378,10.216718,1.850602
10.238297,0.5429040000000001,10.238297,1.848889
10.259876,0.551878,10.259876,1.847121
10.281454,0.560717,10.281454,1.84529
10.303033,0.5694360000000001,10.303033,1.843388
10.324612,0.578051,10.324612,1.841406
10.34619,0.586579,10.34619,1.839342
10.367769,0.595038,10.367769,1.837193
10.389348,0.603443,10.389348,1.834954
10.410926,0.611814,10.410926,1.832627
10.432505,0.620167,10.432505,1.830214
10.454084,0.628519,10.454084,1.827717
10.475662,0.636887,10.475662,1.82514
10.497241,0.6452870000000001,10.497241,1.822487
10.51882,0.653736,10.51882,1.819767
10.540398,0.662249,10.540398,1.81699
10.561977,0.670839,10.561977,1.814165
10.583556,0.679521,10.583556,1.811302
10.605134,0.688308,10.605134,1.808414
10.626713,0.69721,10.626713,1.805513
10.648292,0.706239,10.648292,1.802617
10.669871,0.715402,10.669871,1.799741
10.691449,0.724707,10.691449,1.796899
10.713028,0.73416,10.713028,1.794109
10.734607,0.743767,10.734607,1.791387
10.756185,0.753529,10.756185,1.788753
10.777764,0.763448,10.777764,1.786223
10.799343,0.773525,10.799343,1.783815
10.820921,0.783757,10.820921,1.781545
10.8425,0.794143,10.8425,1.779433
10.864079,0.804678,10.864079,1.777494
10.885657,0.815356,10.885657,1.775746
10.907236,0.826169,10.907236,1.774205
10.928815,0.837108,10.928815,1.772885
10.950393,0.848164,10.950393,1.771801
10.971972,0.859327,10.971972,1.770965
10.993551,0.870584,10.993551,1.770389
11.01513,0.881924,11.01513,1.770084
11.036708,0.893332,11.036708,1.770062
11.058287,0.904794,11.058287,1.770328
11.079866,0.916295,11.079866,1.770892
11.101444,0.92782,11.101444,1.771758
11.123023,0.939353,11.123023,1.772931
11.144602,0.950879,11.144602,1.774412
11.16618,0.962382,11.16618,1.776203
11.187759,0.973847,11.187759,1.778304
11.209338,0.98526,11.209338,1.780714
11.230916,0.996604,11.230916,1.783429
11.252495,1.007866,11.252495,1.786445
11.274074,1.019032,11.274074,1.789757
11.295652,1.03009,11.295652,1.793357
11.317231,1.041028,11.317231,1.79724
11.33881,1.051835,11.33881,1.801396
11.360388,1.062501,11.360388,1.805816
11.381967,1.073018,11.381967,1.810489
11.403546,1.083378,11.403546,1.815408
11.425125,1.093575,11.425125,1.820561
11.446703,1.103602,11.446703,1.825935
11.468282,1.113457,11.468282,1.831522
11.489861,1.123137,11.489861,1.837309
11.511439,1.13264,11.511439,1.843286
11.533018,1.141965,11.533018,1.849442
11.554597,1.151114,11.554597,1.85577
11.576175,1.160088,11.576175,1.862257
11.597754,1.16889,11.597754,1.868898
11.619333,1.177523,11.619333,1.875683
11.640911,1.18599,11.640911,1.882608
11.66249,1.194297,11.66249,1.889665
11.684069,1.202448,11.684069,1.89685
11.705647,1.21045,11.705647,1.90416
11.727226,1.218307,11.727226,1.911593
11.748805,1.226025,11.748805,1.919149
11.770384,1.233609,11.770384,1.926826
11.791962,1.241065,11.791962,1.934626
11.813541,1.248398,11.813541,1.942551
11.83512,1.255611,11.83512,1.950607
11.856698,1.262708,11.856698,1.958795
11.878277,1.269693,11.878277,1.967123
11.899856,1.276566,11.899856,1.975597
11.921434,1.283329,11.921434,1.984223
11.943013,1.289981,11.943013,1.99301
11.964592,1.29652,11.964592,2.001964
11.98617,1.302943,11.98617,2.011094
12.007749,1.309247,12.007749,2.020408
12.029328,1.315426,12.029328,2.029916
12.050906,1.321473,12.050906,2.039623
12.072485,1.32738,12.072485,2.049538
12.094064,1.333137,12.094064,2.059668
12.115642,1.338735,12.115642,2.070018
12.137221,1.344161,12.137221,2.080595
12.1588,1.349403,12.1588,2.091403
12.180379,1.354447,12.180379,2.102444
12.201957,1.359277,12.201957,2.113722
12.223536,1.363878,12.223536,2.125235
12.245115,1.368236,12.245115,2.136983
12.266693,1.372332,12.266693,2.148963
12.288272,1.376151,12.288272,2.161172
12.309851,1.379675,12.309851,2.173601
12.331429,1.382888,12.331429,2.186244
12.353008,1.385772,12.353008,2.199092
12.374587,1.388313,12.374587,2.212131
12.396165,1.390495,12.396165,2.22535
12.417744,1.392302,12.417744,2.238734
12.439323,1.393722,12.439323,2.252264
12.460901,1.394741,12.460901,2.265924
12.48248,1.395349,12.48248,2.279695
12.504059,1.395535,12.504059,2.293555
12.525637,1.39529,12.525637,2.307483
12.547216,1.394608,12.547216,2.321455
12.568795,1.393485,12.568795,2.335445
12.590374,1.391918,12.590374,2.349432
12.611952,1.389906,12.611952,2.363388
12.633531,1.387449,12.633531,2.377289
12.65511,1.384551,12.65511,2.391109
12.676688,1.381216,12.676688,2.404823
12.698267,1.377454,12.698267,2.418402
12.719846,1.373272,12.719846,2.431826
12.741424,1.368682,12.741424,2.445068
12.763003,1.363696,12.763003,2.458105
12.784582,1.358333,12.784582,2.470913
12.80616,1.352607,12.80616,2.483473
12.827739,1.346538,12.827739,2.495764
12.849318,1.340147,12.849318,2.507767
12.870896,1.333454,12.870896,2.519468
12.892475,1.326484,12.892475,2.530848
12.914054,1.319261,12.914054,2.541897
12.935633,1.311811,12.935633,2.552601
12.957211,1.304162,12.957211,2.562953
12.97879,1.296339,12.97879,2.572946
13.000369,1.288371,13.000369,2.582575
13.021947,1.280286,13.021947,2.59184
13.043526,1.272112,13.043526,2.600739
13.065105,1.263878,13.065105,2.609275
13.086683,1.255612,13.086683,2.617453
13.108262,1.247342,13.108262,2.62528
13.129841,1.239095,13.129841,2.632766
13.151419,1.230897,13.151419,2.639923
13.172998,1.222775,13.172998,2.646764
13.194577,1.214751,13.194577,2.653306
13.216155,1.206851,13.216155,2.659568
13.237734,1.199095,13.237734,2.665569
13.259313,1.191503,13.259313,2.671331
13.280891,1.184094,13.280891,2.676878
13.30247,1.176885,13.30247,2.682235
13.324049,1.169891,13.324049,2.687427
13.345628,1.163125,13.345628,2.692485
13.367206,1.156596,13.367206,2.697436
13.388785,1.150313,13.388785,2.702311
13.410364,1.144282,13.410364,2.70714
13.431942,1.138507,13.431942,2.711954
13.453521,1.13299,13.453521,2.716785
13.4751,1.127728,13.4751,2.721666
13.496678,1.122717,13.496678,2.726628
13.518257,1.117953,13.518257,2.731702
13.539836,1.113427,13.539836,2.736921
13.561414,1.109126,13.561414,2.742316
13.582993,1.105039,13.582993,2.747917
13.604572,1.101148,13.604572,2.753753
13.62615,1.097436,13.62615,2.759853
13.647729,1.093882,13.647729,2.766243
13.669308,1.090464,13.669308,2.772949
13.690886,1.087156,13.690886,2.779996
13.712465,1.083934,13.712465,2.787405
13.734044,1.080767,13.734044,2.795197
13.755623,1.077626,13.755623,2.80339
13.777201,1.074479,13.777201,2.812003
13.79878,1.071293,13.79878,2.821044
13.820359,1.068032,13.820359,2.830528
13.841937,1.064664,13.841937,2.840462
13.863516,1.061151,13.863516,2.850853
13.885095,1.057456,13.885095,2.861705
13.906673,1.053542,13.906673,2.873018
13.928252,1.049372,13.928252,2.884789
13.949831,1.044907,13.949831,2.897015
13.971409,1.040111,13.971409,2.909687
13.992988,1.034946,13.992988,2.922794
14.014567,1.029375,14.014567,2.936324
14.036145,1.023362,14.036145,2.95026
14.057724,1.016873,14.057724,2.964583
14.079303,1.009873,14.079303,2.979271
14.100882,1.002331,14.100882,2.994302
14.12246,0.994216,14.12246,3.009648
14.144039,0.985497,14.144039,3.025281
14.165618,0.976148,14.165618,3.04117
14.187196,0.966143,14.187196,3.057282
14.208775,0.95546,14.208775,3.073583
14.230354,0.9440770000000001,14.230354,3.090036
14.251932,0.931976,14.251932,3.106602
14.273511,0.91914,14.273511,3.123245
14.29509,0.9055569999999999,14.29509,3.139921
14.316668,0.891216,14.316668,3.156592
14.338247,0.876108,14.338247,3.173216
14.359826,0.860227,14.359826,3.18975
14.381404,0.843572,14.381404,3.206152
14.402983,0.826141,14.402983,3.222379
14.424562,0.807936,14.424562,3.238389
14.44614,0.788964,14.44614,3.254139
14.467719,0.7692329999999999,14.467719,3.269588
14.489298,0.7487510000000001,14.489298,3.284697
14.510877,0.727532,14.510877,3.299424
14.532455,0.705591,14.532455,3.31373
14.554034,0.682944,14.554034,3.327579
14.575613,0.659612,14.575613,3.340933
14.597191,0.635614,14.597191,3.353759
14.61877,0.610974,14.61877,3.366022
14.640349,0.585717,14.640349,3.37769
14.661927,0.559869,14.661927,3.388734
14.683506,0.533458,14.683506,3.399127
14.705085,0.506513,14.705085,3.40884
14.726663,0.479064,14.726663,3.417852
14.748242,0.451141,14.748242,3.426139
14.769821,0.422777,14.769821,3.43368
14.791399,0.394005,14.791399,3.440459
14.812978,0.364857,14.812978,3.446458
14.834557,0.335368,14.834557,3.451663
14.856136,0.305569,14.856136,3.456061
14.877714,0.275498,14.877714,3.459642
14.899293,0.245186,14.899293,3.462397
14.920872,0.214668,14.920872,3.464321
14.94245,0.183978,14.94245,3.465408
14.964029,0.15315,14.964029,3.465652
14.985608,0.122217,14.985608,3.465056
15.007186,0.091212,15.007186,3.463617
15.028765,0.060166,15.028765,3.461337
15.050344,0.029113,15.050344,3.458219
15.071922,-0.001916,15.071922,3.454267
15.093501,-0.032891,15.093501,3.449487
15.11508,-0.06378200000000001,15.11508,3.443886
15.136658,-0.09456000000000001,15.136658,3.437472
15.158237,-0.125197,15.158237,3.430253
15.179816,-0.155664,15.179816,3.42224
15.201394,-0.185935,15.201394,3.413443
15.222973,-0.215983,15.222973,3.403875
15.244552,-0.245783,15.244552,3.393548
15.266131,-0.275311,15.266131,3.382476
15.287709,-0.304543,15.287709,3.370673
15.309288,-0.333456,15.309288,3.358154
15.330867,-0.362029,15.330867,3.344934
15.352445,-0.39024,15.352445,3.33103
15.374024,-0.41807,15.374024,3.316457
15.395603,-0.445497,15.395603,3.301231
15.417181,-0.472504,15.417181,3.285373
15.43876,-0.499072,15.43876,3.268898
15.460339,-0.525184,15.460339,3.251825
15.481917,-0.550824,15.481917,3.234173
15.503496,-0.575975,15.503496,3.21596
15.525075,-0.600623,15.525075,3.197206
15.546653,-0.624753,15.546653,3.177929
15.568232,-0.648352,15.568232,3.158151
15.589811,-0.671405,15.589811,3.13789
15.611389,-0.693901,15.611389,3.117167
15.632968,-0.715827,15.632968,3.096003
15.654547,-0.737173,15.654547,3.074419
15.676126,-0.757928,15.676126,3.052438
15.697704,-0.778083,15.697704,3.030078
15.719283,-0.797627,15.719283,3.007362
15.740862,-0.816553,15.740862,2.984313
15.76244,-0.834852,15.76244,2.960952
15.784019,-0.852518,15.784019,2.937304
15.805598,-0.869544,15.805598,2.913389
15.827176,-0.885924,15.827176,2.889232
15.848755,-0.901654,15.848755,2.864856
15.870334,-0.91673,15.870334,2.840284
15.891912,-0.931148,15.891912,2.815541
15.913491,-0.944906,15.913491,2.79065
15.93507,-0.958002,15.93507,2.765637
15.956648,-0.970436,15.956648,2.740525
15.978227,-0.982209,15.978227,2.715339
15.999806,-0.993321,15.999806,2.690105
16.021385,-1.003775,16.021385,2.664846
16.042963,-1.013575,16.042963,2.639588
16.064542,-1.022726,16.064542,2.614355
16.086121,-1.031232,16.086121,2.589172
16.107699,-1.039102,16.107699,2.564063
16.129278,-1.046342,16.129278,2.539053
16.150857,-1.052961,16.150857,2.514164
16.172435,-1.05897,16.172435,2.489422
16.194014,-1.06438,16.194014,2.464848
16.215593,-1.069204,16.215593,2.440466
16.237171,-1.073454,16.237171,2.416297
16.25875,-1.077146,16.25875,2.392362
16.280329,-1.080295,16.280329,2.368682
16.301907,-1.082918,16.301907,2.345277
16.323486,-1.085032,16.323486,2.322165
16.345065,-1.086656,16.345065,2.299362
16.366643,-1.087809,16.366643,2.276888
16.388222,-1.088512,16.388222,2.254756
16.409801,-1.088786,16.409801,2.232981
16.43138,-1.088651,16.43138,2.211576
16.452958,-1.08813,16.452958,2.190552
16.474537,-1.087246,16.474537,2.169921
16.496116,-1.086021,16.496116,2.149691
16.517694,-1.084478,16.517694,2.12987
16.539273,-1.082642,16.539273,2.110465
16.560852,-1.080536,16.560852,2.09148
16.58243,-1.078184,16.58243,2.072919
16.604009,-1.07561,16.604009,2.054784
16.625588,-1.072837,16.625588,2.037076
16.647166,-1.069889,16.647166,2.019794
16.668745,-1.066787,16.668745,2.002935
16.690324,-1.063556,16.690324,1.986497
16.711902,-1.060217,16.711902,1.970474
16.733481,-1.056792,16.733481,1.954862
16.75506,-1.053301,16.75506,1.939651
16.776638,-1.049765,16.776638,1.924836
16.798217,-1.046204,16.798217,1.910405
16.819796,-1.042634,16.819796,1.896348
16.841375,-1.039075,16.841375,1.882655
16.862953,-1.035542,16.862953,1.869313
16.884532,-1.032052,16.884532,1.856309
16.906111,-1.028619,16.906111,1.843628
16.927689,-1.025256,16.927689,1.831258
16.949268,-1.021976,16.949268,1.819183
16.970847,-1.018791,16.970847,1.807387
16.992425,-1.015709,16.992425,1.795855
17.014004,-1.012741,17.014004,1.78457
17.035583,-1.009893,17.035583,1.773517
17.057161,-1.007172,17.057161,1.762678
17.07874,-1.004584,17.07874,1.752039
17.100319,-1.002133,17.100319,1.741582
17.121897,-0.999823,17.121897,1.73129
17.143476,-0.997655,17.143476,1.721147
17.165055,-0.995629,17.165055,1.711138
17.186634,-0.993747,17.186634,1.701248
17.208212,-0.992008,17.208212,1.691461
17.229791,-0.990408,17.229791,1.681763
17.25137,-0.988946,17.25137,1.672139
17.272948,-0.987617,17.272948,1.662577
17.294527,-0.986417,17.294527,1.653062
17.316106,-0.985341,17.316106,1.643585
17.337684,-0.984384,17.337684,1.634132
17.359263,-0.983537,17.359263,1.624693
17.380842,-0.982795,17.380842,1.615258
17.40242,-0.98215,17.40242,1.60582
17.423999,-0.981595,17.423999,1.596369
17.445578,-0.98112,17.445578,1.5869
17.467156,-0.98072,17.467156,1.577404
17.488735,-0.980383,17.488735,1.567876
17.510314,-0.9801029999999999,17.510314,1.558313
17.531892,-0.97987,17.531892,1.548708
17.553471,-0.979676,17.553471,1.539062
17.57505,-0.979512,17.57505,1.529369
17.596629,-0.979371,17.596629,1.51963
17.618207,-0.979244,17.618207,1.509843
17.639786,-0.979123,17.639786,1.500009
17.661365,-0.979001,17.661365,1.490127
17.682943,-0.978872,17.682943,1.480199
17.704522,-0.978727,17.704522,1.470228
17.726101,-0.978563,17.726101,1.460214
17.747679,-0.978371,17.747679,1.450159
17.769258,-0.978148,17.769258,1.440067
17.790837,-0.977888,17.790837,1.429942
17.812415,-0.977587,17.812415,1.419786
17.833994,-0.977241,17.833994,1.409604
17.855573,-0.976847,17.855573,1.399399
17.877151,-0.976402,17.877151,1.389174
17.89873,-0.975905,17.89873,1.378935
17.920309,-0.975352,17.920309,1.368684
17.941888,-0.9747440000000001,17.941888,1.358426
17.963466,-0.974078,17.963466,1.348164
17.985045,-0.973355,17.985045,1.337902
18.006624,-0.972575,18.006624,1.327643
18.028202,-0.971736,18.028202,1.31739
18.049781,-0.970841,18.049781,1.307148
18.07136,-0.96989,18.07136,1.296917
18.092938,-0.968883,18.092938,1.2867
18.114517,-0.967823,18.114517,1.2765
18.136096,-0.96671,18.136096,1.266319
18.157674,-0.965547,18.157674,1.256158
18.179253,-0.964334,18.179253,1.246018
18.200832,-0.963073,18.200832,1.235901
18.22241,-0.961767,18.22241,1.225805
18.243989,-0.960416,18.243989,1.215733
18.265568,-0.959023,18.265568,1.205685
18.287146,-0.957588,18.287146,1.195658
18.308725,-0.956114,18.308725,1.185655
18.330304,-0.954601,18.330304,1.175675
18.351883,-0.953052,18.351883,1.165716
18.373461,-0.951468,18.373461,1.155777
18.39504,-0.9498490000000001,18.39504,1.145857
18.416619,-0.948197,18.416619,1.135954
18.438197,-0.946511,18.438197,1.126067
18.459776,-0.944793,18.459776,1.116194
18.481355,-0.943042,18.481355,1.106334
18.502933,-0.941259,18.502933,1.096485
18.524512,-0.939443,18.524512,1.086645
18.546091,-0.937593,18.546091,1.076812
18.567669,-0.93571,18.567669,1.066985
18.589248,-0.933793,18.589248,1.057161
18.610827,-0.931839,18.610827,1.047339
18.632405,-0.929849,18.632405,1.037518
18.653984,-0.927821,18.653984,1.027695
18.675563,-0.925753,18.675563,1.017869
18.697141,-0.923644,18.697141,1.008039
18.71872,-0.9214909999999999,18.71872,0.998203
18.740299,-0.919292,18.740299,0.98836
18.761878,-0.917046,18.761878,0.978509
18.783456,-0.914749,18.783456,0.96865
18.805035,-0.912399,18.805035,0.958781
18.826614,-0.9099930000000001,18.826614,0.948902
18.848192,-0.907529,18.848192,0.939012
18.869771,-0.905004,18.869771,0.929113
18.89135,-0.902414,18.89135,0.919203
18.912928,-0.899756,18.912928,0.909283
18.934507,-0.897029,18.934507,0.899355
18.956086,-0.894227,18.956086,0.889418
18.977664,-0.8913489999999999,18.977664,0.879475
18.999243,-0.888392,18.999243,0.869525
19.020822,-0.885351,19.020822,0.859572
19.0424,-0.882224,19.0424,0.849616
19.063979,-0.879009,19.063979,0.83966
19.085558,-0.875701,19.085558,0.829708
19.107137,-0.872299,19.107137,0.81976
19.128715,-0.8688,19.128715,0.809821
19.150294,-0.865201,19.150294,0.799893
19.171873,-0.861501,19.171873,0.789981
19.193451,-0.857696,19.193451,0.780087
19.21503,-0.853786,19.21503,0.770216
19.236609,-0.849768,19.236609,0.760371
19.258187,-0.845642,19.258187,0.7505579999999999
19.279766,-0.841406,19.279766,0.74078
19.301345,-0.837059,19.301345,0.7310410000000001
19.322923,-0.832601,19.322923,0.721347
19.344502,-0.828032,19.344502,0.7117019999999999
19.366081,-0.8233510000000001,19.366081,0.702111
19.387659,-0.81856,19.387659,0.6925789999999999
19.409238,-0.813658,19.409238,0.683111
19.430817,-0.808647,19.430817,0.673712
19.452395,-0.803529,19.452395,0.664386
19.473974,-0.798305,19.473974,0.655138
19.495553,-0.792978,19.495553,0.645973
19.517132,-0.78755,19.517132,0.636895
19.53871,-0.782023,19.53871,0.627908
19.560289,-0.7764,19.560289,0.619017
19.581868,-0.770685,19.581868,0.610224
19.603446,-0.764882,19.603446,0.601535
19.625025,-0.758993,19.625025,0.592952
19.646604,-0.753023,19.646604,0.584479
19.668182,-0.746976,19.668182,0.576117
19.689761,-0.740856,19.689761,0.567871
19.71134,-0.734667,19.71134,0.559742
19.732918,-0.728415,19.732918,0.551732
19.754497,-0.7221030000000001,19.754497,0.543842
19.776076,-0.715736,19.776076,0.536075
19.797654,-0.709319,19.797654,0.52843
19.819233,-0.702857,19.819233,0.520909
19.840812,-0.696354,19.840812,0.513512
19.86239,-0.689815,19.86239,0.506239
19.883969,-0.683244,19.883969,0.49909
19.905548,-0.676646,19.905548,0.492063
19.927127,-0.670026,19.927127,0.485158
19.948705,-0.663386,19.948705,0.478374
19.970284,-0.656732,19.970284,0.471711
19.991863,-0.650067,19.991863,0.465165
20.013441,-0.6433950000000001,20.013441,0.458735
20.03502,-0.63672,20.03502,0.45242
20.056599,-0.630044,20.056599,0.446216
20.078177,-0.623371,20.078177,0.440122
20.099756,-0.616704,20.099756,0.434135
20.121335,-0.6100449999999999,20.121335,0.428253
20.142913,-0.603396,20.142913,0.422473
20.164492,-0.596761,20.164492,0.416791
20.186071,-0.59014,20.186071,0.411206
20.207649,-0.583535,20.207649,0.405715
20.229228,-0.576948,20.229228,0.400314
20.250807,-0.570379,20.250807,0.395001
20.272386,-0.5638300000000001,20.272386,0.389773
20.293964,-0.557303,20.293964,0.384628
20.315543,-0.550796,20.315543,0.379563
20.337122,-0.544311,20.337122,0.374575
20.3587,-0.537848,20.3587,0.369663
20.380279,-0.531407,20.380279,0.364822
20.401858,-0.524988,20.401858,0.360053
20.423436,-0.518591,20.423436,0.355351
20.445015,-0.512215,20.445015,0.350716
20.466594,-0.50586,20.466594,0.346146
20.488172,-0.499526,20.488172,0.341638
20.509751,-0.493211,20.509751,0.337192
20.53133,-0.486916,20.53133,0.332806
20.552908,-0.48064,20.552908,0.328478
20.574487,-0.474381,20.574487,0.324209
20.596066,-0.468139,20.596066,0.319997
20.617644,-0.461914,20.617644,0.315841
20.639223,-0.455704,20.639223,0.31174
20.660802,-0.44951,20.660802,0.307695
20.682381,-0.44333,20.682381,0.303705
20.703959,-0.437164,20.703959,0.29977
20.725538,-0.431012,20.725538,0.295889
20.747117,-0.424873,20.747117,0.292063
20.768695,-0.418746,20.768695,0.288292
20.790274,-0.412632,20.790274,0.284576
20.811853,-0.40653,20.811853,0.280915
20.833431,-0.400441,20.833431,0.277309
20.85501,-0.394364,20.85501,0.27376
20.876589,-0.388299,20.876589,0.270267
20.898167,-0.382248,20.898167,0.26683
20.919746,-0.37621,20.919746,0.26345
20.941325,-0.370185,20.941325,0.260129
20.962903,-0.364175,20.962903,0.256865
20.984482,-0.358181,20.984482,0.253659
21.006061,-0.352202,21.006061,0.250511
21.02764,-0.346241,21.02764,0.247423
21.049218,-0.340297,21.049218,0.244393
21.070797,-0.334373,21.070797,0.241422
21.092376,-0.328468,21.092376,0.238509
21.113954,-0.322586,21.113954,0.235656
21.135533,-0.316726,21.135533,0.232861
21.157112,-0.31089,21.157112,0.230124
21.17869,-0.30508,21.17869,0.227445
21.200269,-0.299296,21.200269,0.224823
21.221848,-0.293541,21.221848,0.222258
21.243426,-0.287816,21.243426,0.219748
21.265005,-0.282121,21.265005,0.217293
21.286584,-0.276459,21.286584,0.214892
21.308162,-0.27083,21.308162,0.212543
21.329741,-0.265237,21.329741,0.210245
21.35132,-0.259679,21.35132,0.207997
21.372898,-0.254159,21.372898,0.205797
21.394477,-0.248676,21.394477,0.203644
21.416056,-0.243233,21.416056,0.201535
21.437635,-0.23783,21.437635,0.19947
21.459213,-0.232467,21.459213,0.197446
21.480792,-0.227145,21.480792,0.195461
21.502371,-0.221866,21.502371,0.193513
21.523949,-0.216628,21.523949,0.1916
21.545528,-0.211432,21.545528,0.18972
21.567107,-0.206279,21.567107,0.187872
21.588685,-0.201167,21.588685,0.186052
21.610264,-0.196098,21.610264,0.184259
21.631843,-0.19107,21.631843,0.18249
21.653421,-0.186084,21.653421,0.180744
21.675,-0.181137,21.675,0.179018
21.696579,-0.176231,21.696579,0.177311
21.718157,-0.171363,21.718157,0.175621
21.739736,-0.166533,21.739736,0.173946
21.761315,-0.161739,21.761315,0.172284
21.782893,-0.156981,21.782893,0.170633
21.804472,-0.152257,21.804472,0.168993
21.826051,-0.147565,21.826051,0.16736
21.84763,-0.142905,21.84763,0.165735
21.869208,-0.138273,21.869208,0.164116
21.890787,-0.13367,21.890787,0.162502
21.912366,-0.129093,21.912366,0.160892
21.933944,-0.12454,21.933944,0.159286
21.955523,-0.12001,21.955523,0.157682
21.977102,-0.1155,21.977102,0.15608
21.99868,-0.111009,21.99868,0.15448
22.020259,-0.106536,22.020259,0.152881
22.041838,-0.102078,22.041838,0.151284
22.063416,-0.097633,22.063416,0.149688
22.084995,-0.09320000000000001,22.084995,0.148094
22.106574,-0.08877699999999999,22.106574,0.146503
22.128152,-0.08436299999999999,22.128152,0.144914
22.149731,-0.079956,22.149731,0.143327
22.17131,-0.075554,22.17131,0.141745
22.192889,-0.071156,22.192889,0.140167
22.214467,-0.066761,22.214467,0.138594
22.236046,-0.062367,22.236046,0.137028
22.257625,-0.057973,22.257625,0.135469
22.279203,-0.053578,22.279203,0.133919
22.300782,-0.049181,22.300782,0.132378
22.322361,-0.044782,22.322361,0.130848
22.343939,-0.040379,22.343939,0.129331
22.365518,-0.035972,22.365518,0.127827
22.387097,-0.03156,22.387097,0.126339
22.408675,-0.027143,22.408675,0.124866
22.430254,-0.02272,22.430254,0.123412
22.451833,-0.018292,22.451833,0.121977
22.473411,-0.013858,22.473411,0.120563
22.49499,-0.009419,22.49499,0.119171
22.516569,-0.004973,22.516569,0.117802
22.538147,-0.000523,22.538147,0.116458
22.559726,0.003933,22.559726,0.115141
22.581305,0.008392999999999999,22.581305,0.113851
22.602884,0.012857,22.602884,0.112591
22.624462,0.017324,22.624462,0.111361
22.646041,0.021794,22.646041,0.110162
22.66762,0.026266,22.66762,0.108995
22.689198,0.030738,22.689198,0.107863
22.710777,0.035211,22.710777,0.106765
22.732356,0.039681,22.732356,0.105702
22.753934,0.04415,22.753934,0.104676
22.775513,0.048614,22.775513,0.103687
22.797092,0.053074,22.797092,0.102735
22.81867,0.057527,22.81867,0.101822
22.840249,0.061972,22.840249,0.100948
22.861828,0.06640799999999999,22.861828,0.100113
22.883406,0.07083399999999999,22.883406,0.099317
22.904985,0.07524699999999999,22.904985,0.09855999999999999
22.926564,0.07964599999999999,22.926564,0.097843
22.948142,0.08402900000000001,22.948142,0.097166
22.969721,0.088396,22.969721,0.096527
22.9913,0.09274399999999999,22.9913,0.095927
23.012879,0.09707300000000001,23.012879,0.09536500000000001
23.034457,0.101379,23.034457,0.09484099999999999
23.056036,0.105662,23.056036,0.09435499999999999
23.077615,0.109921,23.077615,0.093903
23.099193,0.114153,23.099193,0.093488
23.120772,0.118358,23.120772,0.09310599999999999
23.142351,0.122534,23.142351,0.09275600000000001
23.163929,0.12668,23.163929,0.09243800000000001
23.185508,0.130795,23.185508,0.09215
23.207087,0.134877,23.207087,0.091891
23.228665,0.138926,23.228665,0.091658
23.250244,0.142941,23.250244,0.09145
23.271823,0.14692,23.271823,0.091265
23.293401,0.150864,23.293401,0.091101
23.31498,0.154771,23.31498,0.090956
23.336559,0.158642,23.336559,0.09082899999999999
23.358138,0.162476,23.358138,0.090716
23.379716,0.166273,23.379716,0.090615
23.401295,0.170033,23.401295,0.090526
23.422874,0.173756,23.422874,0.090444
23.444452,0.177443,23.444452,0.090368
23.466031,0.181094,23.466031,0.090295
23.48761,0.184709,23.48761,0.090224
23.509188,0.188291,23.509188,0.090153
23.530767,0.191839,23.530767,0.09007800000000001
23.552346,0.195355,23.552346,0.08999699999999999
23.573924,0.19884,23.573924,0.089909
23.595503,0.202297,23.595503,0.089812
23.617082,0.205726,23.617082,0.089702
23.63866,0.209129,23.63866,0.08958000000000001
23.660239,0.212509,23.660239,0.08944199999999999
23.681818,0.215867,23.681818,0.08928700000000001
23.703396,0.219206,23.703396,0.089115
23.724975,0.222529,23.724975,0.088922
23.746554,0.225837,23.746554,0.088709
23.768133,0.229134,23.768133,0.088474
23.789711,0.232423,23.789711,0.088216
23.81129,0.235705,23.81129,0.087935
23.832869,0.238984,23.832869,0.08763
23.854447,0.242263,23.854447,0.087301
23.876026,0.245546,23.876026,0.086947
23.897605,0.248834,23.897605,0.08656899999999999
23.919183,0.252131,23.919183,0.08616799999999999
23.940762,0.255441,23.940762,0.085743
23.962341,0.258766,23.962341,0.085295
23.983919,0.262109,23.983919,0.084827
24.005498,0.265474,24.005498,0.084337
24.027077,0.268863,24.027077,0.083829
24.048655,0.27228,24.048655,0.083303
24.070234,0.275727,24.070234,0.082762
24.091813,0.279206,24.091813,0.082207
24.113392,0.282722,24.113392,0.08164100000000001
24.13497,0.286275,24.13497,0.081066
24.156549,0.28987,24.156549,0.080484
24.178128,0.293507,24.178128,0.079899
24.199706,0.297189,24.199706,0.07931199999999999
24.221285,0.300918,24.221285,0.07872800000000001
24.242864,0.304696,24.242864,0.07815
24.264442,0.308525,24.264442,0.07758
24.286021,0.312406,24.286021,0.07702199999999999
24.3076,0.31634,24.3076,0.07647900000000001
24.329178,0.320329,24.329178,0.075956
24.350757,0.324374,24.350757,0.075457
24.372336,0.328475,24.372336,0.074984
24.393914,0.332633,24.393914,0.074542
24.415493,0.336849,24.415493,0.07413500000000001
24.437072,0.341122,24.437072,0.073767
24.45865,0.345453,24.45865,0.07344100000000001
24.480229,0.349841,24.480229,0.07316300000000001
24.501808,0.354285,24.501808,0.072937
24.523387,0.358786,24.523387,0.072765
24.544965,0.363342,24.544965,0.072653
24.566544,0.367952,24.566544,0.072605
24.588123,0.372615,24.588123,0.072625
24.609701,0.377329,24.609701,0.072717
24.63128,0.382093,24.63128,0.07288500000000001
24.652859,0.386905,24.652859,0.073133
24.674437,0.391762,24.674437,0.073465
24.696016,0.396662,24.696016,0.07388599999999999
24.717595,0.401602,24.717595,0.07439900000000001
24.739173,0.40658,24.739173,0.075007
24.760752,0.411592,24.760752,0.075715
24.782331,0.416635,24.782331,0.076527
24.803909,0.421706,24.803909,0.077445
24.825488,0.426802,24.825488,0.078473
24.847067,0.431917,24.847067,0.079614
24.868645,0.437048,24.868645,0.080872
24.890224,0.44219,24.890224,0.082249
24.911803,0.44734,24.911803,0.083749
24.933382,0.452491,24.933382,0.085373
24.95496,0.45764,24.95496,0.08712399999999999
24.976539,0.46278,24.976539,0.089004
24.998118,0.467908,24.998118,0.091015
25.019696,0.473016,25.019696,0.093158
25.041275,0.478099,25.041275,0.09543600000000001
25.062854,0.483152,25.062854,0.097848
25.084432,0.488168,25.084432,0.100396
25.106011,0.493142,25.106011,0.103079
25.12759,0.498066,25.12759,0.105898
25.149168,0.502936,25.149168,0.108853
25.170747,0.507744,25.170747,0.111943
25.192326,0.5124840000000001,25.192326,0.115166
25.213904,0.51715,25.213904,0.118522
25.235483,0.5217349999999999,25.235483,0.122007
25.257062,0.526233,25.257062,0.125621
25.278641,0.5306380000000001,25.278641,0.12936
25.300219,0.5349429999999999,25.300219,0.133221
25.321798,0.539143,25.321798,0.1372
25.343377,0.543231,25.343377,0.141293
25.364955,0.547203,25.364955,0.145497
25.386534,0.551052,25.386534,0.149806
25.408113,0.554774,25.408113,0.154215
25.429691,0.5583630000000001,25.429691,0.158718
25.45127,0.561815,25.45127,0.16331
25.472849,0.565126,25.472849,0.167984
25.494427,0.568292,25.494427,0.172733
25.516006,0.57131,25.516006,0.177551
25.537585,0.574178,25.537585,0.18243
25.559163,0.576891,25.559163,0.187364
25.580742,0.57945,25.580742,0.192344
25.602321,0.581851,25.602321,0.197364
25.623899,0.584095,25.623899,0.202415
25.645478,0.586181,25.645478,0.20749
25.667057,0.588108,25.667057,0.21258
25.688636,0.589879,25.688636,0.217678
25.710214,0.591494,25.710214,0.222776
25.731793,0.592956,25.731793,0.227866
25.753372,0.594266,25.753372,0.232942
25.77495,0.595427,25.77495,0.237995
25.796529,0.5964429999999999,25.796529,0.24302
25.818108,0.597318,25.818108,0.248009
25.839686,0.5980569999999999,25.839686,0.252956
25.861265,0.598664,25.861265,0.257856
25.882844,0.599144,25.882844,0.262702
25.904422,0.599504,25.904422,0.267491
25.926001,0.599749,25.926001,0.272218
25.94758,0.599886,25.94758,0.276879
25.969158,0.599921,25.969158,0.281472
25.990737,0.5998599999999999,25.990737,0.285992
26.012316,0.599712,26.012316,0.290439
26.033894,0.599482,26.033894,0.294812
26.055473,0.599177,26.055473,0.299109
26.077052,0.5988059999999999,26.077052,0.30333
26.098631,0.598374,26.098631,0.307477
26.120209,0.597888,26.120209,0.311551
26.141788,0.597355,26.141788,0.315553
26.163367,0.596781,26.163367,0.319486
26.184945,0.596173,26.184945,0.323354
26.206524,0.595536,26.206524,0.327161
26.228103,0.594874,26.228103,0.33091
26.249681,0.594194,26.249681,0.334606
26.27126,0.593499,26.27126,0.338256
26.292839,0.592793,26.292839,0.341864
26.314417,0.592079,26.314417,0.345437
26.335996,0.59136,26.335996,0.348981
26.357575,0.590638,26.357575,0.352504
26.379153,0.589914,26.379153,0.356012
26.400732,0.589188,26.400732,0.359512
26.422311,0.588461,26.422311,0.363012
26.44389,0.587732,26.44389,0.366519
26.465468,0.586998,26.465468,0.37004
26.487047,0.5862579999999999,26.487047,0.373582
26.508626,0.5855089999999999,26.508626,0.377154
26.530204,0.584747,26.530204,0.380761
26.551783,0.583967,26.551783,0.38441
26.573362,0.583165,26.573362,0.388107
26.59494,0.582335,26.59494,0.391859
26.616519,0.581469,26.616519,0.39567
26.638098,0.580562,26.638098,0.399546
26.659676,0.579606,26.659676,0.403491
26.681255,0.578593,26.681255,0.40751
26.702834,0.5775130000000001,26.702834,0.411604
26.724412,0.576359,26.724412,0.415778
26.745991,0.57512,26.745991,0.420031
26.76757,0.573788,26.76757,0.424366
26.789148,0.572352,26.789148,0.428783
26.810727,0.570801,26.810727,0.433281
26.832306,0.569127,26.832306,0.437859
26.853885,0.567317,26.853885,0.442515
26.875463,0.565362,26.875463,0.447245
26.897042,0.5632509999999999,26.897042,0.452045
26.918621,0.5609730000000001,26.918621,0.456912
26.940199,0.558519,26.940199,0.461838
26.961778,0.555879,26.961778,0.466818
26.983357,0.553041,26.983357,0.471844
27.004935,0.549997,27.004935,0.476907
27.026514,0.5467379999999999,27.026514,0.482
27.048093,0.543255,27.048093,0.48711
27.069671,0.539539,27.069671,0.492229
27.09125,0.5355839999999999,27.09125,0.497343
27.112829,0.531381,27.112829,0.5024420000000001
27.134407,0.5269239999999999,27.134407,0.507511
27.155986,0.522208,27.155986,0.512537
27.177565,0.517228,27.177565,0.5175070000000001
27.199144,0.511979,27.199144,0.522403
27.220722,0.506458,27.220722,0.527212
27.242301,0.500664,27.242301,0.531918
27.26388,0.494594,27.26388,0.536502
27.285458,0.488248,27.285458,0.54095
27.307037,0.481626,27.307037,0.545243
27.328616,0.474731,27.328616,0.549364
27.350194,0.467566,27.350194,0.553295
27.371773,0.460133,27.371773,0.557019
27.393352,0.452439,27.393352,0.560517
27.41493,0.44449,27.41493,0.5637720000000001
27.436509,0.436293,27.436509,0.566765
27.458088,0.427856,27.458088,0.569481
27.479666,0.419191,27.479666,0.5719
27.501245,0.410308,27.501245,0.574006
27.522824,0.40122,27.522824,0.575783
27.544402,0.391939,27.544402,0.577215
27.565981,0.382482,27.565981,0.578286
27.58756,0.372863,27.58756,0.578982
27.609139,0.3631,27.609139,0.57929
27.630717,0.353211,27.630717,0.579196
27.652296,0.343215,27.652296,0.57869
27.673875,0.333132,27.673875,0.577759
27.695453,0.322983,27.695453,0.576395
27.717032,0.31279,27.717032,0.57459
27.738611,0.302575,27.738611,0.572337
27.760189,0.292362,27.760189,0.569631
27.781768,0.282175,27.781768,0.5664670000000001
27.803347,0.272036,27.803347,0.562844
27.824925,0.261972,27.824925,0.55876
27.846504,0.252006,27.846504,0.554217
27.868083,0.242164,27.868083,0.549218
27.889661,0.23247,27.889661,0.543766
27.91124,0.222949,27.91124,0.537867
27.932819,0.213626,27.932819,0.531529
27.954397,0.204523,27.954397,0.524762
27.975976,0.195666,27.975976,0.517577
27.997555,0.187076,27.997555,0.509985
28.019134,0.178776,28.019134,0.5020019999999999
28.040712,0.170787,28.040712,0.493642
28.062291,0.163129,28.062291,0.484925
28.08387,0.155821,28.08387,0.475867
28.105448,0.148881,28.105448,0.466489
28.127027,0.142326,28.127027,0.456812
28.148606,0.13617,28.148606,0.446858
28.170184,0.130427,28.170184,0.43665
28.191763,0.125109,28.191763,0.426212
28.213342,0.120227,28.213342,0.415568
28.23492,0.115789,28.23492,0.404745
28.256499,0.111803,28.256499,0.393768
28.278078,0.108274,28.278078,0.382662
28.299656,0.105205,28.299656,0.371455
28.321235,0.102599,28.321235,0.360172
28.342814,0.100455,28.342814,0.348839
28.364393,0.098773,28.364393,0.337483
28.385971,0.097548,28.385971,0.32613
28.40755,0.096777,28.40755,0.314803
28.429129,0.096452,28.429129,0.303529
28.450707,0.096567,28.450707,0.29233
28.472286,0.097112,28.472286,0.281229
28.493865,0.098075,28.493865,0.270249
28.515443,0.09944600000000001,28.515443,0.25941
28.537022,0.101211,28.537022,0.248732
28.558601,0.103356,28.558601,0.238234
28.580179,0.105867,28.580179,0.227934
28.601758,0.108726,28.601758,0.217847
28.623337,0.111919,28.623337,0.207988
28.644915,0.115426,28.644915,0.198371
28.666494,0.119232,28.666494,0.189008
28.688073,0.123317,28.688073,0.179909
28.709651,0.127662,28.709651,0.171084
28.73123,0.132251,28.73123,0.16254
28.752809,0.137062,28.752809,0.154284
28.774388,0.142079,28.774388,0.146322
28.795966,0.147282,28.795966,0.138656
28.817545,0.152653,28.817545,0.13129
28.839124,0.158174,28.839124,0.124225
28.860702,0.163827,28.860702,0.117461
28.882281,0.169594,28.882281,0.110997
28.90386,0.17546,28.90386,0.104831
28.925438,0.181408,28.925438,0.09896000000000001
28.947017,0.187421,28.947017,0.09338
28.968596,0.193486,28.968596,0.088087
28.990174,0.199588,28.990174,0.083075
29.011753,0.205714,29.011753,0.078338
29.033332,0.21185,29.033332,0.073869
29.05491,0.217986,29.05491,0.069661
29.076489,0.224108,29.076489,0.065706
29.098068,0.230208,29.098068,0.061997
29.119647,0.236276,29.119647,0.058524
29.141225,0.242302,29.141225,0.055279
29.162804,0.248279,29.162804,0.052253
29.184383,0.2542,29.184383,0.049436
29.205961,0.260057,29.205961,0.046821
29.22754,0.265845,29.22754,0.044397
29.249119,0.271558,29.249119,0.042155
29.270697,0.277193,29.270697,0.040087
29.292276,0.282746,29.292276,0.038184
29.313855,0.288212,29.313855,0.036436
29.335433,0.29359,29.335433,0.034835
29.357012,0.298877,29.357012,0.033373
29.378591,0.304072,29.378591,0.032042
29.400169,0.309173,29.400169,0.030833
29.421748,0.31418,29.421748,0.029739
29.443327,0.319091,29.443327,0.028753
29.464905,0.323908,29.464905,0.027867
29.486484,0.32863,29.486484,0.027075
29.508063,0.333258,29.508063,0.02637
29.529642,0.337793,29.529642,0.025747
29.55122,0.342236,29.55122,0.0252
29.572799,0.346588,29.572799,0.024722
29.594378,0.35085,29.594378,0.02431
29.615956,0.355024,29.615956,0.023958
29.637535,0.359112,29.637535,0.023661
29.659114,0.363116,29.659114,0.023415
29.680692,0.367036,29.680692,0.023216
29.702271,0.370876,29.702271,0.023061
29.72385,0.374638,29.72385,0.022946
29.745428,0.378322,29.745428,0.022868
29.767007,0.381931,29.767007,0.022823
29.788586,0.385468,29.788586,0.02281
29.810164,0.388933,29.810164,0.022825
29.831743,0.392329,29.831743,0.022865
29.853322,0.395659,29.853322,0.02293
29.8749,0.398923,29.8749,0.023016
29.896479,0.402123,29.896479,0.023121
29.918058,0.405262,29.918058,0.023244
29.939637,0.408342,29.939637,0.023384
29.961215,0.411363,29.961215,0.023537
29.982794,0.414327,29.982794,0.023704
30.004373,0.417237,30.004373,0.023883
30.025951,0.420093,30.025951,0.024073
30.04753,0.422898,30.04753,0.024271
30.069109,0.425652,30.069109,0.024477
30.090687,0.428357,30.090687,0.024691
30.112266,0.431015,30.112266,0.02491
30.133845,0.433627,30.133845,0.025134
30.155423,0.436194,30.155423,0.025362
30.177002,0.438718,30.177002,0.025594
30.198581,0.441199,30.198581,0.025828
30.220159,0.443639,30.220159,0.026063
30.241738,0.446039,30.241738,0.026299
30.263317,0.448401,30.263317,0.026535
30.284896,0.450725,30.284896,0.02677
30.306474,0.453013,30.306474,0.027004
30.328053,0.455266,30.328053,0.027236
30.349632,0.457485,30.349632,0.027465
30.37121,0.459672,30.37121,0.027691
30.392789,0.461827,30.392789,0.027913
30.414368,0.463951,30.414368,0.02813
30.435946,0.466046,30.435946,0.028343
30.457525,0.468112,30.457525,0.02855
30.479104,0.470152,30.479104,0.028751
30.500682,0.472166,30.500682,0.028946
30.522261,0.474155,30.522261,0.029135
30.54384,0.47612,30.54384,0.029316
30.565418,0.478063,30.565418,0.029491
30.586997,0.479985,30.586997,0.029658
30.608576,0.481886,30.608576,0.029818
30.630154,0.483768,30.630154,0.029971
30.651733,0.485633,30.651733,0.030116
30.673312,0.48748,30.673312,0.030253
30.694891,0.489312,30.694891,0.030382
30.716469,0.491128,30.716469,0.030504
30.738048,0.492931,30.738048,0.030619
30.759627,0.494721,30.759627,0.030726
30.781205,0.4965,30.781205,0.030827
30.802784,0.498267,30.802784,0.030921
30.824363,0.5000250000000001,30.824363,0.031008
30.845941,0.501773,30.845941,0.03109
30.86752,0.503514,30.86752,0.031165
30.889099,0.505246,30.889099,0.031236
30.910677,0.506973,30.910677,0.031302
30.932256,0.508693,30.932256,0.031363
30.953835,0.510408,30.953835,0.031421
30.975413,0.512118,30.975413,0.031476
30.996992,0.5138239999999999,30.996992,0.031528
31.018571,0.515526,31.018571,0.031578
31.040149,0.517226,31.040149,0.031626
31.061728,0.518922,31.061728,0.031674
31.083307,0.520617,31.083307,0.031722
31.104886,0.522309,31.104886,0.03177
31.126464,0.524,31.126464,0.031819
31.148043,0.525689,31.148043,0.03187
31.169622,0.527376,31.169622,0.031924
31.1912,0.5290629999999999,31.1912,0.03198
31.212779,0.530748,31.212779,0.03204
31.234358,0.532432,31.234358,0.032104
31.255936,0.534115,31.255936,0.032173
31.277515,0.535797,31.277515,0.032247
31.299094,0.537477,31.299094,0.032326
31.320672,0.539156,31.320672,0.032412
31.342251,0.540834,31.342251,0.032505
31.36383,0.54251,31.36383,0.032604
31.385408,0.544184,31.385408,0.032711
31.406987,0.545856,31.406987,0.032826
31.428566,0.547525,31.428566,0.032949
31.450145,0.549192,31.450145,0.03308
31.471723,0.550856,31.471723,0.03322
31.493302,0.552516,31.493302,0.033369
31.514881,0.5541740000000001,31.514881,0.033527
31.536459,0.555827,31.536459,0.033694
31.558038,0.557477,31.558038,0.03387
31.579617,0.559122,31.579617,0.034056
31.601195,0.560763,31.601195,0.034251
31.622774,0.562399,31.622774,0.034455
31.644353,0.5640309999999999,31.644353,0.034669
31.665931,0.565657,31.665931,0.034892
31.68751,0.5672779999999999,31.68751,0.035124
31.709089,0.568893,31.709089,0.035365
31.730667,0.570503,31.730667,0.035615
31.752246,0.572107,31.752246,0.035875
31.773825,0.573705,31.773825,0.036143
31.795403,0.5752969999999999,31.795403,0.03642
31.816982,0.576883,31.816982,0.036706
31.838561,0.578464,31.838561,0.037
31.86014,0.5800380000000001,31.86014,0.037302
31.881718,0.581607,31.881718,0.037613
31.903297,0.58317,31.903297,0.037932
31.924876,0.584727,31.924876,0.038259
31.946454,0.586279,31.946454,0.038594
31.968033,0.587825,31.968033,0.038937
31.989612,0.5893659999999999,31.989612,0.039289
32.01119,0.590901,32.01119,0.039648
32.032769,0.592432,32.032769,0.040016
32.054348,0.593958,32.054348,0.040392
32.075926,0.595479,32.075926,0.040776
32.097505,0.5969950000000001,32.097505,0.041169
32.119084,0.598507,32.119084,0.041571
32.140662,0.600015,32.140662,0.041981
32.162241,0.601519,32.162241,0.042401
32.18382,0.603019,32.18382,0.04283
32.205399,0.604515,32.205399,0.043269
32.226977,0.606007,32.226977,0.043719
32.248556,0.607496,32.248556,0.044179
32.270135,0.608981,32.270135,0.04465
32.291713,0.6104619999999999,32.291713,0.045132
32.313292,0.611939,32.313292,0.045627
32.334871,0.613412,32.334871,0.046134
32.356449,0.614882,32.356449,0.046654
32.378028,0.616347,32.378028,0.047187
32.399607,0.617807,32.399607,0.047734
32.421185,0.619263,32.421185,0.048296
32.442764,0.620714,32.442764,0.048873
32.464343,0.622159,32.464343,0.049465
32.485921,0.623598,32.485921,0.050074
32.5075,0.62503,32.5075,0.050699
32.529079,0.626456,32.529079,0.051341
32.550657,0.627874,32.550657,0.052
32.572236,0.629284,32.572236,0.052677
32.593815,0.630684,32.593815,0.053373
32.615394,0.6320750000000001,32.615394,0.054087
32.636972,0.633455,32.636972,0.05482
32.658551,0.6348240000000001,32.658551,0.055573
32.68013,0.63618,32.68013,0.056344
32.701708,0.637524,32.701708,0.057136
32.723287,0.638853,32.723287,0.057946
32.744866,0.640166,32.744866,0.058777
32.766444,0.641464,32.766444,0.059626
32.788023,0.642744,32.788023,0.060496
32.809602,0.644006,32.809602,0.061384
32.83118,0.645249,32.83118,0.062292
32.852759,0.646472,32.852759,0.063218
32.874338,0.6476730000000001,32.874338,0.064162
32.895916,0.648851,32.895916,0.065124
32.917495,0.650006,32.917495,0.06610199999999999
32.939074,0.651136,32.939074,0.067098
32.960652,0.652241,32.960652,0.068109
32.982231,0.653319,32.982231,0.069134
33.00381,0.65437,33.00381,0.070174
33.025389,0.655392,33.025389,0.071227
33.046967,0.656386,33.046967,0.07229099999999999
33.068546,0.657349,33.068546,0.073366
33.090125,0.658282,33.090125,0.074451
33.111703,0.659184,33.111703,0.075544
33.133282,0.660053,33.133282,0.076644
33.154861,0.66089,33.154861,0.07775
33.176439,0.661695,33.176439,0.07886
33.198018,0.662466,33.198018,0.079972
33.219597,0.663204,33.219597,0.08108600000000001
33.241175,0.6639080000000001,33.241175,0.0822
33.262754,0.664578,33.262754,0.083311
33.284333,0.665215,33.284333,0.08441899999999999
33.305911,0.665819,33.305911,0.085522
33.32749,0.666389,33.32749,0.086618
33.349069,0.666926,33.349069,0.08770600000000001
33.370648,0.667432,33.370648,0.088783
33.392226,0.667905,33.392226,0.08985
33.413805,0.668347,33.413805,0.090903
33.435384,0.668759,33.435384,0.09194099999999999
33.456962,0.669141,33.456962,0.092964
33.478541,0.669494,33.478541,0.093969
33.50012,0.669821,33.50012,0.094955
33.521698,0.670121,33.521698,0.09592100000000001
33.543277,0.670396,33.543277,0.09686599999999999
33.564856,0.670647,33.564856,0.097788
33.586434,0.6708769999999999,33.586434,0.098686
33.608013,0.671085,33.608013,0.099561
33.629592,0.671275,33.629592,0.10041
33.65117,0.671447,33.65117,0.101233
33.672749,0.671603,33.672749,0.102029
33.694328,0.671745,33.694328,0.102799
33.715906,0.671875,33.715906,0.103541
33.737485,0.671994,33.737485,0.104255
33.759064,0.672104,33.759064,0.104942
33.780643,0.672207,33.780643,0.105601
33.802221,0.672305,33.802221,0.106232
33.8238,0.6724,33.8238,0.106837
33.845379,0.672492,33.845379,0.107414
33.866957,0.672585,33.866957,0.107965
33.888536,0.672679,33.888536,0.108491
33.910115,0.672776,33.910115,0.108992
33.931693,0.6728769999999999,33.931693,0.109469
33.953272,0.6729850000000001,33.953272,0.109923
33.974851,0.6731,33.974851,0.110355
33.996429,0.673223,33.996429,0.110767
34.018008,0.673357,34.018008,0.111159
34.039587,0.673501,34.039587,0.111533
34.061165,0.673656,34.061165,0.111891
34.082744,0.673825,34.082744,0.112234
34.104323,0.674006,34.104323,0.112563
34.125901,0.6742010000000001,34.125901,0.11288
34.14748,0.674411,34.14748,0.113187
34.169059,0.674635,34.169059,0.113485
34.190638,0.674874,34.190638,0.113775
34.212216,0.675128,34.212216,0.11406
34.233795,0.675396,34.233795,0.11434
34.255374,0.6756799999999999,34.255374,0.114618
34.276952,0.675978,34.276952,0.114895
34.298531,0.6762899999999999,34.298531,0.115171
34.32011,0.676616,34.32011,0.11545
34.341688,0.676955,34.341688,0.115731
34.363267,0.677307,34.363267,0.116016
34.384846,0.677671,34.384846,0.116306
34.406424,0.678046,34.406424,0.116603
34.428003,0.678431,34.428003,0.116907
34.449582,0.678826,34.449582,0.11722
34.47116,0.679229,34.47116,0.117541
34.492739,0.67964,34.492739,0.117872
34.514318,0.6800580000000001,34.514318,0.118214
34.535897,0.680481,34.535897,0.118567
34.557475,0.68091,34.557475,0.118931
34.579054,0.681341,34.579054,0.119307
34.600633,0.681776,34.600633,0.119696
34.622211,0.682212,34.622211,0.120096
34.64379,0.682649,34.64379,0.12051
34.665369,0.683086,34.665369,0.120935
34.686947,0.683522,34.686947,0.121374
34.708526,0.683955,34.708526,0.121825
34.730105,0.684386,34.730105,0.122288
34.751683,0.684813,34.751683,0.122764
34.773262,0.685235,34.773262,0.123251
34.794841,0.685652,34.794841,0.123751
34.816419,0.686064,34.816419,0.124262
34.837998,0.686468,34.837998,0.124784
34.859577,0.686866,34.859577,0.125317
34.881155,0.6872549999999999,34.881155,0.12586
34.902734,0.687636,34.902734,0.126413
34.924313,0.688008,34.924313,0.126977
34.945892,0.688371,34.945892,0.127549
34.96747,0.688725,34.96747,0.12813
34.989049,0.689067,34.989049,0.12872
35.010628,0.6894,35.010628,0.129318
35.032206,0.689721,35.032206,0.129923
35.053785,0.690032,35.053785,0.130536
35.075364,0.69033,35.075364,0.131156
35.096942,0.690617,35.096942,0.131781
35.118521,0.690892,35.118521,0.132413
35.1401,0.691155,35.1401,0.13305
35.161678,0.691405,35.161678,0.133692
35.183257,0.691643,35.183257,0.134339
35.204836,0.691868,35.204836,0.13499
35.226414,0.69208,35.226414,0.135645
35.247993,0.69228,35.247993,0.136303
35.269572,0.692466,35.269572,0.136964
35.291151,0.692639,35.291151,0.137628
35.312729,0.6927990000000001,35.312729,0.138294
35.334308,0.692945,35.334308,0.138962
35.355887,0.693079,35.355887,0.139631
35.377465,0.693199,35.377465,0.140301
35.399044,0.693307,35.399044,0.140972
35.420623,0.693401,35.420623,0.141643
35.442201,0.693482,35.442201,0.142314
35.46378,0.69355,35.46378,0.142985
35.485359,0.693605,35.485359,0.143655
35.506937,0.693647,35.506937,0.144324
35.528516,0.693677,35.528516,0.144992
35.550095,0.693695,35.550095,0.145659
35.571673,0.6937,35.571673,0.146324
35.593252,0.693693,35.593252,0.146987
35.614831,0.693674,35.614831,0.147647
35.636409,0.693644,35.636409,0.148306
35.657988,0.6936020000000001,35.657988,0.148962
35.679567,0.693549,35.679567,0.149617
35.701146,0.693485,35.701146,0.150269
35.722724,0.6934090000000001,35.722724,0.150918
35.744303,0.693323,35.744303,0.151565
35.765882,0.693226,35.765882,0.152211
35.78746,0.693118,35.78746,0.152854
35.809039,0.692999,35.809039,0.153495
35.830618,0.692869,35.830618,0.154134
35.852196,0.692729,35.852196,0.154772
35.873775,0.692578,35.873775,0.155408
35.895354,0.692416,35.895354,0.156042
35.916932,0.6922430000000001,35.916932,0.156676
35.938511,0.692058,35.938511,0.157308
35.96009,0.6918609999999999,35.96009,0.157939
35.981668,0.691653,35.981668,0.15857
36.003247,0.691432,36.003247,0.159199
36.024826,0.691198,36.024826,0.159828
36.046404,0.690951,36.046404,0.160456
36.067983,0.69069,36.067983,0.161082
36.089562,0.690415,36.089562,0.161708
36.111141,0.690125,36.111141,0.162332
36.132719,0.68982,36.132719,0.162955
36.154298,0.6895,36.154298,0.163576
36.175877,0.689163,36.175877,0.164194
36.197455,0.688809,36.197455,0.164809
36.219034,0.688437,36.219034,0.165421
36.240613,0.688048,36.240613,0.166029
36.262191,0.6876409999999999,36.262191,0.166632
36.28377,0.687215,36.28377,0.167229
36.305349,0.68677,36.305349,0.167819
36.326927,0.686306,36.326927,0.168402
36.348506,0.685822,36.348506,0.168977
36.370085,0.685319,36.370085,0.169542
36.391663,0.684797,36.391663,0.170096
36.413242,0.684256,36.413242,0.170638
36.434821,0.6836950000000001,36.434821,0.171168
36.4564,0.683115,36.4564,0.171684
36.477978,0.682518,36.477978,0.172185
36.499557,0.681902,36.499557,0.17267
36.521136,0.681269,36.521136,0.173138
36.542714,0.680619,36.542714,0.173587
36.564293,0.6799539999999999,36.564293,0.174018
36.585872,0.679274,36.585872,0.174429
36.60745,0.678579,36.60745,0.174819
36.629029,0.677872,36.629029,0.175188
36.650608,0.677153,36.650608,0.175535
36.672186,0.676424,36.672186,0.17586
36.693765,0.675685,36.693765,0.176162
36.715344,0.674937,36.715344,0.176441
36.736922,0.674183,36.736922,0.176698
36.758501,0.673422,36.758501,0.176931
36.78008,0.6726569999999999,36.78008,0.177141
36.801658,0.671889,36.801658,0.177329
36.823237,0.671117,36.823237,0.177494
36.844816,0.670345,36.844816,0.177637
36.866395,0.6695719999999999,36.866395,0.17776
36.887973,0.6688,36.887973,0.177861
36.909552,0.668029,36.909552,0.177943
36.931131,0.66726,36.931131,0.178006
36.952709,0.666494,36.952709,0.178051
36.974288,0.665732,36.974288,0.178079
36.995867,0.664972,36.995867,0.178091
37.017445,0.6642169999999999,37.017445,0.178087
37.039024,0.663466,37.039024,0.17807
37.060603,0.662718,37.060603,0.178039
37.082181,0.661974,37.082181,0.177996
37.10376,0.661234,37.10376,0.177942
37.125339,0.660498,37.125339,0.177877
37.146917,0.659764,37.146917,0.177803
37.168496,0.659032,37.168496,0.177719
37.190075,0.6583020000000001,37.190075,0.177627
37.211653,0.657573,37.211653,0.177527
37.233232,0.656844,37.233232,0.17742
37.254811,0.656114,37.254811,0.177305
37.27639,0.655383,37.27639,0.177182
37.297968,0.654649,37.297968,0.177052
37.319547,0.653912,37.319547,0.176915
37.341126,0.6531709999999999,37.341126,0.176769
37.362704,0.652425,37.362704,0.176616
37.384283,0.6516729999999999,37.384283,0.176453
37.405862,0.650915,37.405862,0.17628
37.42744,0.650149,37.42744,0.176096
37.449019,0.649376,37.449019,0.175901
37.470598,0.648595,37.470598,0.175693
37.492176,0.647806,37.492176,0.175471
37.513755,0.647008,37.513755,0.175234
37.535334,0.646201,37.535334,0.174979
37.556912,0.645387,37.556912,0.174707
37.578491,0.644564,37.578491,0.174415
37.60007,0.643734,37.60007,0.174102
37.621649,0.6428970000000001,37.621649,0.173767
37.643227,0.642053,37.643227,0.173407
37.664806,0.641205,37.664806,0.173023
37.686385,0.640353,37.686385,0.172612
37.707963,0.639498,37.707963,0.172174
37.729542,0.638641,37.729542,0.171706
37.751121,0.637785,37.751121,0.171209
37.772699,0.636931,37.772699,0.170681
37.794278,0.636081,37.794278,0.170122
37.815857,0.635236,37.815857,0.169531
37.837435,0.6344,37.837435,0.168908
37.859014,0.6335730000000001,37.859014,0.168252
37.880593,0.632758,37.880593,0.167564
37.902171,0.631957,37.902171,0.166844
37.92375,0.631173,37.92375,0.166092
37.945329,0.630408,37.945329,0.165309
37.966907,0.629663,37.966907,0.164496
37.988486,0.6289400000000001,37.988486,0.163654
38.010065,0.628243,38.010065,0.162784
38.031644,0.627572,38.031644,0.161889
38.053222,0.62693,38.053222,0.160968
38.074801,0.626318,38.074801,0.160025
38.09638,0.625738,38.09638,0.159061
38.117958,0.6251910000000001,38.117958,0.158079
38.139537,0.624677,38.139537,0.157081
38.161116,0.6242,38.161116,0.156069
38.182694,0.623758,38.182694,0.155046
38.204273,0.623352,38.204273,0.154015
38.225852,0.622984,38.225852,0.152978
38.24743,0.622652,38.24743,0.151937
38.269009,0.622357,38.269009,0.150897
38.290588,0.622098,38.290588,0.149859
38.312166,0.621876,38.312166,0.148826
38.333745,0.621688,38.333745,0.147801
38.355324,0.621534,38.355324,0.146786
38.376903,0.621412,38.376903,0.145783
38.398481,0.621322,38.398481,0.144796
38.42006,0.621261,38.42006,0.143826
38.441639,0.621228,38.441639,0.142875
38.463217,0.62122,38.463217,0.141945
38.484796,0.621235,38.484796,0.141037
38.506375,0.621271,38.506375,0.140153
38.527953,0.621326,38.527953,0.139295
38.549532,0.621397,38.549532,0.138462
38.571111,0.621482,38.571111,0.137655
38.592689,0.621578,38.592689,0.136876
38.614268,0.621682,38.614268,0.136123
38.635847,0.621792,38.635847,0.135398
38.657425,0.621906,38.657425,0.1347
38.679004,0.62202,38.679004,0.134027
38.700583,0.622133,38.700583,0.13338
38.722161,0.622243,38.722161,0.132758
38.74374,0.622346,38.74374,0.132158
38.765319,0.6224420000000001,38.765319,0.13158
38.786898,0.622529,38.786898,0.131023
38.808476,0.622604,38.808476,0.130483
38.830055,0.6226660000000001,38.830055,0.12996
38.851634,0.622715,38.851634,0.129452
38.873212,0.622748,38.873212,0.128955
38.894791,0.622766,38.894791,0.128469
38.91637,0.622768,38.91637,0.127991
38.937948,0.622753,38.937948,0.127519
38.959527,0.622722,38.959527,0.127051
38.981106,0.6226739999999999,38.981106,0.126584
39.002684,0.622609,39.002684,0.126116
39.024263,0.622529,39.024263,0.125646
39.045842,0.622434,39.045842,0.125171
39.06742,0.622326,39.06742,0.12469
39.088999,0.622204,39.088999,0.124202
39.110578,0.62207,39.110578,0.123704
39.132156,0.621927,39.132156,0.123195
39.153735,0.621774,39.153735,0.122675
39.175314,0.621614,39.175314,0.122142
39.196893,0.621448,39.196893,0.121597
39.218471,0.621279,39.218471,0.121037
39.24005,0.621107,39.24005,0.120464
39.261629,0.620934,39.261629,0.119878
39.283207,0.620762,39.283207,0.119278
39.304786,0.620593,39.304786,0.118664
39.326365,0.620427,39.326365,0.118039
39.347943,0.620267,39.347943,0.117401
39.369522,0.620113,39.369522,0.116753
39.391101,0.619967,39.391101,0.116096
39.412679,0.619829,39.412679,0.115431
39.434258,0.6197,39.434258,0.114758
39.455837,0.619582,39.455837,0.114081
39.477415,0.6194730000000001,39.477415,0.1134
39.498994,0.619375,39.498994,0.112716
39.520573,0.619286,39.520573,0.112032
39.542152,0.619208,39.542152,0.11135
39.56373,0.619139,39.56373,0.11067
39.585309,0.619079,39.585309,0.109994
39.606888,0.619026,39.606888,0.109325
39.628466,0.61898,39.628466,0.108662
39.650045,0.61894,39.650045,0.108008
39.671624,0.618903,39.671624,0.107363
39.693202,0.618869,39.693202,0.106728
39.714781,0.618835,39.714781,0.106103
39.73636,0.618799,39.73636,0.105491
39.757938,0.618761,39.757938,0.104889
39.779517,0.618717,39.779517,0.104299
39.801096,0.618666,39.801096,0.10372
39.822674,0.618605,39.822674,0.103152
39.844253,0.618533,39.844253,0.102594
39.865832,0.618448,39.865832,0.102044
39.88741,0.618347,39.88741,0.101502
39.908989,0.618229,39.908989,0.100966
39.930568,0.618093,39.930568,0.100434
39.952147,0.617936,39.952147,0.09990499999999999
39.973725,0.617758,39.973725,0.099375
39.995304,0.617556,39.995304,0.098843
40.016883,0.617331,40.016883,0.098305
40.038461,0.617082,40.038461,0.097761
40.06004,0.616808,40.06004,0.097205
40.081619,0.6165079999999999,40.081619,0.096636
40.103197,0.616184,40.103197,0.09605
40.124776,0.615835,40.124776,0.095445
40.146355,0.615462,40.146355,0.094817
40.167933,0.615066,40.167933,0.094163
40.189512,0.614648,40.189512,0.09348099999999999
40.211091,0.61421,40.211091,0.092767
40.232669,0.6137550000000001,40.232669,0.092018
40.254248,0.613282,40.254248,0.09123199999999999
40.275827,0.612796,40.275827,0.090407
40.297405,0.612299,40.297405,0.08953899999999999
40.318984,0.6117939999999999,40.318984,0.088628
40.340563,0.611283,40.340563,0.08767
40.362142,0.61077,40.362142,0.08666500000000001
40.38372,0.610259,40.38372,0.08561100000000001
40.405299,0.609753,40.405299,0.084506
40.426878,0.609255,40.426878,0.083352
40.448456,0.60877,40.448456,0.082146
40.470035,0.6083,40.470035,0.080889
40.491614,0.607851,40.491614,0.079581
40.513192,0.607426,40.513192,0.078223
40.534771,0.607028,40.534771,0.076816
40.55635,0.606661,40.55635,0.07536
40.577928,0.60633,40.577928,0.07385799999999999
40.599507,0.606037,40.599507,0.072311
40.621086,0.605785,40.621086,0.07072199999999999
40.642664,0.605579,40.642664,0.069093
40.664243,0.60542,40.664243,0.067426
40.685822,0.605313,40.685822,0.06572500000000001
40.707401,0.605259,40.707401,0.06399299999999999
40.728979,0.60526,40.728979,0.062233
40.750558,0.6053190000000001,40.750558,0.060449
40.772137,0.605437,40.772137,0.058645
40.793715,0.605616,40.793715,0.056823
40.815294,0.605857,40.815294,0.05499
40.836873,0.6061609999999999,40.836873,0.053147
40.858451,0.606528,40.858451,0.0513
40.88003,0.606958,40.88003,0.049452
40.901609,0.607452,40.901609,0.047607
40.923187,0.608009,40.923187,0.04577
40.944766,0.6086279999999999,40.944766,0.043944
40.966345,0.609309,40.966345,0.042133
40.987923,0.610049,40.987923,0.04034
41.009502,0.610849,41.009502,0.03857
41.031081,0.611706,41.031081,0.036826
41.052659,0.612618,41.052659,0.03511
41.074238,0.613583,41.074238,0.033427
41.095817,0.614598,41.095817,0.031778
41.117396,0.615662,41.117396,0.030167
41.138974,0.616771,41.138974,0.028595
41.160553,0.617924,41.160553,0.027065
41.182132,0.619116,41.182132,0.025579
41.20371,0.620345,41.20371,0.024138
41.225289,0.621609,41.225289,0.022745
41.246868,0.622904,41.246868,0.021399
41.268446,0.624227,41.268446,0.020102
41.290025,0.625574,41.290025,0.018856
41.311604,0.6269439999999999,41.311604,0.017659
41.333182,0.628333,41.333182,0.016513
41.354761,0.629738,41.354761,0.015417
41.37634,0.6311560000000001,41.37634,0.014371
41.397918,0.632585,41.397918,0.013376
41.419497,0.6340209999999999,41.419497,0.012429
41.441076,0.635463,41.441076,0.011532
41.462655,0.636907,41.462655,0.010682
41.484233,0.638351,41.484233,0.009879000000000001
41.505812,0.639794,41.505812,0.009122
41.527391,0.6412330000000001,41.527391,0.008410000000000001
41.548969,0.642666,41.548969,0.00774
41.570548,0.644091,41.570548,0.007113
41.592127,0.6455070000000001,41.592127,0.006525
41.613705,0.646912,41.613705,0.005977
41.635284,0.648305,41.635284,0.005465
41.656863,0.649684,41.656863,0.00499
41.678441,0.651049,41.678441,0.004548
41.70002,0.652398,41.70002,0.004138
41.721599,0.65373,41.721599,0.00376
41.743177,0.655045,41.743177,0.00341
41.764756,0.656342,41.764756,0.003088
41.786335,0.657621,41.786335,0.002791
41.807913,0.658881,41.807913,0.002519
41.829492,0.660122,41.829492,0.002269
41.851071,0.661344,41.851071,0.002041
41.87265,0.662546,41.87265,0.001833
41.894228,0.663729,41.894228,0.001643
41.915807,0.664892,41.915807,0.00147
41.937386,0.666037,41.937386,0.001313
41.958964,0.667162,41.958964,0.001171
41.980543,0.668268,41.980543,0.001043
42.002122,0.669355,42.002122,0.000927
42.0237,0.670424,42.0237,0.0008229999999999999
42.045279,0.671474,42.045279,0.000729
42.066858,0.672507,42.066858,0.000644
42.088436,0.673523,42.088436,0.000569
42.110015,0.674522,42.110015,0.000501
42.131594,0.675504,42.131594,0.000441
42.153172,0.67647,42.153172,0.000387
42.174751,0.67742,42.174751,0.00034
42.19633,0.678355,42.19633,0.000297
42.217908,0.679275,42.217908,0.00026
42.239487,0.680181,42.239487,0.000226
42.261066,0.681073,42.261066,0.000197
42.282645,0.681952,42.282645,0.000171
42.304223,0.682817,42.304223,0.000149
42.325802,0.68367,42.325802,0.000129
42.347381,0.684511,42.347381,0.000111
42.368959,0.685339,42.368959,9.6e-05
42.390538,0.686157,42.390538,8.3e-05
42.412117,0.686963,42.412117,7.1e-05
42.433695,0.687759,42.433695,6.1e-05
42.455274,0.688544,42.455274,5.2e-05
42.476853,0.689319,42.476853,4.5e-05
42.498431,0.6900849999999999,42.498431,3.8e-05
42.52001,0.690841,42.52001,3.2e-05
42.541589,0.691588,42.541589,2.8e-05
42.563167,0.692327,42.563167,2.3e-05
42.584746,0.693057,42.584746,2e-05
42.606325,0.693779,42.606325,1.7e-05
42.627904,0.694493,42.627904,1.4e-05
42.649482,0.695199,42.649482,1.2e-05
42.671061,0.695898,42.671061,1e-05
42.69264,0.696589,42.69264,8e-06
42.714218,0.6972739999999999,42.714218,7e-06
42.735797,0.697951,42.735797,6e-06
42.757376,0.698622,42.757376,5e-06
42.778954,0.699287,42.778954,4e-06
42.800533,0.699945,42.800533,3e-06
42.822112,0.700597,42.822112,3e-06
42.84369,0.701244,42.84369,2e-06
42.865269,0.701884,42.865269,2e-06
42.886848,0.702519,42.886848,1e-06
42.908426,0.703148,42.908426,1e-06
42.930005,0.703772,42.930005,1e-06
42.951584,0.704391,42.951584,0
42.973162,0.705005,42.973162,0
42.994741,0.705613,42.994741,0
43.01632,0.706217,43.01632,0
43.037899,0.706816,43.037899,0
43.059477,0.70741,43.059477,0
43.081056,0.708,43.081056,0
43.102635,0.708586,43.102635,0
43.124213,0.709166,43.124213,0
43.145792,0.709743,43.145792,0
