0.01,93.29799653239129
0.035985,375.4288018528068
0.061971,694.6294513164478
0.08795600000000001,1044.240072379973
0.113941,1421.347672939065
0.139927,1823.956152712703
0.165912,2250.336093594397
0.191897,2698.884890929231
0.217882,3167.984509888099
0.243868,3655.984985045334
0.269853,4161.123456724976
0.295838,4681.602901782303
0.321824,5215.548333157543
0.347809,5760.959909619385
0.373794,6315.813358105361
0.39978,6878.022024615507
0.425765,7445.39234571372
0.45175,8015.739970295981
0.477736,8586.845126020862
0.503721,9156.416657460726
0.529706,9722.208302636269
0.555691,10281.96373031904
0.581677,10833.46397430341
0.607662,11374.47197591185
0.633647,11902.85445579531
0.659633,12416.54998342955
0.6856179999999999,12913.52227678748
0.711603,13391.89105148692
0.7375890000000001,13849.89629507191
0.763574,14285.85746281653
0.789559,14698.30064077017
0.815545,15085.92909032651
0.84153,15447.57552753142
0.867515,15782.33143401064
0.893501,16089.52402546081
0.919486,16368.65595608298
0.945471,16619.54170338175
0.971456,16842.24003977031
0.9974420000000001,17037.11161497302
1.023427,17204.73015019627
1.049412,17346.02166524861
1.075398,17462.18775569274
1.101383,17554.65297565581
1.127368,17625.15902713137
1.153354,17675.68833938751
1.179339,17708.40772693773
1.205324,17725.71536635047
1.23131,17730.18414511792
1.257295,17724.46507023424
1.28328,17711.33743271625
1.309265,17693.62342493421
1.335251,17674.15510554724
1.361236,17655.69964657063
1.387221,17640.99497684723
1.413207,17632.66125982341
1.439192,17633.15741045716
1.465177,17644.80180145044
1.491163,17669.73798005284
1.517148,17709.86514170743
1.543133,17766.89941036333
1.569119,17842.34563397665
1.595104,17937.45066912373
1.621089,18053.26114361945
1.647074,18190.61857859106
1.67306,18350.16399062871
1.699045,18532.30325620458
1.72503,18737.30398778369
1.751016,18965.27224660547
1.777001,19216.13887567046
1.802986,19489.71275722044
1.828972,19785.72034535129
1.854957,20103.74829517549
1.880942,20443.32655004915
1.906928,20803.93442317312
1.932913,21184.97368063439
1.958898,21585.85302357167
1.984884,22005.94199267568
2.010869,22444.59403306383
2.036854,22901.18947581603
2.062839,23375.11884987223
2.088825,23865.81329719261
2.11481,24372.69797825979
2.140795,24895.27253720876
2.166781,25433.07481237546
2.192766,25985.66284639904
2.218751,26552.66024589644
2.244737,27133.73662555287
2.270722,27728.58703327073
2.296707,28336.82583210801
2.322693,28958.55090512991
2.348678,29593.3662346904
2.374663,30241.01432045946
2.400648,30901.61420018777
2.426634,31574.92063611147
2.452619,32260.90150219462
2.478604,32959.35906583385
2.50459,33670.16851583568
2.530575,34393.27680060954
2.55656,35128.42559037251
2.582546,35875.55164815052
2.608531,36634.40090795565
2.634516,37404.73491127507
2.660502,38186.161267983
2.686487,38978.55237114861
2.712472,39781.54660449443
2.738457,40594.69091657473
2.764443,41417.57215895128
2.790428,42249.75903138272
2.816413,43090.75160919065
2.842399,43940.01751448124
2.868384,44797.00566255394
2.894369,45661.13857384777
2.920355,46531.94789289086
2.94634,47408.83899256922
2.972325,48291.28109632301
2.998311,49178.72678383218
3.024296,50070.6000828395
3.050281,50966.50047428934
3.076267,51865.90841587139
3.102252,52768.37965877003
3.128237,53673.63954808042
3.154222,54581.37038211508
3.180208,55491.32281195246
3.206193,56403.27679960431
3.232178,57317.12406975208
3.258164,58232.84166218661
3.284149,59150.40682774598
3.310134,60069.93601309004
3.33612,60991.57844241373
3.362105,61915.51588081425
3.38809,62842.03863404138
3.414076,63771.50873722173
3.440061,64704.24004537966
3.466046,65640.67494561184
3.492031,66581.24367535856
3.518017,67526.46128883716
3.544002,68476.76980560028
3.569987,69432.69386934188
3.595973,70394.74011353002
3.621958,71363.35389667925
3.647943,72339.01874259801
3.673929,73322.20649619498
3.699914,74313.27317487956
3.725899,75312.61689188541
3.751885,76320.54977252126
3.77787,77337.31151729374
3.803855,78363.10937675057
3.82984,79398.10296589296
3.855826,80442.35763997537
3.881811,81495.87294123112
3.907796,82558.62217572806
3.933782,83630.46466978083
3.959767,84711.22951759577
3.985752,85800.66795268703
4.011738,86898.51044540892
4.037723,88004.37696465524
4.063708,89117.90065161861
4.089694,90238.67443296176
4.115679,91366.22083527596
4.141664,92500.07567311819
4.16765,93639.7581768774
4.193635,94784.75560125716
4.21962,95934.58935065354
4.245605,97088.77301299764
4.271591,98246.88701021405
4.297576,99408.47816519231
4.323561,100573.1615516449
4.349547,101740.6749518765
4.375532,102910.6632310958
4.401517,104082.9205895859
4.427503,105257.337542454
4.453488,106433.7684002672
4.479473,107612.229499214
4.505459,108792.8173286282
4.531444,109975.6086240944
4.557429,111160.8730781232
4.583414,112348.8802395157
4.6094,113540.0450361414
4.635385,114734.7289922975
4.66137,115933.4912759781
4.687356,117136.9100377659
4.713341,118345.5391896277
4.739326,119560.0902543944
4.765312,120781.2664999563
4.791297,122009.7440161897
4.817282,123246.299384916
4.843268,124491.7102670798
4.869253,125746.6364866432
4.895238,127011.8519622469
4.921223,128288.0209617022
4.947209,129575.843616407
4.973194,130875.8654073747
4.999179,132188.6469778108
5.025165,133514.7004825883
5.05115,134854.3359263495
5.077135,136207.9067560909
5.103121,137575.6293552175
5.129106,138957.5713303631
5.155091,140353.7544060103
5.181077,141764.0788791243
5.207062,143188.2538856739
5.233047,144625.962654668
5.259033,146076.7661534742
5.285018,147539.9959664957
5.311003,149015.0261670803
5.336988,150500.9801170292
5.362974,151997.0238761876
5.388959,153502.0019800346
5.414944,155014.8299532078
5.44093,156534.3215203075
5.466915,158059.0649967869
5.4929,159587.6815471856
5.518886,161118.7570816124
5.544871,162650.6236671048
5.570856,164181.7502279619
5.596842,165710.5092877268
5.622827,167235.1068337165
5.648812,168753.8643944692
5.674797,170265.0420793293
5.700783,171766.8816436694
5.726768,173257.5547791517
5.752753,174735.3625329474
5.778739,176198.5263234676
5.804724,177645.29983993
5.830709,179073.9936263426
5.856695,180483.0162157755
5.88268,181870.6801369204
5.908665,183235.4558289724
5.934651,184575.9042801252
5.960636,185890.5463505143
5.986621,187178.059469799
6.012606,188437.1669948723
6.038592,189666.7749946775
6.064577,190865.7021640385
6.090562,192032.9934780471
6.116548,193167.7917131505
6.142533,194269.2723878026
6.168518,195336.7242943075
6.194504,196369.6362238955
6.220489,197367.4174342716
6.246474,198329.7459394356
6.27246,199256.3392439901
6.298445,200146.9551189775
6.32443,201001.4979167393
6.350415,201819.9624995269
6.376401,202602.4670207444
6.402386,203349.0774731164
6.428371,204060.0437688882
6.454357,204735.6609921604
6.480342,205376.2127717295
6.506327,205982.1050466369
6.532313,206553.8141685429
6.558298,207091.7442466263
6.584283,207596.3839021968
6.610269,208068.268509768
6.636254,208507.83206367
6.662239,208915.6391167008
6.688225,209292.1800013507
6.71421,209637.915943292
6.740195,209953.3264679982
6.76618,210238.8556699433
6.792166,210494.9293063492
6.818151,210721.8212764537
6.844136,210919.9650810655
6.870122,211089.6216167625
6.896107,211230.9740525355
6.922092,211344.2400728374
6.948078,211429.6092831811
6.974063,211487.1074720288
7.000048,211516.7822977717
7.026034,211518.6805100686
7.052019,211492.721505073
7.078004,211438.8236362877
7.103989,211356.9023014492
7.129975,211246.835158824
7.15596,211108.3956713417
7.181945,210941.3886180756
7.207931,210745.6924630157
7.233916,210521.0232222986
7.259901,210267.1370137546
7.285887,209983.8909792614
7.311872,209671.0335178079
7.337857,209328.4209243548
7.363843,208955.8764407071
7.389828,208553.240425305
7.415813,208120.4542096612
7.441798,207657.4124100165
7.467784,207164.1504641187
7.493769,206640.6641399332
7.519754,206087.0722141194
7.54574,205503.5272347769
7.571725,204890.1943576991
7.59771,204247.3458621869
7.623696,203575.4251153559
7.649681,202874.7531183636
7.675666,202145.8102214124
7.701652,201389.1949450318
7.727637,200605.5176960552
7.753622,199795.4559759752
7.779608,198959.8204934114
7.805593,198099.4131636631
7.831578,197215.1383899101
7.857563,196307.9869163431
7.883549,195378.9775752319
7.909534,194429.1931477144
7.935519,193459.8098453103
7.961505,192472.080878425
7.98749,191467.1582152709
8.013475,190446.4461586449
8.039460999999999,189411.2001879474
8.065446,188362.7753238816
8.091431,187302.6721554473
8.117417,186232.2641753946
8.143402,185152.9972689912
8.169387,184066.2961566092
8.195372000000001,182973.6033362013
8.221358,181876.4571677193
8.247343000000001,180776.2487655912
8.273327999999999,179674.4403813353
8.299314000000001,178572.4584358977
8.325298999999999,177471.7090761129
8.351284,176373.5099729299
8.377269999999999,175279.3166378357
8.403255,174190.3299126015
8.42924,173107.8641749858
8.455226,172033.1281833338
8.481211,170967.3010264064
8.507196,169911.5042662481
8.533181000000001,168866.8069531463
8.559167,167834.1439401612
8.585152000000001,166814.4822331474
8.611136999999999,165808.7189361343
8.637123000000001,164817.7261152315
8.663107999999999,163842.0821191912
8.689093,162882.5993517374
8.715078999999999,161939.8488058084
8.741064,161014.3035305121
8.767049,160106.3723851832
8.793035,159216.5665422831
8.81902,158344.9969059244
8.845005,157491.9246679579
8.870991,156657.5204332398
8.896976,155841.7575258803
8.922961000000001,155044.5785964648
8.948945999999999,154265.9280786114
8.974932000000001,153505.6121913599
9.000916999999999,152763.1885863369
9.026902,152038.3617652859
9.052887999999999,151330.7434175519
9.078873,150639.7791754797
9.104858,149964.7684334823
9.130844,149305.135614469
9.156829,148659.9960528142
9.182814,148028.6119828529
9.2088,147410.0909478765
9.234785,146803.4082120736
9.260770000000001,146207.6242947569
9.286754999999999,145621.7070505327
9.312741000000001,145044.5247314238
9.338725999999999,144474.9430951833
9.364711,143911.8420465601
9.390696999999999,143354.073391142
9.416682,142800.4149475749
9.442667,142249.7443242766
9.468653,141700.8420653494
9.494638,141152.6217245368
9.520623000000001,140603.9065986873
9.546609,140053.7098939528
9.572594,139500.950132815
9.598579000000001,138944.6219895904
9.624563999999999,138383.9129717934
9.650550000000001,137817.8927265387
9.676534999999999,137245.9309013529
9.70252,136667.3132203312
9.728505999999999,136081.5071125688
9.754491,135488.0321504264
9.780476,134886.6712252965
9.806462,134277.1055995854
9.832447,133659.2497350425
9.858432000000001,133033.2077851206
9.884418,132399.0622663937
9.910403000000001,131757.1017187407
9.936388000000001,131107.6861132781
9.962374000000001,130451.381661193
9.988359000000001,129788.8575153247
10.014344,129120.8379475435
10.040329,128448.1664803205
10.066315,127771.8326561371
10.0923,127092.9011808774
10.118285,126412.4087681633
10.144271,125731.6779117768
10.170256,125051.8973910004
10.196241,124374.4602463566
10.222227,123700.6544159058
10.248212,123031.8272174542
10.274197,122369.4542977554
10.300183,121714.9175257038
10.326168,121069.5912469775
10.352153,120434.8138487692
10.378138,119811.9505165185
10.404124,119202.3519649229
10.430109,118607.1438453026
10.456094,118027.5618146307
10.48208,117464.7880842475
10.508065,116919.8564300499
10.53405,116393.6827670766
10.560036,115887.2478845048
10.586021,115401.3599019556
10.612006,114936.7394298802
10.637992,114494.0200980632
10.663977,114073.9539349301
10.689962,113676.8975209825
10.715947,113303.4157526128
10.741933,112953.8145461428
10.767918,112628.4534042277
10.793903,112327.4824768553
10.819889,112051.2138768924
10.845874,111799.6892529139
10.871859,111573.1317453555
10.897845,111371.4521191727
10.92383,111194.7101725581
10.949815,111042.8616148252
10.975801,110915.8444701293
11.001786,110813.6086699445
11.027771,110735.8532118007
11.053757,110682.6789980285
11.079742,110653.7613619753
11.105727,110648.8833153827
11.131712,110667.9575069886
11.157698,110710.6921656301
11.183683,110776.8185942388
11.209668,110866.1220647301
11.235654,110978.2667366112
11.261639,111113.1177325003
11.287624,111270.1879956915
11.31361,111449.3678779041
11.339595,111650.2557990618
11.36558,111872.5667892642
11.391566,112115.9296856108
11.417551,112380.1205319883
11.443536,112664.743205159
11.469521,112969.5659800758
11.495507,113294.227862638
11.521492,113638.427077568
11.547477,114001.8669211416
11.573463,114384.2809791976
11.599448,114785.4384843605
11.625433,115205.110302894
11.651419,115643.0704063721
11.677404,116099.1553845422
11.703389,116573.1765134373
11.729375,117065.1218236933
11.75536,117574.7781546701
11.781345,118102.2488439663
11.80733,118647.4655439603
11.833316,119210.6187845282
11.859301,119791.6181175715
11.885286,120390.7762182208
11.911272,121008.2856035298
11.937257,121644.313821456
11.963242,122299.2201965227
11.989228,122973.3685871171
12.015213,123667.1688633425
12.041198,124380.925505017
12.067184,125115.1854452876
12.093169,125870.4624761315
12.119154,126647.2425860757
12.145139,127445.9945925645
12.171125,128267.3405662345
12.19711,129111.7763309128
12.223095,129979.9101243135
12.249081,130872.2619328054
12.275066,131789.344942521
12.301051,132731.6526259139
12.327037,133699.720921975
12.353022,134693.9214286819
12.379007,135714.6300784991
12.404993,136762.1659452005
12.430978,137836.8492616733
12.456963,138938.8967210903
12.482949,140068.3910060598
12.508934,141225.4482470894
12.534919,142410.0566395408
12.560904,143622.070392633
12.58689,144861.3628402858
12.612875,146127.6777734483
12.63886,147420.6675844889
12.664846,148739.9470528696
12.690831,150085.0314488612
12.716816,151455.2654534511
12.742802,152850.2018753064
12.768787,154268.9693828416
12.794772,155710.8289776413
12.820758,157175.0311467177
12.846743,158660.6172233647
12.872728,160166.760980331
12.898713,161692.4229635765
12.924699,163236.7774865323
12.950684,164798.8115390022
12.976669,166377.479414639
13.002655,167971.8790976751
13.02864,169581.0494133377
13.054625,171204.0721443001
13.080611,172840.0593833901
13.106596,174488.2482075143
13.132581,176147.7227438224
13.158567,177817.969917109
13.184552,179498.2177710146
13.210537,181188.0226736898
13.236522,182886.8950247749
13.262508,184594.5916377211
13.288493,186310.8449090055
13.314478,188035.6352678247
13.340464,189768.8841360096
13.366449,191510.8032789396
13.392434,193261.74820958
13.41842,195022.0442889909
13.444405,196792.2312968676
13.47039,198573.0686913627
13.496376,200365.2218196811
13.522361,202169.6959140673
13.548346,203987.4706421439
13.574332,205819.6641107605
13.600317,207667.4072790156
13.626302,209532.0174993885
13.652287,211414.8997216404
13.678273,213317.3958966068
13.704258,215240.8385037706
13.730243,217186.6765309982
13.756229,219156.4118723213
13.782214,221151.2080501979
13.808199,223172.6121188931
13.834185,225221.6930453688
13.86017,227299.7506658651
13.886155,229407.8214949245
13.912141,231546.756768361
13.938126,233717.434967625
13.964111,235920.4369606781
13.990096,238156.1364397524
14.016082,240424.9149820784
14.042067,242726.6547049307
14.068052,245061.2545238461
14.094038,247428.2729252907
14.120023,249826.9711842552
14.146008,252256.5229272392
14.171994,254715.7331562833
14.197979,257203.2616984565
14.223964,259717.4682016467
14.24995,262256.4069640996
14.275935,264817.9614319167
14.30192,267399.9130900669
14.327905,269999.6198586882
14.353891,272614.3672155044
14.379876,275241.2629198909
14.405861,277877.2377912211
14.431847,280519.0519698186
14.457832,283163.3094527492
14.483817,285806.6756034579
14.509803,288445.5879493027
14.535788,291076.3695476094
14.561773,293695.6075796369
14.587759,296299.615117987
14.613744,298884.7175108322
14.639729,301447.4922938249
14.665715,303984.4042815858
14.6917,306492.027379262
14.717685,308967.1379228319
14.74367,311406.5625212115
14.769656,313807.3366572097
14.795641,316166.5757145419
14.821626,318481.6226928122
14.847612,320750.1258213827
14.873597,322969.7332903095
14.899582,325138.4444043257
14.925568,327254.4984640317
14.951553,329316.2636057156
14.977538,331322.4064879499
15.003524,333271.7934806928
15.029509,335163.5975679194
15.055494,336997.0409736452
15.081479,338771.7552846454
15.107465,340487.3877933799
15.13345,342143.8757414783
15.159435,343741.3272842303
15.185421,345279.9502822849
15.211406,346760.1860016912
15.237391,348182.4029022914
15.263377,349547.318492484
15.289362,350855.4639526032
15.315347,352107.7247327545
15.341333,353304.6852415555
15.367318,354447.2082933515
15.393303,355535.9993436425
15.419288,356571.8893574712
15.445274,357555.5215318609
15.471259,358487.4534215294
15.497244,359368.4522417907
15.52323,360198.9139182034
15.549215,360979.2043481293
15.5752,361709.6936284092
15.601186,362390.6878881251
15.627171,363022.2160796484
15.653156,363604.3776559942
15.679142,364137.2522395646
15.705127,364620.5077889496
15.731112,365054.1560551141
15.757098,365437.9786406257
15.783083,365771.6068744372
15.809068,366054.8851917451
15.835053,366287.5400353877
15.861039,366469.2887488916
15.887024,366599.9437158495
15.913009,366679.3352582295
15.938995,366707.4799095414
15.96498,366684.2480739954
15.990965,366609.9871004443
16.016951,366484.8194085913
16.042936,366309.3044556131
16.068921,366084.0205912909
16.094907,365809.6670752767
16.120892,365487.3017945323
16.146877,365117.9985009267
16.172862,364703.234670111
16.198848,364244.5384550201
16.224833,363743.5382492025
16.250818,363202.3013760719
16.276804,362623.0446013015
16.302789,362007.9369597671
16.328774,361359.4673628444
16.35476,360680.4771566503
16.380745,359973.5677082089
16.40673,359241.67846292
16.432716,358487.8366350785
16.458701,357715.0441329521
16.484686,356926.5712448129
16.510671,356125.3193715903
16.536657,355314.6768481497
16.562642,354497.6352239779
16.588627,353677.3370230292
16.614613,352856.8016229136
16.640598,352038.9171060349
16.666583,351226.4715151886
16.692569,350422.2938472072
16.718554,349628.6532112253
16.744539,348847.9828260423
16.770525,348082.5520969768
16.79651,347334.1017855604
16.822495,346604.7173202073
16.848481,345895.6862926309
16.874466,345208.4074097739
16.900451,344544.0247807217
16.926436,343903.317299537
16.952422,343287.2422058295
16.978407,342695.8900879042
17.004392,342129.7823571934
17.030378,341588.8427021646
17.056363,341073.0597059422
17.082348,340581.9471195265
17.108334,340115.1223221315
17.134319,339671.8460458271
17.160304,339251.4017534025
17.18629,338852.8726865792
17.212275,338475.1929488924
17.23826,338117.300107803
17.264245,337777.8479810914
17.290231,337455.6214378108
17.316216,337149.3250352625
17.342201,336857.4664879715
17.368187,336578.7762163748
17.394172,336311.6310906094
17.420157,336054.7924798091
17.446143,335806.8236084013
17.472128,335566.1424328847
17.498113,335331.5058569483
17.524099,335101.6237326122
17.550084,334875.1382134357
17.576069,334650.856125118
17.602054,334427.6592576657
17.62804,334204.4677525477
17.654025,333980.228477952
17.68001,333754.0705987425
17.705996,333525.1575716831
17.731981,333292.870594102
17.757966,333056.3411978979
17.783952,332815.2608779682
17.809937,332569.0329292868
17.835922,332317.3705233642
17.861908,332059.9011934955
17.887893,331796.5632147783
17.913878,331527.1618491673
17.939863,331251.8666079104
17.965849,330970.5548913968
17.991834,330683.3105558396
18.017819,330390.5616013188
18.043805,330092.3886112247
18.06979,329789.1640425295
18.095775,329481.0731699417
18.121761,329168.5526631175
18.147746,328851.835980631
18.173731,328531.4206452207
18.199717,328207.7099250821
18.225702,327880.8480790129
18.251687,327551.349773226
18.277673,327219.4764662897
18.303658,326885.6013534223
18.329643,326549.7849740361
18.355628,326212.3918849661
18.381614,325873.3866896072
18.407599,325532.7891872354
18.433584,325190.7288591719
18.45957,324847.0681206087
18.485555,324501.562970479
18.51154,324154.0754544783
18.537526,323804.2474237549
18.563511,323451.6089241553
18.589496,323095.9047267155
18.615482,322736.4852412998
18.641467,322372.6954459787
18.667452,322003.9794194116
18.693437,321629.4715292078
18.719423,321248.5330981373
18.745408,320860.3521580016
18.771393,320464.2087977176
18.797379,320059.0195150244
18.823364,319644.0354930314
18.849349,319218.3653752577
18.875335,318781.216328994
18.90132,318331.6017104704
18.927305,317868.9855439339
18.953291,317392.3856724601
18.979276,316901.0502470978
19.005261,316394.6732362109
19.031246,315872.37977548
19.057232,315333.8205279906
19.083217,314778.714620581
19.109202,314206.6269119043
19.135188,313617.5283739073
19.161173,313011.4805328326
19.187158,312388.4397924287
19.213144,311748.8069887979
19.239129,311092.8652245511
19.265114,310421.1616610304
19.2911,309734.353114051
19.317085,309033.3336106755
19.34307,308318.9460021279
19.369056,307592.3579379549
19.395041,306854.5528371421
19.421026,306106.9552077227
19.447011,305351.0394147836
19.472997,304588.1353652195
19.498982,303819.754462975
19.524967,303047.5304619434
19.550953,302272.9992955158
19.576938,301497.5490303186
19.602923,300723.0324750281
19.628909,299950.8044698095
19.654894,299182.067113221
19.680879,298418.4095910265
19.706865,297660.9082515286
19.73285,296910.2726448361
19.758835,296167.6564888069
19.78482,295433.4351936937
19.810806,294708.1858108203
19.836791,293992.0155180508
19.862776,293284.7262155668
19.888762,292585.8491207
19.914747,291894.8713155295
19.940732,291210.4747172056
19.966718,290531.8441427719
19.992703,289857.3112047061
20.018688,289184.9533690868
20.044674,288512.9113536524
20.070659,287838.6922781597
20.096644,287160.153079091
20.122629,286474.3064814435
20.148615,285778.283364606
20.1746,285069.1471312618
20.200585,284343.9727167525
20.226571,283599.4435558518
20.252556,282832.0858403406
20.278541,282039.0683035009
20.304527,281216.8792156684
20.330512,280362.285062814
20.356497,279472.4989456458
20.382483,278544.2543025651
20.408468,277574.895404498
20.434453,276561.6991719281
20.460439,275502.1909210998
20.486424,274393.9138716888
20.512409,273235.05555196
20.538394,272023.681914681
20.56438,270758.4274585281
20.590365,269437.7866911389
20.61635,268061.3010186614
20.642336,266627.6247786614
20.668321,265137.1609282271
20.694306,263589.1689502546
20.720292,261984.307133355
20.746277,260322.9169439427
20.772262,258606.1383629864
20.798248,256834.7980535117
20.824233,255010.228854274
20.850218,253134.8516769069
20.876203,251209.8177777232
20.902189,249238.1966982715
20.928174,247221.8540563568
20.954159,245164.06464411
20.980145,243067.9300050556
21.00613,240936.2736638385
21.032115,238773.0776129333
21.058101,236581.9793792075
21.084086,234366.8946258254
21.110071,232131.9599491003
21.136057,229881.5690339454
21.162042,227619.9888877837
21.188027,225351.9510562696
21.214012,223082.5467920215
21.239998,220815.9904747926
21.265983,218557.7661064941
21.291968,216312.3843744085
21.317954,214085.0914212777
21.343939,211880.2690001786
21.369924,209703.3685997825
21.39591,207558.5186642684
21.421895,205450.2087223609
21.44788,203382.6326993674
21.473866,201359.9628695981
21.499851,199385.1731748336
21.525836,197461.7375732638
21.551822,195592.2860738323
21.577807,193778.3631566699
21.603792,192022.0454607552
21.629777,190323.7841668939
21.655763,188683.9327786258
21.681748,187102.0016413167
21.707733,185577.1377877931
21.733719,184106.9226441041
21.759704,182689.9422936459
21.785689,181322.392070669
21.811675,180000.8670852236
21.83766,178721.4219259525
21.863645,177479.3291988349
21.889631,176269.0858489912
21.915616,175085.9346108905
21.941601,173923.824311706
21.967586,172776.5162592792
21.993572,171638.3386168102
22.019557,170503.016182976
22.045542,169363.5684802617
22.071528,168214.4869106507
22.097513,167049.5460595425
22.123498,165861.9279197476
22.149484,164646.3639906039
22.175469,163396.9471860231
22.201454,162108.4512756996
22.22744,160775.1955166993
22.253425,159392.7095338591
22.27941,157956.6024609475
22.305395,156462.4669174871
22.331381,154906.9111142053
22.357366,153285.8987740009
22.383351,151597.2489236357
22.409337,149838.5711871905
22.435322,148007.1969805281
22.461307,146102.3289388234
22.487293,144122.2108796337
22.513278,142066.631590046
22.539263,139935.9420147232
22.565249,137730.112519908
22.591234,135451.1402735431
22.617219,133099.569904424
22.643205,130678.7252511176
22.66919,128190.8138432994
22.695175,125640.3954274975
22.72116,123031.1458637585
22.747146,120368.9640615552
22.773131,117659.4458518231
22.799116,114909.1001209744
22.825102,112126.83443804
22.851087,109320.262691032
22.877072,106499.2199296233
22.903058,103673.4328084508
22.929043,100854.0091069068
22.955028,98052.45268283611
22.981014,95280.21261857709
23.006999,92548.34310825178
23.032984,89867.96879697277
23.058969,87250.3925784157
23.084955,84704.8822348204
23.11094,82240.24645426063
23.136925,79863.62539374626
23.162911,77579.60546442812
23.188896,75393.51649442695
23.214881,73306.79218542603
23.240867,71320.3310726622
23.266852,69433.65826344081
23.292837,67644.19210466403
23.318823,65949.48412121665
23.344808,64345.67852259759
23.370793,62827.72260659822
23.396778,61390.88808199296
23.422764,60030.45007559213
23.448749,58739.99679658291
23.474734,57514.33083677099
23.50072,56347.76261232892
23.526705,55235.28995070613
23.55269,54171.82926353502
23.578676,53151.8783712373
23.604661,52171.0229853131
23.630646,51225.06139342543
23.656632,50309.85084145663
23.682617,49421.45849989464
23.708602,48556.59059602805
23.734587,47712.30523836087
23.760573,46885.26631674728
23.786558,46073.44147908856
23.812543,45274.95250678714
23.838529,44487.53335896991
23.864514,43709.99497627082
23.890499,42941.56738756522
23.916485,42180.46299226891
23.94247,41426.61664148046
23.968455,40679.44591017886
23.994441,39939.52887762964
24.020426,39206.01833778148
24.046411,38480.46730903767
24.072397,37762.5278794385
24.098382,37053.70680723249
24.124367,36354.34585864892
24.150352,35666.65243812805
24.176338,34990.90100237603
24.202323,34329.09968897782
24.228308,33682.63913156173
24.254294,33053.39260133326
24.280279,32443.24210793828
24.306264,31853.5326177165
24.33225,31286.78763516861
24.358235,30744.41018400355
24.38422,30229.14214793434
24.410206,29742.25272999924
24.436191,29286.422961494
24.462176,28863.17748346461
24.488161,28474.6266284455
24.514147,28122.58584121407
24.540132,27809.08497502491
24.566117,27536.41392742137
24.592103,27306.17270581467
24.618088,27120.17969342369
24.644073,26979.92285096893
24.670059,26887.44633066914
24.696044,26844.0897517339
24.722029,26851.89983712324
24.748015,26911.72950968425
24.774,27025.2136111389
24.799985,27193.8272360177
24.82597,27418.18758554708
24.851956,27700.0482501935
24.877941,28039.69306805616
24.903926,28437.99738558435
24.929912,28895.82820777292
24.955897,29413.77558424365
24.981882,29992.14178526078
25.007868,30630.75642690068
25.033853,31330.31763664082
25.059838,32090.07294726727
25.085824,32909.70334596632
25.111809,33789.24321960896
25.137794,34727.63221946799
25.16378,35723.57919068792
25.189765,36776.81955805764
25.21575,37885.43175658394
25.241735,39048.17988919474
25.267721,40263.33606984508
25.293706,41528.7653328291
25.319691,42842.70379986041
25.345677,44202.67746005364
25.371662,45606.25574202244
25.397647,47050.9048821442
25.423633,48533.81548581296
25.449618,50051.88272505884
25.475603,51601.86783453914
25.501589,53181.04405672417
25.527574,54785.79602632177
25.553559,56412.61375375813
25.579544,58058.34186463549
25.60553,59719.23294520026
25.631515,61391.76508955607
25.6575,63072.47782038794
25.683486,64757.90654297119
25.709471,66444.19669981906
25.735456,68128.04320151922
25.761442,69806.55753517023
25.787427,71475.95321670543
25.813412,73133.5851424524
25.839398,74776.43855729094
25.865383,76401.62977311574
25.891368,78007.14743723228
25.917353,79590.29566956076
25.943339,81149.34112324769
25.969324,82682.5431809962
25.995309,84188.42256497979
26.021295,85666.31674083328
26.04728,87115.16799534432
26.073265,88534.61528641873
26.099251,89924.91316528157
26.125236,91286.26040681868
26.151221,92619.35109799562
26.177207,93925.27766882798
26.203192,95205.74574489178
26.229177,96462.38392307346
26.255163,97697.20274718647
26.281148,98913.19981644988
26.307133,100113.0255769022
26.333118,101299.4432834359
26.359104,102476.6622129775
26.385089,103647.6161404166
26.411074,104816.4551424149
26.43706,105987.3133820732
26.463045,107164.1181360599
26.48903,108351.6228108707
26.515016,109553.9935046375
26.541001,110775.381661151
26.566986,112020.4379224964
26.592972,113293.5750731785
26.618957,114598.7906332209
26.644942,115940.031908428
26.670927,117321.4319585114
26.696913,118746.3379000453
26.722898,120218.4582504141
26.748883,121740.5001102233
26.774869,123315.1554950117
26.800854,124945.0134400254
26.826839,126631.4823568956
26.852825,128376.4316435684
26.87881,130180.6701825653
26.904795,132044.783406347
26.930781,133968.6196572601
26.956766,135951.9215190916
26.982751,137993.4161532121
27.008736,140091.7157872246
27.034722,142244.6674160063
27.060707,144449.5889565567
27.086692,146703.6217209324
27.112678,149002.4609697147
27.138663,151342.5306581569
27.164648,153718.8308688567
27.190634,156126.4932022883
27.216619,158559.2517182355
27.242604,161011.375172822
27.26859,163476.4014962649
27.294575,165946.9757640301
27.32056,168415.9992618606
27.346546,170875.8948668386
27.372531,173318.4234203547
27.398516,175735.0261240177
27.424501,178117.5713126883
27.450487,180457.0323090934
27.476472,182744.2088672146
27.502457,184970.0607913728
27.528443,187125.3057983578
27.554428,189200.5373172553
27.580413,191186.1883072143
27.606399,193073.0837907099
27.632384,194851.5432322337
27.658369,196512.3622849036
27.684355,198046.1775747491
27.71034,199444.1457342005
27.736325,200696.9457477792
27.76231,201795.9941426436
27.788296,202732.5747996672
27.814281,203498.9458192411
27.840266,204086.9267160777
27.866252,204488.8978911052
27.892237,204697.6752327885
27.918222,204706.0063657573
27.944208,204507.9756221006
27.970193,204096.8989861072
27.996178,203467.2631962734
28.022164,202614.0664774851
28.048149,201532.2261595285
28.074134,200217.2646363491
28.100119,198666.0637253852
28.126105,196874.3807748998
28.15209,194839.5469535048
28.178075,192559.244591166
28.204061,190031.7785590465
28.230046,187255.7046493115
28.256031,184230.082978059
28.282017,180955.0294339778
28.308002,177431.4094594983
28.333987,173660.1836579216
28.359973,169644.262504274
28.385958,165386.5637820944
28.411943,160892.2261393801
28.437928,156166.6822374582
28.463914,151219.0552545922
28.489899,146059.223210379
28.515884,140699.9890212538
28.54187,135157.93356046
28.567855,129452.6094155325
28.59384,123607.8618902163
28.619826,117653.8505305671
28.645811,111622.260588494
28.671796,105553.1531535164
28.697782,99488.7703907048
28.723767,93474.49321770485
28.749752,87557.91415502112
28.775738,81785.25863244344
28.801723,76201.51929610202
28.827708,70844.3231512792
28.853693,65746.07966175007
28.879679,60931.13045167203
28.905664,56415.08207242064
28.931649,52205.61287839076
28.957635,48304.00305180671
28.98362,44705.04097982354
29.009605,41400.13938491841
29.035591,38375.37627596269
29.061576,35616.7845673716
29.087561,33107.39712098351
29.113547,30830.72841854008
29.139532,28770.17261882172
29.165517,26908.5882873148
29.191502,25230.36790181207
29.217488,23720.04732809551
29.243473,22364.31590266978
29.269458,21148.69559468679
29.295444,20061.36346476631
29.321429,19091.20267849855
29.347414,18226.73217718773
29.3734,17459.01102581994
29.399385,16779.09674790657
29.42537,16178.12721330447
29.451356,15649.39464736309
29.477341,15186.21993695909
29.503326,14781.77328028756
29.529311,14430.38073889846
29.555297,14127.53026225331
29.581282,13868.05246754237
29.607267,13647.83188417346
29.633253,13463.38444160062
29.659238,13310.49497070738
29.685223,13186.34553157005
29.711209,13087.84358439074
29.737194,13012.36803584165
29.763179,12957.82628999702
29.789165,12921.76269420755
29.81515,12901.82884390267
29.841135,12896.90955221451
29.867121,12904.33723667495
29.893106,12923.12227982226
29.919091,12951.86367831734
29.945076,12989.22683043342
29.971062,13033.51913200294
29.997047,13083.80026353792
30.023032,13138.83190809112
30.049018,13197.76366961559
30.075003,13259.72527737711
30.100988,13323.52935098546
30.126974,13388.71542959663
30.152959,13454.11914037664
30.178944,13518.91989210693
30.20493,13582.71545833996
30.230915,13644.72987390244
30.2569,13704.17925469959
30.282885,13760.66013170236
30.308871,13813.41454924971
30.334856,13862.43413743453
30.360841,13906.93428621813
30.386827,13946.910140676
30.412812,13981.61286048258
30.438797,14010.65319510212
30.464783,14034.39770873113
30.490768,14052.43877506143
30.516753,14064.77150575411
30.542739,14071.02259412898
30.568724,14071.55229832695
30.594709,14066.32184622958
30.620694,14055.33831644495
30.64668,14038.94277746307
30.672665,14017.12349209301
30.69865,13990.24905315402
30.724636,13958.65541994558
30.750621,13922.69058579431
30.776606,13882.35453639889
30.802592,13838.71829328569
30.828577,13792.12318975303
30.854562,13742.5785927253
30.880548,13690.78586357901
30.906533,13637.09619321928
30.932518,13582.22009355192
30.958504,13526.50563684738
30.984489,13470.32593123467
31.010474,13414.71426368791
31.036459,13359.68095740699
31.062445,13305.58003772851
31.08843,13253.4626075943
31.114415,13203.32050564662
31.140401,13155.514768122
31.166386,13110.37683121495
31.192371,13068.98722586647
31.218357,13030.59606458801
31.244342,12996.61987736029
31.270327,12966.71364054317
31.296313,12940.83614226805
31.322298,12920.06732262716
31.348283,12904.02284156245
31.374268,12893.03665515923
31.400254,12887.4665939222
31.426239,12886.94042353846
31.452224,12891.80296228653
31.47821,12902.3729843164
31.504195,12918.31614979581
31.53018,12939.58932203349
31.556166,12966.54797185275
31.582151,12999.18406449329
31.608136,13037.10628285549
31.634122,13080.6822059578
31.660107,13129.54529419536
31.686092,13184.00230125496
31.712077,13243.37886274651
31.738063,13308.34166135149
31.764048,13378.19352070357
31.790033,13453.25473752909
31.816019,13533.52364109002
31.842004,13618.64042259573
31.867989,13708.59307495827
31.893975,13803.35759940096
31.91996,13902.94619899408
31.945945,14007.32318125598
31.971931,14116.50297056596
31.997916,14230.80480115069
32.023901,14349.51968244037
32.049887,14472.99414812873
32.075872,14601.57272844859
32.101857,14734.87834552479
32.127842,14873.25642917984
32.153828,15016.69799894695
32.179813,15165.20612191044
32.205798,15318.74634821306
32.231784,15477.67746417405
32.257769,15642.33000754398
32.283754,15812.3554094967
32.30974,15987.73260210287
32.335725,16169.17252292407
32.36171,16356.6536693556
32.387696,16549.49074853912
32.413681,16748.72050551887
32.439666,16953.9835842772
32.465651,17165.64024981164
32.491637,17382.9948119142
32.517622,17607.09841977593
32.543607,17836.91969444836
32.569593,18073.14567217194
32.595578,18315.46519399763
32.621563,18563.87767544214
32.647549,18818.04652200792
32.673534,19078.3229927965
32.699519,19344.06773256906
32.725505,19615.26902608026
32.75149,19891.96144822822
32.777475,20173.4795240034
32.80346,20459.82991208265
32.829446,20751.03699878208
32.855431,21046.45428671362
32.881416,21345.74042111994
32.907402,21648.94084468216
32.933387,21955.6964317409
32.959372,22265.36776068684
32.985358,22578.3207669833
33.011343,22893.52852453633
33.037328,23211.37596742836
33.063314,23531.15471638049
33.089299,23853.26695518363
33.115284,24176.67018084611
33.14127,24501.71311393685
33.167255,24828.07460741984
33.19324,25155.76969673003
33.219225,25484.4792054132
33.245211,25814.5118857317
33.271196,26145.54590306
33.297181,26477.26200777141
33.323167,26809.98706719152
33.349152,27144.06535704269
33.375137,27478.84384898907
33.401123,27815.00246019771
33.427108,28152.19744339617
33.453093,28490.44167730441
33.479079,28830.43619450952
33.505064,29171.81439127053
33.531049,29514.65594428865
33.557034,29859.26191314647
33.58302,30205.33530187857
33.609005,30553.22020985716
33.63499,30903.28685508284
33.660976,31254.90763109113
33.686961,31608.40435124419
33.712946,31963.84007496604
33.738932,32320.89823743041
33.764917,32679.92548198561
33.790902,33040.29717305137
33.816888,33402.05570539896
33.842873,33765.24156425268
33.868858,34129.51501528925
33.894843,34494.27839420186
33.920829,34859.85837700079
33.946814,35225.29707756928
33.972799,35590.97346431709
33.998785,35955.88040607794
34.02477,36320.39384351422
34.050755,36683.53232560186
34.076741,37044.95321624885
34.102726,37404.67063599545
34.128711,37762.06187857288
34.154697,38116.41949166863
34.180682,38467.75477009195
34.206667,38815.71903094622
34.232652,39159.68416278145
34.258638,39499.24056410718
34.284623,39834.05961005813
34.310608,40164.12029987951
34.336594,40489.06532914057
34.362579,40808.19676667235
34.388564,41121.82346727582
34.41455,41429.24723024877
34.440535,41730.03778195185
34.46652,42024.89592106214
34.492506,42313.08692125486
34.518491,42594.50994435578
34.544476,42869.19114378576
34.570462,43137.06199811056
34.596447,43398.04840477215
34.622432,43652.1103036067
34.648417,43899.51034113232
34.674403,44140.23911029516
34.700388,44374.25064024127
34.726373,44601.77424144335
34.752359,44822.79875945285
34.778344,45037.95242855271
34.804329,45246.82001128328
34.830315,45450.40533073595
34.8563,45648.288676857
34.882285,45841.13660168498
34.908271,46029.24445946735
34.934256,46212.5646255984
34.960241,46392.07189545802
34.986226,46567.75645663159
35.012212,46740.29000902082
35.038197,46909.89871855966
35.064182,47077.01902375933
35.090168,47241.88223283281
35.116153,47405.57018766807
35.142138,47568.00987499199
35.168124,47730.29065337877
35.194109,47891.99544571784
35.220094,48054.55792687475
35.24608,48217.97815837821
35.272065,48382.59400237755
35.29805,48549.46772990266
35.324035,48718.6358944635
35.350021,48890.44359235991
35.376006,49065.64651054174
35.401991,49244.89901326974
35.427977,49428.00734435144
35.453962,49615.93047398541
35.479947,49808.47675286014
35.505933,50006.3406551001
35.531918,50209.90655697561
35.557903,50418.94990629263
35.583889,50634.51249486129
35.609874,50855.98723997043
35.635859,51083.80393684876
35.661845,51318.04993734804
35.68783,51559.07946942424
35.713815,51806.33036231532
35.7398,52060.54399568798
35.765786,52321.12319910021
35.791771,52587.81202104452
35.817756,52860.97429240353
35.843742,53140.09201163566
35.869727,53424.79743614637
35.895712,53715.18860897516
35.921698,54011.01956973019
35.947683,54311.30943323357
35.973668,54616.50626019752
35.999654,54925.20868819688
36.025639,55237.90121527078
36.051624,55553.56805522047
36.077609,55871.88446169905
36.103595,56192.30090654724
36.12958,56514.06047710751
36.155565,56836.91968329244
36.181551,57159.85705269476
36.207536,57482.54065806455
36.233521,57804.29351272141
36.259507,58124.43653475755
36.285492,58442.32581480723
36.311477,58757.19325463055
36.337463,59068.70170741311
36.363448,59375.76400502758
36.389433,59678.08040965562
36.415418,59974.82385670445
36.441404,60265.33765507965
36.467389,60549.17748822023
36.493374,60825.59211381507
36.51936,61093.78127409012
36.545345,61353.72877814827
36.57133,61604.22853748544
36.597316,61845.21692967739
36.623301,62076.26945928768
36.649286,62296.91771578001
36.675272,62506.64329529228
36.701257,62705.41042449856
36.727242,62892.33804384286
36.753228,63067.6989920016
36.779213,63230.955267649
36.805198,63382.37627857961
36.831183,63521.42183568316
36.857169,63648.4053593874
36.883154,63763.0898101198
36.909139,63865.78791933048
36.935125,63956.36000287399
36.96111,64035.01942671164
36.987095,64102.34551952666
37.013081,64157.88610949849
37.039066,64202.67348443241
37.065051,64236.52263546882
37.091037,64260.11529384512
37.117022,64273.67346477274
37.143007,64277.93291473678
37.168992,64272.76072600114
37.194978,64258.80152856293
37.220963,64236.79500003838
37.246948,64207.02892991485
37.272934,64169.84136045875
37.298919,64125.98148734513
37.324904,64075.69665577015
37.35089,64019.42936528349
37.376875,63957.47434137607
37.40286,63890.59792706289
37.428846,63818.46572113119
37.454831,63741.79437215847
37.480816,63660.98868280306
37.506801,63575.98754821541
37.532787,63487.29490726599
37.558772,63394.47731498781
37.584757,63298.31429672691
37.610743,63198.79789550049
37.636728,63095.63957287042
37.662713,62988.78187934179
37.688699,62878.68472362821
37.714684,62764.91377907258
37.740669,62647.50794121616
37.766655,62526.45801375525
37.79264,62401.74988440833
37.818625,62272.67199118104
37.844611,62139.54019536915
37.870596,62002.3869579749
37.896581,61860.77754059929
37.922566,61715.07568251742
37.948552,61564.09119501146
37.974537,61409.033919352
38.000522,61248.61616196566
38.026508,61083.6292833137
38.052493,60914.01016634514
38.078478,60739.3683709083
38.104464,60559.64489467862
38.130449,60375.25107043159
38.156434,60186.03603844252
38.18242,59992.08405626246
38.208405,59793.66947819573
38.23439,59591.21381382489
38.260375,59384.23348261505
38.286361,59173.19764189469
38.312346,58958.34109519846
38.338331,58740.1368467273
38.364317,58518.58234355734
38.390302,58293.57917390009
38.416287,58065.98828774619
38.442273,57835.37882529641
38.468258,57602.60954812496
38.494243,57367.54675855031
38.520229,57130.32858912363
38.546214,56891.29538286188
38.572199,56650.49560382852
38.598184,56407.93119722938
38.62417,56164.03892490733
38.650155,55918.7745844549
38.67614,55672.57684061196
38.702126,55424.67111129953
38.728111,55175.49064132498
38.754096,54925.43048981349
38.780082,54674.10467566225
38.806067,54421.12145807788
38.832052,54167.26819212567
38.858038,53912.20066065844
38.884023,53655.87594881043
38.910008,53397.90524625732
38.935994,53138.68557145254
38.961979,52878.21740075961
38.987964,52616.50538625742
39.013949,52353.55287374965
39.039935,52089.32313702365
39.06592,51824.17181773619
39.091905,51557.79234262404
39.117891,51290.85951601988
39.143876,51023.85634135385
39.169861,50755.91675599955
39.195847,50488.67834145288
39.221832,50221.35346890525
39.247817,49955.50390075027
39.273803,49690.38680410734
39.299788,49427.20603249677
39.325773,49166.3751462266
39.351758,48907.90828458415
39.377744,48653.0975803378
39.403729,48401.95617870025
39.429714,48155.33995650095
39.4557,47913.74402033743
39.481685,47677.18215708467
39.50767,47446.95136332059
39.533656,47223.14595504255
39.559641,47006.21938606138
39.585626,46796.74148687445
39.611612,46594.72897146649
39.637597,46400.34360863809
39.663582,46213.63741645504
39.689567,46035.17484412633
39.715553,45864.23621703856
39.741538,45700.93996500997
39.767523,45544.96618055128
39.793509,45396.0297045994
39.819494,45253.02997721067
39.845479,45115.27070690742
39.871465,44982.38595466885
39.89745,44853.26520366123
39.923435,44725.98375857308
39.949421,44600.12876836389
39.975406,44473.7969868433
40.001391,44345.71638561865
40.027376,44213.52729232964
40.053362,44076.35136525167
40.079347,43931.73800867303
40.105332,43778.01088192927
40.131318,43612.62933397679
40.157303,43434.23194227446
40.183288,43240.29003157814
40.209274,43028.97759387425
40.235259,42798.07764701324
40.261244,42545.32817908712
40.28723,42268.8667808191
40.313215,41967.16178599542
40.3392,41637.88269612625
40.365186,41279.93122228335
40.391171,40890.88750576809
40.417156,40470.47285216409
40.443141,40017.06041259761
40.469127,39529.08892952188
40.495112,39007.01906232976
40.521097,38449.30015443126
40.547083,37856.02992354748
40.573068,37227.6776004014
40.599053,36563.98937466671
40.625039,35865.53996442651
40.651024,35133.77001571931
40.677009,34368.85803338607
40.702995,33572.75933538451
40.72898,32747.06471666991
40.754965,31893.34421923758
40.78095,31014.10442695475
40.806936,30111.03708723386
40.832921,29187.13905908836
40.858906,28245.06603581043
40.884892,27287.88011210957
40.910877,26317.48140967929
40.936862,25337.85657945579
40.962848,24351.77788601438
40.988833,23362.06888298122
41.014818,22372.3963285536
41.040804,21385.14991043722
41.066789,20404.0546925909
41.092774,19431.49503617425
41.118759,18470.32587454543
41.144745,17523.38749341386
41.17073,16593.08746831172
41.196715,15682.20175252396
41.222701,14792.2817848392
41.248686,13925.64346973016
41.274671,13084.20065804986
41.300657,12269.3792337846
41.326642,11482.18441485804
41.352627,10724.43125848228
41.378613,9996.647454616104
41.404598,9299.320323177033
41.430583,8633.359914359278
41.456569,7999.214659476686
41.482554,7396.045637834572
41.508539,6824.703163338168
41.534524,6284.746133126454
41.56051,5775.713454223594
41.586495,5296.725786253403
41.61248,4847.732469015307
41.638466,4427.409949046721
41.664451,4035.279576294223
41.690436,3670.430894619978
41.716422,3331.114248059979
41.742407,3017.26948185396
41.768392,2727.144559786316
41.794378,2459.838241292248
41.820363,2214.024383541001
41.846348,1988.388999945723
41.872333,1782.036489658949
41.898319,1593.657555181523
41.924304,1422.366600944323
41.950289,1266.441359691648
41.976275,1125.424593156242
42.00226,998.0230781047154
42.028245,882.9473051068666
42.054231,779.3316110156049
42.080216,686.7333686054459
42.106201,603.4535458962836
42.132187,529.4751316252799
42.158172,463.5243591104409
42.184157,404.7505580473883
42.210142,352.7227569083379
42.236128,306.5939974123559
42.262113,265.9373467862472
42.288098,230.3269568199049
42.314084,198.9203115226682
42.340069,171.2943475649352
42.366054,147.4443682545462
42.39204,126.5313170492182
42.418025,108.1344272379446
42.44401,92.25123613779797
42.469996,78.87946579821833
42.495981,66.76525899283426
42.521966,56.74191740041226
42.547952,47.9737081733416
42.573937,40.45972926749788
42.599922,34.19922828800807
42.625907,28.77450383377765
42.651893,24.18511282844633
42.677878,20.4306548798729
42.703863,17.09387534170883
42.729849,14.17458779788007
42.755834,11.67263049056702
42.781819,9.587861310145255
42.807805,7.920168168908656
42.83379,6.669475098232729
42.859775,5.418876273486694
42.885761,4.585180434804003
42.911746,3.751518621787933
42.937731,3.334717535748316
42.963716,2.501079219280582
42.989702,2.084282697340264
43.015687,1.667477478674529
43.041672,1.6675389069997
43.067658,1.250708736989337
43.093643,1.250769894061307
43.119628,0.8338923721977591
43.145614,0.8339431567779773
43.171599,0.8339982976954996
43.197584,0.417029199247577
43.22357,0.4170611349662633
43.249555,0.4170952293487727
43.27554,0.4171314857879166
43.301525,0.4171696005398741
43.327511,0.4172095780276053
43.353496,0.4172513938730539
43.379481,0.4172953494894823
43.405467,0.4173408556923839
43.431452,0.4173881854680071
43.457437,0.4174373436791079
43.483423,0.4174880394613599
43.509408,0.4175402497509114
43.535393,0.4175942756739885
43.561379,0.4176495322205417
43.587364,0.4177065869430545
43.613349,0.4177651505196702
43.639335,0.4178249345888213
43.66532,0.417886211358243
43.691305,0.4179489869779414
43.71729,0.4180129643333153
43.743276,0.4180784438378572
43.769261,0.4181451097838592
43.795246,0.4182129691427542
43.821232,0.4182823218265036
43.847217,0.4183525601918648
43.873202,0.4184242769565844
43.899188,0.4184971863076495
43.925173,0.4185712667846204
43.951158,0.4186462336217318
43.977144,0.4187223863460688
44.003129,0.4187997036244053
44.029114,0.4188781927321862
44.055099,0.4189578514561713
44.081085,0.4190381050299478
44.10707,0.4191198059575633
44.133055,0.4192023797088633
44.159041,0.4192858342054112
44.185026,0.4193701489016174
44.211011,0.8389112439385439
44.236997,0.8390839417084206
44.262982,0.8392589299702115
44.288967,0.839435064924792
44.314953,0.8396135218631283
44.340938,0.8397931014522283
44.366923,0.8399749778284961
44.392908,0.8401585691008873
44.418894,0.8403433135387144
44.444879,0.8405303267981221
44.470864,0.8407184695783914
44.49685,0.8409083361151743
44.522835,0.8410998860423632
44.54882,0.8412925592179133
44.574806,0.8414875253522111
44.600791,0.8416835914549308
44.626776,0.8418807747975142
44.652762,0.8420802435507052
44.678747,0.8422808064693266
44.704732,0.8424824808761737
44.730718,0.8426858587745801
44.756703,0.8428903257861416
44.782688,0.8430964734699474
44.808673,0.8433037256832439
44.834659,0.843512673515259
44.860644,0.8437227037269528
44.886629,0.8439338337445307
44.912615,0.8441466539991413
44.9386,0.844360552066691
44.964585,0.8445755454143429
44.990571,0.8447916515019677
45.016556,0.8450094035890968
45.042541,0.8452282466228481
45.068527,0.8454481981035997
45.094512,0.8456692192650328
45.120497,0.8458913276468352
45.146482,0.846114522040153
45.172468,0.846339390852809
45.198453,0.8465647535021247
45.224438,0.846791769104564
45.250424,0.8470193141057529
45.276409,0.8472484906804414
45.302394,0.8474781760921765
45.32838,0.8477089582200544
45.354365,0.8479413680928932
45.38035,0.8481742841386957
45.406336,0.8484082936970326
45.432321,0.8486433583612848
45.458306,0.8488794958059889
45.484291,0.8491167050309745
45.510277,0.8493544352599786
45.536262,0.8495932169852307
45.562247,0.8498330679141332
45.588233,0.8500740057479232
45.614218,0.8503159922574978
45.640203,0.8505584775501598
45.666189,0.850802047303042
45.692174,0.8510466633573226
45.718159,0.8512917763123515
45.744145,0.8515379713858506
45.77013,0.8517852104883932
45.796115,0.8520329446930515
45.8221,0.8522817401763549
45.848086,0.8525316147167946
45.874071,0.8527819640435914
45.900056,0.853032806391583
45.926042,0.8532852919658941
45.952027,0.8535382507062667
45.978012,0.8537917008514073
46.003998,0.8540462262116365
46.029983,0.8543017889180521
46.055968,0.8545578414920498
46.081954,0.8548144021602762
46.107939,0.855071998570455
46.133924,0.8553300836385183
46.15991,0.8555892404153357
46.185895,0.8558488664526753
46.21188,0.8561095445763522
46.237865,0.8563707096725279
46.263851,0.8566329443201172
46.289836,0.8568956466198949
46.315821,0.8571588348173976
46.341807,0.8574230911526745
46.367792,0.8576878141177497
46.393777,0.8579535857503843
46.419763,0.8582192965896513
46.445748,0.4292433002305028
46.471733,0.4293769122764671
46.497719,0.4295110570782698
46.523704,0.4296454342509422
46.549689,0.4297800529176112
46.575674,0.4299151945016583
46.60166,0.4300505864835701
46.627645,0.4301862102952125
46.65363,0.4303223564552751
46.679616,0.4304584712410148
46.705601,0.4305950988500162
46.731586,0.430731967009236
46.757572,0.430869366050416
46.783557,0.4310067149685228
46.809542,0.4311445852749149
46.835528,0.4312827048697105
46.861513,0.4314213362903225
46.887498,0.4315599265231753
46.913483,0.4316990375361449
46.939469,0.4318381164703188
46.965454,0.4319777067351729
46.991439,0.4321175364852879
47.017425,0.4322576148351501
47.04341,0.432398204094792
47.069395,0.432538751794362
47.095381,0.4326798285656845
47.121366,0.4328208545140929
47.147351,0.4329624001346669
47.173337,0.4331041938357758
47.199322,0.433246217187089
47.225307,0.4333884793073482
47.251293,0.4335309893087292
47.277278,0.4336737287779578
47.303263,0.4338169872753347
47.329248,0.4339602038266795
47.355234,0.434103668016254
47.381219,0.4342476418073673
47.407204,0.4343915735787419
47.43319,0.4345357528229978
47.459175,0.4346804414361772
47.48516,0.4348250879651824
47.511146,0.4349702620330257
47.537131,0.4351153848217726
47.563116,0.4352610258544267
47.589102,0.4354066338805574
47.615087,0.4355527508678866
47.641072,0.4356988256696411
47.667057,0.4358454184606281
47.693043,0.4359919781819167
47.719028,0.4361387666077391
47.745013,0.4362860728529522
47.770999,0.4364333459916369
47.796984,0.4365808477461174
47.822969,0.4367285872256065
47.848955,0.4368765735333198
47.87494,0.4370247883811427
47.900925,0.4371732408771717
47.926911,0.4373219401235794
47.952896,0.4374708678478946
47.978881,0.4376200331571293
48.004866,0.4377691562170187
48.030852,0.4379188057766501
48.056837,0.4380684039673072
48.082822,0.4382182397091988
48.108808,0.4383683221006058
48.134793,0.4385186329034373
48.160778,0.438669181220731
48.186764,0.4388199761498254
48.212749,0.4389709994678029
48.238734,0.4391219805901863
48.26472,0.4392732083240824
48.290705,0.4394249441224292
48.31669,0.4395766377487399
48.342676,0.4397282983309329
48.368661,0.4398804669652893
48.394646,0.4400328730993894
48.420631,0.4401852371250746
48.446617,0.4403378477636283
48.472602,0.4404906868386752
48.498587,0.4406437634461321
48.524573,0.4407970866764915
48.550558,0.4409503587993364
48.576543,0.4411038684923526
48.602529,0.4412576248437081
48.628514,0.441411609704609
48.654499,0.4415658321677727
48.680485,0.4417200217836247
48.70647,0.4418744399646631
48.732455,0.4420290958012957
48.75844,0.4421839893098117
48.784426,0.4423388500565575
48.810411,0.442494218964933
48.836396,0.4426495460899071
48.862382,0.4428048405238809
48.888367,0.4429606431824894
48.914352,0.4431164041368515
48.940338,0.4432724119764024
48.966323,0.4434286486092586
48.992308,0.4435848436201887
49.018294,0.4437415650897337
49.044279,0.443898235939246
49.070264,0.444054865252298
49.096249,0.444212012057034
49.122235,0.4443691264309718
49.14822,0.4445264698108859
49.174205,0.4446837717739294
49.200191,0.4448416004000628
49.226176,0.4449993786309329
49.252161,0.4451571155383439
49.278147,0.4453153792124205
49.304132,0.4454735925927149
49.330117,0.4456317647460685
49.356103,0.445790463778623
49.382088,0.4459491126219272
49.408073,0.4461079998696908
49.434059,0.4462668550545347
49.460044,0.4464262192314997
49.486029,0
49.512014,0
49.538,0
49.563985,0
49.58997,0
49.615956,0
49.641941,0
49.667926,0
49.693912,0
49.719897,0
49.745882,0
49.771868,0
49.797853,0
49.823838,0
49.849823,0
49.875809,0
49.901794,0
49.927779,0
49.953765,0
49.97975,0
50.005735,0
50.031721,0
50.057706,0
50.083691,0
50.109677,0
50.135662,0
50.161647,0
50.187632,0
50.213618,0
50.239603,0
50.265588,0
50.291574,0
50.317559,0
50.343544,0
50.36953,0
50.395515,0
50.4215,0
50.447486,0
50.473471,0
50.499456,0
50.525442,0
50.551427,0
50.577412,0
50.603397,0
50.629383,0
50.655368,0
50.681353,0
50.707339,0
50.733324,0
50.759309,0
50.785295,0
50.81128,0
50.837265,0
50.863251,0
50.889236,0
50.915221,0
50.941206,0
50.967192,0
50.993177,0
51.019162,0
51.045148,0
51.071133,0
51.097118,0
51.123104,0
51.149089,0
51.175074,0
51.20106,0
51.227045,0
51.25303,0
51.279015,0
51.305001,0
51.330986,0
51.356971,0
51.382957,0
51.408942,0
51.434927,0
51.460913,0
51.486898,0
51.512883,0
51.538869,0
51.564854,0
51.590839,0
51.616824,0
51.64281,0
51.668795,0
51.69478,0
51.720766,0
51.746751,0
51.772736,0
51.798722,0
51.824707,0
51.850692,0
51.876678,0
51.902663,0
51.928648,0
51.954634,0
