0.01,30.864298,0.01,6.461154
0.035985,26.172203,0.035985,6.670188
0.061971,23.968824,0.061971,6.872071
0.08795600000000001,22.500719,0.08795600000000001,7.0659
0.113941,21.380325,0.113941,7.25081
0.139927,20.459734,0.139927,7.425978
0.165912,19.667177,0.165912,7.590638
0.191897,18.962692,0.191897,7.74408
0.217882,18.321957,0.217882,7.885659
0.243868,17.729244,0.243868,8.014799999999999
0.269853,17.173952,0.269853,8.131004000000001
0.295838,16.648712,0.295838,8.233847000000001
0.321824,16.148308,0.321824,8.322986999999999
0.347809,15.669,0.347809,8.398165000000001
0.373794,15.208098,0.373794,8.459205000000001
0.39978,14.763678,0.39978,8.506017
0.425765,14.334371,0.425765,8.538592
0.45175,13.919233,0.45175,8.557008
0.477736,13.517639,0.477736,8.56142
0.503721,13.129197,0.503721,8.552063
0.529706,12.753699,0.529706,8.529247
0.555691,12.391068,0.555691,8.493354
0.581677,12.041326,0.581677,8.444832
0.607662,11.704558,0.607662,8.384192000000001
0.633647,11.380899,0.633647,8.312002
0.659633,11.070506,0.659633,8.228885
0.6856179999999999,10.773545,0.6856179999999999,8.135509000000001
0.711603,10.49018,0.711603,8.032583000000001
0.7375890000000001,10.220561,0.7375890000000001,7.920853
0.763574,9.964814000000001,0.763574,7.801094
0.789559,9.723037,0.789559,7.674103
0.815545,9.495295,0.815545,7.540699
0.84153,9.281610000000001,0.84153,7.401709
0.867515,9.081969000000001,0.867515,7.257967
0.893501,8.89631,0.893501,7.110313
0.919486,8.724527,0.919486,6.959578
0.945471,8.566469,0.945471,6.806586
0.971456,8.421938000000001,0.971456,6.652145
0.9974420000000001,8.290692,0.9974420000000001,6.497049
1.023427,8.172446000000001,1.023427,6.342062
1.049412,8.066872,1.049412,6.187928
1.075398,7.973599,1.075398,6.035357
1.101383,7.892222,1.101383,5.885025
1.127368,7.822299,1.127368,5.737572
1.153354,7.763357,1.153354,5.593597
1.179339,7.71489,1.179339,5.453658
1.205324,7.676373,1.205324,5.318267
1.23131,7.647252,1.23131,5.187892
1.257295,7.626959,1.257295,5.062953
1.28328,7.61491,1.28328,4.94382
1.309265,7.61051,1.309265,4.830817
1.335251,7.613158,1.335251,4.724216
1.361236,7.622248,1.361236,4.624242
1.387221,7.637178,1.387221,4.531073
1.413207,7.657348,1.413207,4.444836
1.439192,7.682167,1.439192,4.365616
1.465177,7.711053,1.465177,4.293449
1.491163,7.743444,1.491163,4.228333
1.517148,7.778792,1.517148,4.170223
1.543133,7.81657,1.543133,4.119035
1.569119,7.856277,1.569119,4.074653
1.595104,7.897432,1.595104,4.036927
1.621089,7.939588,1.621089,4.005676
1.647074,7.982323,1.647074,3.980697
1.67306,8.025245999999999,1.67306,3.961763
1.699045,8.067997999999999,1.699045,3.948626
1.72503,8.110251,1.72503,3.941024
1.751016,8.151712,1.751016,3.938684
1.777001,8.192114999999999,1.777001,3.941324
1.802986,8.231229000000001,1.802986,3.948652
1.828972,8.268853,1.828972,3.96038
1.854957,8.304816000000001,1.854957,3.976218
1.880942,8.338975,1.880942,3.995877
1.906928,8.371212999999999,1.906928,4.019076
1.932913,8.401441,1.932913,4.045543
1.958898,8.429588000000001,1.958898,4.075016
1.984884,8.455610999999999,1.984884,4.107242
2.010869,8.479479,2.010869,4.141984
2.036854,8.501182999999999,2.036854,4.179018
2.062839,8.520724,2.062839,4.218135
2.088825,8.538118000000001,2.088825,4.259143
2.11481,8.553391,2.11481,4.301865
2.140795,8.566572000000001,2.140795,4.346139
2.166781,8.577702,2.166781,4.391819
2.192766,8.586819,2.192766,4.438774
2.218751,8.593966999999999,2.218751,4.486885
2.244737,8.599190999999999,2.244737,4.536046
2.270722,8.602528,2.270722,4.586164
2.296707,8.60403,2.296707,4.637133
2.322693,8.603731,2.322693,4.68893
2.348678,8.601649999999999,2.348678,4.741451
2.374663,8.597834000000001,2.374663,4.79462
2.400648,8.592306000000001,2.400648,4.848423
2.426634,8.585079,2.426634,4.902781
2.452619,8.576166000000001,2.452619,4.957659
2.478604,8.565578,2.478604,5.012989
2.50459,8.553326999999999,2.50459,5.068717
2.530575,8.539415999999999,2.530575,5.124806
2.55656,8.523849,2.55656,5.181181
2.582546,8.506631,2.582546,5.2378
2.608531,8.487757999999999,2.608531,5.294596
2.634516,8.467231,2.634516,5.351501
2.660502,8.445065,2.660502,5.408429
2.686487,8.42127,2.686487,5.465342
2.712472,8.395846000000001,2.712472,5.522158
2.738457,8.368808,2.738457,5.57879
2.764443,8.34018,2.764443,5.63516
2.790428,8.309988000000001,2.790428,5.691197
2.816413,8.278259,2.816413,5.746816
2.842399,8.245036000000001,2.842399,5.801935
2.868384,8.210362,2.868384,5.856479
2.894369,8.174294,2.894369,5.91037
2.920355,8.136889999999999,2.920355,5.963549
2.94634,8.098209000000001,2.94634,6.015949
2.972325,8.058320999999999,2.972325,6.067512
2.998311,8.017296999999999,2.998311,6.118181
3.024296,7.97522,3.024296,6.167909
3.050281,7.932169,3.050281,6.216668
3.076267,7.888228,3.076267,6.264418
3.102252,7.843487,3.102252,6.311141
3.128237,7.798032,3.128237,6.356836
3.154222,7.751945,3.154222,6.401499
3.180208,7.705309,3.180208,6.445135
3.206193,7.658206,3.206193,6.487761
3.232178,7.610715,3.232178,6.529402
3.258164,7.562907,3.258164,6.570092
3.284149,7.514849,3.284149,6.609871
3.310134,7.466602,3.310134,6.648788
3.33612,7.418219,3.33612,6.686893
3.362105,7.369746,3.362105,6.724244
3.38809,7.321221,3.38809,6.760902
3.414076,7.272672,3.414076,6.796932
3.440061,7.22412,3.440061,6.832396
3.466046,7.175577,3.466046,6.86736
3.492031,7.127047,3.492031,6.901886
3.518017,7.078526,3.518017,6.936039
3.544002,7.030002,3.544002,6.969877
3.569987,6.981453,3.569987,7.003455
3.595973,6.932855,3.595973,7.036823
3.621958,6.884175,3.621958,7.070025
3.647943,6.835376,3.647943,7.103099
3.673929,6.786417,3.673929,7.136078
3.699914,6.737253,3.699914,7.168985
3.725899,6.687836,3.725899,7.201838
3.751885,6.638119,3.751885,7.234644
3.77787,6.588052,3.77787,7.267406
3.803855,6.537589,3.803855,7.300117
3.82984,6.486682,3.82984,7.332765
3.855826,6.435289,3.855826,7.365327
3.881811,6.383368,3.881811,7.397779
3.907796,6.330882,3.907796,7.430089
3.933782,6.2778,3.933782,7.462215
3.959767,6.224094,3.959767,7.49412
3.985752,6.169745,3.985752,7.525756
4.011738,6.114738,4.011738,7.557075
4.037723,6.059063,4.037723,7.588027
4.063708,6.00272,4.063708,7.618562
4.089694,5.945714,4.089694,7.648629
4.115679,5.888053,4.115679,7.678179
4.141664,5.829756,4.141664,7.707164
4.16765,5.770845,4.16765,7.735537
4.193635,5.71135,4.193635,7.76326
4.21962,5.651303,4.21962,7.790294
4.245605,5.590742,4.245605,7.816606
4.271591,5.529709,4.271591,7.842171
4.297576,5.468246,4.297576,7.866969
4.323561,5.406402,4.323561,7.890985
4.349547,5.344221,4.349547,7.914215
4.375532,5.281751,4.375532,7.936656
4.401517,5.219038,4.401517,7.958313
4.427503,5.156129,4.427503,7.979202
4.453488,5.093065,4.453488,7.99934
4.479473,5.029886,4.479473,8.018753
4.505459,4.966628,4.505459,8.037473
4.531444,4.903321,4.531444,8.055534
4.557429,4.839992,4.557429,8.072979999999999
4.583414,4.776659,4.583414,8.089852
4.6094,4.713338,4.6094,8.106201
4.635385,4.650034,4.635385,8.122073
4.66137,4.586747,4.66137,8.137522000000001
4.687356,4.523469,4.687356,8.152597999999999
4.713341,4.460186,4.713341,8.167351
4.739326,4.396875,4.739326,8.181832
4.765312,4.333507,4.765312,8.196085999999999
4.791297,4.270045,4.791297,8.210156
4.817282,4.206448,4.817282,8.224083
4.843268,4.142665,4.843268,8.2379
4.869253,4.078643,4.869253,8.251633
4.895238,4.014322,4.895238,8.265305
4.921223,3.94964,4.921223,8.278928000000001
4.947209,3.884529,4.947209,8.292509000000001
4.973194,3.818921,4.973194,8.306046
4.999179,3.752746,4.999179,8.319528
5.025165,3.68593,5.025165,8.332935000000001
5.05115,3.618405,5.05115,8.346238
5.077135,3.5501,5.077135,8.359401
5.103121,3.480947,5.103121,8.372375999999999
5.129106,3.410882,5.129106,8.385109999999999
5.155091,3.339842,5.155091,8.397538000000001
5.181077,3.267773,5.181077,8.409589
5.207062,3.194625,5.207062,8.421184
5.233047,3.120353,5.233047,8.432237000000001
5.259033,3.04492,5.259033,8.442655999999999
5.285018,2.968298,5.285018,8.452342
5.311003,2.890466,5.311003,8.461197
5.336988,2.811412,5.336988,8.469110000000001
5.362974,2.731132,5.362974,8.475977
5.388959,2.649633,5.388959,8.481681999999999
5.414944,2.566931,5.414944,8.486115
5.44093,2.48305,5.44093,8.489164000000001
5.466915,2.398027,5.466915,8.490716000000001
5.4929,2.311907,5.4929,8.490660999999999
5.518886,2.224742,5.518886,8.488892999999999
5.544871,2.136597,5.544871,8.485303999999999
5.570856,2.047544,5.570856,8.479798000000001
5.596842,1.957662,5.596842,8.472279
5.622827,1.867042,5.622827,8.462657
5.648812,1.775778,5.648812,8.450850000000001
5.674797,1.683974,5.674797,8.436785
5.700783,1.591739,5.700783,8.420393000000001
5.726768,1.499187,5.726768,8.401615
5.752753,1.406436,5.752753,8.380402999999999
5.778739,1.313611,5.778739,8.356712999999999
5.804724,1.220838,5.804724,8.330517
5.830709,1.128245,5.830709,8.301791
5.856695,1.035962,5.856695,8.270526
5.88268,0.94412,5.88268,8.236719000000001
5.908665,0.852849,5.908665,8.200377
5.934651,0.762278,5.934651,8.161519
5.960636,0.672535,5.960636,8.120172999999999
5.986621,0.583745,5.986621,8.076375000000001
6.012606,0.49603,6.012606,8.03017
6.038592,0.409506,6.038592,7.981615
6.064577,0.324286,6.064577,7.93077
6.090562,0.240478,6.090562,7.877706
6.116548,0.158183,6.116548,7.8225
6.142533,0.07749499999999999,6.142533,7.765237
6.168518,-0.001498,6.168518,7.706002
6.194504,-0.07871499999999999,6.194504,7.644893
6.220489,-0.154083,6.220489,7.582005
6.246474,-0.227537,6.246474,7.517442
6.27246,-0.299019,6.27246,7.451307
6.298445,-0.36848,6.298445,7.383707
6.32443,-0.435878,6.32443,7.314748
6.350415,-0.501179,6.350415,7.244539
6.376401,-0.564358,6.376401,7.173188
6.402386,-0.625396,6.402386,7.100801
6.428371,-0.684281,6.428371,7.027484
6.454357,-0.7410099999999999,6.454357,6.953337
6.480342,-0.795584,6.480342,6.878462
6.506327,-0.848011,6.506327,6.802955
6.532313,-0.898305,6.532313,6.72691
6.558298,-0.946486,6.558298,6.650415
6.584283,-0.992575,6.584283,6.573555
6.610269,-1.036601,6.610269,6.496408
6.636254,-1.078593,6.636254,6.41905
6.662239,-1.118586,6.662239,6.341551
6.688225,-1.156614,6.688225,6.263975
6.71421,-1.192716,6.71421,6.186383
6.740195,-1.226929,6.740195,6.108831
6.76618,-1.259294,6.76618,6.031368
6.792166,-1.28985,6.792166,5.95404
6.818151,-1.318636,6.818151,5.876887
6.844136,-1.345691,6.844136,5.799952
6.870122,-1.371054,6.870122,5.723264
6.896107,-1.394762,6.896107,5.646854
6.922092,-1.41685,6.922092,5.57075
6.948078,-1.437352,6.948078,5.494978
6.974063,-1.456301,6.974063,5.419559
7.000048,-1.473727,7.000048,5.344512
7.026034,-1.489657,7.026034,5.269859
7.052019,-1.50412,7.052019,5.195616
7.078004,-1.517139,7.078004,5.1218
7.103989,-1.528738,7.103989,5.048428
7.129975,-1.538938,7.129975,4.975516
7.15596,-1.547759,7.15596,4.90308
7.181945,-1.555218,7.181945,4.831136
7.207931,-1.561334,7.207931,4.759702
7.233916,-1.566123,7.233916,4.688795
7.259901,-1.569598,7.259901,4.618433
7.285887,-1.571776,7.285887,4.548635
7.311872,-1.57267,7.311872,4.479424
7.337857,-1.572296,7.337857,4.41082
7.363843,-1.570667,7.363843,4.342845
7.389828,-1.567799,7.389828,4.275523
7.415813,-1.563707,7.415813,4.20888
7.441798,-1.558407,7.441798,4.142939
7.467784,-1.551916,7.467784,4.077728
7.493769,-1.544253,7.493769,4.013274
7.519754,-1.535438,7.519754,3.949604
7.54574,-1.525491,7.54574,3.886746
7.571725,-1.514435,7.571725,3.824728
7.59771,-1.502293,7.59771,3.763578
7.623696,-1.489093,7.623696,3.703325
7.649681,-1.474862,7.649681,3.643995
7.675666,-1.459628,7.675666,3.585615
7.701652,-1.443422,7.701652,3.528212
7.727637,-1.426278,7.727637,3.471811
7.753622,-1.408229,7.753622,3.416435
7.779608,-1.389311,7.779608,3.362107
7.805593,-1.369561,7.805593,3.308849
7.831578,-1.349018,7.831578,3.256678
7.857563,-1.32772,7.857563,3.205615
7.883549,-1.305708,7.883549,3.155673
7.909534,-1.283024,7.909534,3.106867
7.935519,-1.25971,7.935519,3.059209
7.961505,-1.23581,7.961505,3.012708
7.98749,-1.211365,7.98749,2.967372
8.013475,-1.186422,8.013475,2.923205
8.039460999999999,-1.161021,8.039460999999999,2.88021
8.065446,-1.135207,8.065446,2.838387
8.091431,-1.109024,8.091431,2.797737
8.117417,-1.082514,8.117417,2.758254
8.143402,-1.055721,8.143402,2.719932
8.169387,-1.028685,8.169387,2.682763
8.195372000000001,-1.001447,8.195372000000001,2.646736
8.221358,-0.974048,8.221358,2.61184
8.247343000000001,-0.9465249999999999,8.247343000000001,2.578063
8.273327999999999,-0.918918,8.273327999999999,2.545386
8.299314000000001,-0.891262,8.299314000000001,2.513793
8.325298999999999,-0.8635930000000001,8.325298999999999,2.483266
8.351284,-0.835943,8.351284,2.453784
8.377269999999999,-0.808346,8.377269999999999,2.425327
8.403255,-0.780832,8.403255,2.397871
8.42924,-0.75343,8.42924,2.371394
8.455226,-0.726168,8.455226,2.34587
8.481211,-0.699072,8.481211,2.321276
8.507196,-0.672167,8.507196,2.297585
8.533181000000001,-0.645476,8.533181000000001,2.274771
8.559167,-0.619019,8.559167,2.252806
8.585152000000001,-0.592817,8.585152000000001,2.231664
8.611136999999999,-0.566889,8.611136999999999,2.211317
8.637123000000001,-0.541252,8.637123000000001,2.191739
8.663107999999999,-0.51592,8.663107999999999,2.1729
8.689093,-0.49091,8.689093,2.154773
8.715078999999999,-0.466233,8.715078999999999,2.137331
8.741064,-0.441902,8.741064,2.120544
8.767049,-0.417926,8.767049,2.104384
8.793035,-0.394316,8.793035,2.088825
8.81902,-0.371078,8.81902,2.073837
8.845005,-0.34822,8.845005,2.059392
8.870991,-0.325747,8.870991,2.045464
8.896976,-0.303663,8.896976,2.032025
8.922961000000001,-0.281971,8.922961000000001,2.019047
8.948945999999999,-0.260674,8.948945999999999,2.006504
8.974932000000001,-0.239773,8.974932000000001,1.994369
9.000916999999999,-0.219266,9.000916999999999,1.982614
9.026902,-0.199153,9.026902,1.971213
9.052887999999999,-0.179431,9.052887999999999,1.960142
9.078873,-0.160097,9.078873,1.949375
9.104858,-0.141146,9.104858,1.938884
9.130844,-0.122571,9.130844,1.928648
9.156829,-0.104365,9.156829,1.91864
9.182814,-0.08652,9.182814,1.908838
9.2088,-0.06902700000000001,9.2088,1.899218
9.234785,-0.051874,9.234785,1.889758
9.260770000000001,-0.03505,9.260770000000001,1.880437
9.286754999999999,-0.018543,9.286754999999999,1.871234
9.312741000000001,-0.002336,9.312741000000001,1.862131
9.338725999999999,0.013583,9.338725999999999,1.853107
9.364711,0.029231,9.364711,1.844146
9.390696999999999,0.044626,9.390696999999999,1.835233
9.416682,0.059785,9.416682,1.826352
9.442667,0.074725,9.442667,1.817489
9.468653,0.08946800000000001,9.468653,1.808633
9.494638,0.104032,9.494638,1.799774
9.520623000000001,0.118438,9.520623000000001,1.790902
9.546609,0.132706,9.546609,1.782011
9.572594,0.146857,9.572594,1.773095
9.598579000000001,0.160912,9.598579000000001,1.764149
9.624563999999999,0.174892,9.624563999999999,1.755173
9.650550000000001,0.188818,9.650550000000001,1.746164
9.676534999999999,0.20271,9.676534999999999,1.737126
9.70252,0.216588,9.70252,1.72806
9.728505999999999,0.230472,9.728505999999999,1.718971
9.754491,0.244381,9.754491,1.709865
9.780476,0.258331,9.780476,1.70075
9.806462,0.272341,9.806462,1.691634
9.832447,0.286427,9.832447,1.682528
9.858432000000001,0.300603,9.858432000000001,1.673444
9.884418,0.314883,9.884418,1.664393
9.910403000000001,0.329279,9.910403000000001,1.655389
9.936388000000001,0.343803,9.936388000000001,1.646446
9.962374000000001,0.358465,9.962374000000001,1.63758
9.988359000000001,0.373271,9.988359000000001,1.628806
10.014344,0.38823,10.014344,1.620141
10.040329,0.403346,10.040329,1.6116
10.066315,0.418623,10.066315,1.6032
10.0923,0.434063,10.0923,1.594958
10.118285,0.449668,10.118285,1.586889
10.144271,0.465436,10.144271,1.57901
10.170256,0.481367,10.170256,1.571337
10.196241,0.497456,10.196241,1.563885
10.222227,0.5137,10.222227,1.556668
10.248212,0.530094,10.248212,1.5497
10.274197,0.546631,10.274197,1.542995
10.300183,0.563304,10.300183,1.536565
10.326168,0.580104,10.326168,1.530421
10.352153,0.597024,10.352153,1.524574
10.378138,0.614053,10.378138,1.519033
10.404124,0.631182,10.404124,1.513808
10.430109,0.648401,10.430109,1.508905
10.456094,0.665699,10.456094,1.504331
10.48208,0.683066,10.48208,1.500093
10.508065,0.7004899999999999,10.508065,1.496195
10.53405,0.717961,10.53405,1.49264
10.560036,0.735468,10.560036,1.489432
10.586021,0.753,10.586021,1.486573
10.612006,0.770547,10.612006,1.484064
10.637992,0.788099,10.637992,1.481905
10.663977,0.805644,10.663977,1.480098
10.689962,0.823175,10.689962,1.478641
10.715947,0.840681,10.715947,1.477534
10.741933,0.8581530000000001,10.741933,1.476774
10.767918,0.875582,10.767918,1.47636
10.793903,0.892962,10.793903,1.476289
10.819889,0.910283,10.819889,1.476559
10.845874,0.927538,10.845874,1.477166
10.871859,0.94472,10.871859,1.478109
10.897845,0.961822,10.897845,1.479382
10.92383,0.978838,10.92383,1.480983
10.949815,0.995762,10.949815,1.482908
10.975801,1.012588,10.975801,1.485153
11.001786,1.02931,11.001786,1.487715
11.027771,1.045925,11.027771,1.490588
11.053757,1.062426,11.053757,1.493771
11.079742,1.078809,11.079742,1.497258
11.105727,1.095071,11.105727,1.501045
11.131712,1.111206,11.131712,1.505129
11.157698,1.127211,11.157698,1.509505
11.183683,1.143083,11.183683,1.514169
11.209668,1.158818,11.209668,1.519117
11.235654,1.174414,11.235654,1.524344
11.261639,1.189867,11.261639,1.529848
11.287624,1.205176,11.287624,1.535622
11.31361,1.220337,11.31361,1.541664
11.339595,1.235349,11.339595,1.547969
11.36558,1.25021,11.36558,1.554533
11.391566,1.264919,11.391566,1.561351
11.417551,1.279475,11.417551,1.568421
11.443536,1.293878,11.443536,1.575738
11.469521,1.308126,11.469521,1.583299
11.495507,1.32222,11.495507,1.5911
11.521492,1.33616,11.521492,1.599138
11.547477,1.349947,11.547477,1.60741
11.573463,1.363581,11.573463,1.615913
11.599448,1.377064,11.599448,1.624646
11.625433,1.390397,11.625433,1.633607
11.651419,1.403581,11.651419,1.642794
11.677404,1.416618,11.677404,1.652207
11.703389,1.42951,11.703389,1.661845
11.729375,1.442259,11.729375,1.67171
11.75536,1.454867,11.75536,1.681801
11.781345,1.467334,11.781345,1.692121
11.80733,1.479664,11.80733,1.702672
11.833316,1.491856,11.833316,1.713458
11.859301,1.503912,11.859301,1.72448
11.885286,1.515833,11.885286,1.735745
11.911272,1.527618,11.911272,1.747257
11.937257,1.539268,11.937257,1.759021
11.963242,1.55078,11.963242,1.771043
11.989228,1.562153,11.989228,1.78333
12.015213,1.573383,12.015213,1.795889
12.041198,1.584469,12.041198,1.808726
12.067184,1.595405,12.067184,1.821849
12.093169,1.606185,12.093169,1.835266
12.119154,1.616803,12.119154,1.848984
12.145139,1.627251,12.145139,1.863009
12.171125,1.637522,12.171125,1.87735
12.19711,1.647606,12.19711,1.892013
12.223095,1.657492,12.223095,1.907005
12.249081,1.667168,12.249081,1.922331
12.275066,1.676621,12.275066,1.937996
12.301051,1.68584,12.301051,1.954005
12.327037,1.694808,12.327037,1.970361
12.353022,1.703511,12.353022,1.987066
12.379007,1.711934,12.379007,2.004121
12.404993,1.72006,12.404993,2.021525
12.430978,1.727873,12.430978,2.039278
12.456963,1.735356,12.456963,2.057377
12.482949,1.742491,12.482949,2.075816
12.508934,1.749262,12.508934,2.094591
12.534919,1.755651,12.534919,2.113694
12.560904,1.761643,12.560904,2.133116
12.58689,1.767221,12.58689,2.152847
12.612875,1.77237,12.612875,2.172876
12.63886,1.777074,12.63886,2.193189
12.664846,1.781319,12.664846,2.213772
12.690831,1.785094,12.690831,2.234611
12.716816,1.788386,12.716816,2.255687
12.742802,1.791183,12.742802,2.276985
12.768787,1.793478,12.768787,2.298485
12.794772,1.795263,12.794772,2.320168
12.820758,1.796531,12.820758,2.342015
12.846743,1.797278,12.846743,2.364005
12.872728,1.797501,12.872728,2.386119
12.898713,1.797199,12.898713,2.408335
12.924699,1.796372,12.924699,2.430635
12.950684,1.795022,12.950684,2.452999
12.976669,1.793154,12.976669,2.475407
13.002655,1.790772,13.002655,2.497841
13.02864,1.787883,13.02864,2.520284
13.054625,1.784496,13.054625,2.54272
13.080611,1.780621,13.080611,2.565134
13.106596,1.776266,13.106596,2.587513
13.132581,1.771446,13.132581,2.609844
13.158567,1.766171,13.158567,2.632119
13.184552,1.760455,13.184552,2.654328
13.210537,1.754311,13.210537,2.676466
13.236522,1.747753,13.236522,2.698528
13.262508,1.740794,13.262508,2.720513
13.288493,1.733448,13.288493,2.742421
13.314478,1.725727,13.314478,2.764255
13.340464,1.717643,13.340464,2.786017
13.366449,1.709207,13.366449,2.807715
13.392434,1.700428,13.392434,2.829358
13.41842,1.691314,13.41842,2.850954
13.444405,1.681871,13.444405,2.872515
13.47039,1.672104,13.47039,2.894056
13.496376,1.662014,13.496376,2.915588
13.522361,1.651601,13.522361,2.937129
13.548346,1.640862,13.548346,2.958694
13.574332,1.629791,13.574332,2.980299
13.600317,1.61838,13.600317,3.00196
13.626302,1.606618,13.626302,3.023694
13.652287,1.594489,13.652287,3.045517
13.678273,1.581978,13.678273,3.067444
13.704258,1.569064,13.704258,3.089487
13.730243,1.555724,13.730243,3.111658
13.756229,1.541932,13.756229,3.133968
13.782214,1.527662,13.782214,3.156422
13.808199,1.512881,13.808199,3.179027
13.834185,1.497559,13.834185,3.201782
13.86017,1.481661,13.86017,3.224688
13.886155,1.46515,13.886155,3.247738
13.912141,1.447991,13.912141,3.270922
13.938126,1.430146,13.938126,3.294229
13.964111,1.411575,13.964111,3.317639
13.990096,1.392242,13.990096,3.34113
14.016082,1.372108,14.016082,3.364677
14.042067,1.351137,14.042067,3.388247
14.068052,1.329294,14.068052,3.411806
14.094038,1.306544,14.094038,3.435312
14.120023,1.282858,14.120023,3.458721
14.146008,1.258207,14.146008,3.481985
14.171994,1.232566,14.171994,3.50505
14.197979,1.205913,14.197979,3.527861
14.223964,1.178231,14.223964,3.550358
14.24995,1.149508,14.24995,3.572477
14.275935,1.119737,14.275935,3.594154
14.30192,1.088913,14.30192,3.615322
14.327905,1.05704,14.327905,3.635911
14.353891,1.024126,14.353891,3.655851
14.379876,0.990185,14.379876,3.675073
14.405861,0.955236,14.405861,3.693506
14.431847,0.919305,14.431847,3.71108
14.457832,0.882424,14.457832,3.727727
14.483817,0.844628,14.483817,3.743381
14.509803,0.805961,14.509803,3.757978
14.535788,0.766471,14.535788,3.771456
14.561773,0.726209,14.561773,3.78376
14.587759,0.685234,14.587759,3.794836
14.613744,0.643606,14.613744,3.804633
14.639729,0.601391,14.639729,3.81311
14.665715,0.558659,14.665715,3.820228
14.6917,0.51548,14.6917,3.825953
14.717685,0.471928,14.717685,3.830259
14.74367,0.428079,14.74367,3.833125
14.769656,0.384009,14.769656,3.834536
14.795641,0.339796,14.795641,3.834484
14.821626,0.295516,14.821626,3.832965
14.847612,0.251246,14.847612,3.829985
14.873597,0.207061,14.873597,3.825552
14.899582,0.163034,14.899582,3.819681
14.925568,0.119236,14.925568,3.812393
14.951553,0.075737,14.951553,3.803715
14.977538,0.0326,14.977538,3.793675
15.003524,-0.010111,15.003524,3.782309
15.029509,-0.052341,15.029509,3.769655
15.055494,-0.09403300000000001,15.055494,3.755755
15.081479,-0.13514,15.081479,3.740653
15.107465,-0.175615,15.107465,3.724395
15.13345,-0.215418,15.13345,3.70703
15.159435,-0.254514,15.159435,3.688606
15.185421,-0.292869,15.185421,3.669174
15.211406,-0.330457,15.211406,3.648785
15.237391,-0.367254,15.237391,3.627486
15.263377,-0.40324,15.263377,3.605329
15.289362,-0.438399,15.289362,3.58236
15.315347,-0.47272,15.315347,3.558627
15.341333,-0.5061909999999999,15.341333,3.534173
15.367318,-0.538806,15.367318,3.509043
15.393303,-0.570561,15.393303,3.483275
15.419288,-0.601452,15.419288,3.456911
15.445274,-0.631478,15.445274,3.429985
15.471259,-0.6606379999999999,15.471259,3.402531
15.497244,-0.688934,15.497244,3.374583
15.52323,-0.7163659999999999,15.52323,3.346169
15.549215,-0.742935,15.549215,3.317317
15.5752,-0.768641,15.5752,3.288055
15.601186,-0.7934870000000001,15.601186,3.258406
15.627171,-0.81747,15.627171,3.228396
15.653156,-0.840592,15.653156,3.198045
15.679142,-0.862851,15.679142,3.167378
15.705127,-0.884243,15.705127,3.136415
15.731112,-0.904767,15.731112,3.105179
15.757098,-0.924419,15.757098,3.073692
15.783083,-0.943194,15.783083,3.041976
15.809068,-0.961087,15.809068,3.010057
15.835053,-0.978094,15.835053,2.977958
15.861039,-0.994208,15.861039,2.945706
15.887024,-1.009426,15.887024,2.913327
15.913009,-1.023741,15.913009,2.880852
15.938995,-1.037151,15.938995,2.84831
15.96498,-1.049651,15.96498,2.815733
15.990965,-1.061241,15.990965,2.783156
16.016951,-1.071919,16.016951,2.750612
16.042936,-1.081688,16.042936,2.718139
16.068921,-1.090551,16.068921,2.685774
16.094907,-1.098513,16.094907,2.653554
16.120892,-1.105583,16.120892,2.62152
16.146877,-1.111771,16.146877,2.58971
16.172862,-1.117092,16.172862,2.558164
16.198848,-1.121561,16.198848,2.526922
16.224833,-1.125197,16.224833,2.496021
16.250818,-1.128022,16.250818,2.465501
16.276804,-1.130062,16.276804,2.435398
16.302789,-1.131343,16.302789,2.405747
16.328774,-1.131895,16.328774,2.376581
16.35476,-1.131752,16.35476,2.347933
16.380745,-1.130948,16.380745,2.31983
16.40673,-1.129519,16.40673,2.2923
16.432716,-1.127504,16.432716,2.265366
16.458701,-1.124943,16.458701,2.239048
16.484686,-1.121878,16.484686,2.213365
16.510671,-1.118349,16.510671,2.188329
16.536657,-1.114401,16.536657,2.163952
16.562642,-1.110076,16.562642,2.140241
16.588627,-1.105417,16.588627,2.117201
16.614613,-1.100467,16.614613,2.094832
16.640598,-1.095268,16.640598,2.073132
16.666583,-1.089861,16.666583,2.052095
16.692569,-1.084287,16.692569,2.031714
16.718554,-1.078583,16.718554,2.011976
16.744539,-1.072787,16.744539,1.992867
16.770525,-1.066934,16.770525,1.974373
16.79651,-1.061057,16.79651,1.956472
16.822495,-1.055189,16.822495,1.939147
16.848481,-1.049357,16.848481,1.922373
16.874466,-1.043588,16.874466,1.906128
16.900451,-1.037907,16.900451,1.890386
16.926436,-1.032335,16.926436,1.87512
16.952422,-1.026893,16.952422,1.860306
16.978407,-1.021596,16.978407,1.845913
17.004392,-1.01646,17.004392,1.831916
17.030378,-1.011496,17.030378,1.818286
17.056363,-1.006716,17.056363,1.804995
17.082348,-1.002125,17.082348,1.792016
17.108334,-0.99773,17.108334,1.779321
17.134319,-0.993534,17.134319,1.766883
17.160304,-0.989538,17.160304,1.754678
17.18629,-0.985742,17.18629,1.74268
17.212275,-0.982144,17.212275,1.730865
17.23826,-0.978741,17.23826,1.71921
17.264245,-0.975526,17.264245,1.707694
17.290231,-0.9724930000000001,17.290231,1.696297
17.316216,-0.9696360000000001,17.316216,1.684999
17.342201,-0.966944,17.342201,1.673784
17.368187,-0.96441,17.368187,1.662634
17.394172,-0.962021,17.394172,1.651536
17.420157,-0.959768,17.420157,1.640477
17.446143,-0.95764,17.446143,1.629444
17.472128,-0.955623,17.472128,1.618428
17.498113,-0.953707,17.498113,1.607419
17.524099,-0.9518799999999999,17.524099,1.59641
17.550084,-0.950129,17.550084,1.585396
17.576069,-0.948443,17.576069,1.574371
17.602054,-0.94681,17.602054,1.563333
17.62804,-0.945219,17.62804,1.552279
17.654025,-0.943659,17.654025,1.541208
17.68001,-0.94212,17.68001,1.53012
17.705996,-0.940592,17.705996,1.519016
17.731981,-0.939067,17.731981,1.507899
17.757966,-0.937535,17.757966,1.49677
17.783952,-0.935991,17.783952,1.485632
17.809937,-0.934426,17.809937,1.474491
17.835922,-0.932836,17.835922,1.463349
17.861908,-0.931214,17.861908,1.452212
17.887893,-0.929558,17.887893,1.441084
17.913878,-0.927863,17.913878,1.429971
17.939863,-0.926128,17.939863,1.418879
17.965849,-0.924351,17.965849,1.40781
17.991834,-0.92253,17.991834,1.396771
18.017819,-0.920667,18.017819,1.385767
18.043805,-0.918761,18.043805,1.374802
18.06979,-0.916815,18.06979,1.363879
18.095775,-0.914829,18.095775,1.353002
18.121761,-0.912806,18.121761,1.342174
18.147746,-0.910748,18.147746,1.331397
18.173731,-0.908659,18.173731,1.320673
18.199717,-0.906542,18.199717,1.310004
18.225702,-0.904399,18.225702,1.29939
18.251687,-0.902235,18.251687,1.288831
18.277673,-0.900053,18.277673,1.278326
18.303658,-0.897857,18.303658,1.267875
18.329643,-0.895649,18.329643,1.257475
18.355628,-0.893434,18.355628,1.247123
18.381614,-0.891213,18.381614,1.236816
18.407599,-0.888988,18.407599,1.226551
18.433584,-0.8867620000000001,18.433584,1.216324
18.45957,-0.884536,18.45957,1.20613
18.485555,-0.88231,18.485555,1.195965
18.51154,-0.880085,18.51154,1.185824
18.537526,-0.87786,18.537526,1.175702
18.563511,-0.875634,18.563511,1.165593
18.589496,-0.873406,18.589496,1.155494
18.615482,-0.871173,18.615482,1.145399
18.641467,-0.868932,18.641467,1.135303
18.667452,-0.86668,18.667452,1.125202
18.693437,-0.864412,18.693437,1.115091
18.719423,-0.862123,18.719423,1.104969
18.745408,-0.859809,18.745408,1.094831
18.771393,-0.857465,18.771393,1.084675
18.797379,-0.855083,18.797379,1.074499
18.823364,-0.852658,18.823364,1.064302
18.849349,-0.850183,18.849349,1.054084
18.875335,-0.847652,18.875335,1.043845
18.90132,-0.8450569999999999,18.90132,1.033587
18.927305,-0.842394,18.927305,1.023311
18.953291,-0.839654,18.953291,1.013021
18.979276,-0.836831,18.979276,1.00272
19.005261,-0.833921,19.005261,0.992414
19.031246,-0.830917,19.031246,0.982106
19.057232,-0.827814,19.057232,0.971804
19.083217,-0.824609,19.083217,0.961514
19.109202,-0.8212970000000001,19.109202,0.9512429999999999
19.135188,-0.817875,19.135188,0.941001
19.161173,-0.814343,19.161173,0.930794
19.187158,-0.810698,19.187158,0.920632
19.213144,-0.806941,19.213144,0.910524
19.239129,-0.803072,19.239129,0.9004799999999999
19.265114,-0.799094,19.265114,0.890507
19.2911,-0.795009,19.2911,0.880616
19.317085,-0.790822,19.317085,0.870816
19.34307,-0.786538,19.34307,0.861114
19.369056,-0.7821630000000001,19.369056,0.8515200000000001
19.395041,-0.777704,19.395041,0.842039
19.421026,-0.773169,19.421026,0.83268
19.447011,-0.768568,19.447011,0.823448
19.472997,-0.76391,19.472997,0.814347
19.498982,-0.759205,19.498982,0.805382
19.524967,-0.7544650000000001,19.524967,0.796554
19.550953,-0.749701,19.550953,0.787864
19.576938,-0.744923,19.576938,0.779313
19.602923,-0.7401450000000001,19.602923,0.770899
19.628909,-0.735378,19.628909,0.762618
19.654894,-0.7306319999999999,19.654894,0.754466
19.680879,-0.72592,19.680879,0.746437
19.706865,-0.721252,19.706865,0.738523
19.73285,-0.7166360000000001,19.73285,0.730715
19.758835,-0.712083,19.758835,0.723003
19.78482,-0.707599,19.78482,0.715376
19.810806,-0.703192,19.810806,0.707821
19.836791,-0.698867,19.836791,0.700325
19.862776,-0.694627,19.862776,0.692874
19.888762,-0.690474,19.888762,0.685452
19.914747,-0.68641,19.914747,0.678043
19.940732,-0.682431,19.940732,0.670632
19.966718,-0.678536,19.966718,0.663205
19.992703,-0.67472,19.992703,0.655745
20.018688,-0.670975,20.018688,0.648238
20.044674,-0.6672940000000001,20.044674,0.640669
20.070659,-0.663666,20.070659,0.633024
20.096644,-0.660081,20.096644,0.625292
20.122629,-0.656524,20.122629,0.617462
20.148615,-0.652981,20.148615,0.609523
20.1746,-0.649437,20.1746,0.601467
20.200585,-0.645876,20.200585,0.593289
20.226571,-0.64228,20.226571,0.5849839999999999
20.252556,-0.63863,20.252556,0.576549
20.278541,-0.63491,20.278541,0.567984
20.304527,-0.6311,20.304527,0.55929
20.330512,-0.627181,20.330512,0.550472
20.356497,-0.6231370000000001,20.356497,0.541535
20.382483,-0.618949,20.382483,0.532486
20.408468,-0.614601,20.408468,0.523336
20.434453,-0.610077,20.434453,0.514096
20.460439,-0.605362,20.460439,0.50478
20.486424,-0.600442,20.486424,0.495402
20.512409,-0.595306,20.512409,0.485979
20.538394,-0.589943,20.538394,0.476528
20.56438,-0.584345,20.56438,0.467068
20.590365,-0.578504,20.590365,0.457618
20.61635,-0.572417,20.61635,0.4482
20.642336,-0.566078,20.642336,0.438832
20.668321,-0.559489,20.668321,0.429538
20.694306,-0.552648,20.694306,0.420336
20.720292,-0.545559,20.720292,0.411249
20.746277,-0.538226,20.746277,0.402296
20.772262,-0.530656,20.772262,0.393499
20.798248,-0.522856,20.798248,0.384875
20.824233,-0.514835,20.824233,0.376443
20.850218,-0.506607,20.850218,0.368222
20.876203,-0.498181,20.876203,0.360226
20.902189,-0.489574,20.902189,0.352472
20.928174,-0.480798,20.928174,0.344973
20.954159,-0.471871,20.954159,0.337742
20.980145,-0.46281,20.980145,0.33079
21.00613,-0.453631,21.00613,0.324125
21.032115,-0.444354,21.032115,0.317756
21.058101,-0.434997,21.058101,0.31169
21.084086,-0.425579,21.084086,0.305932
21.110071,-0.41612,21.110071,0.300483
21.136057,-0.406639,21.136057,0.295347
21.162042,-0.397155,21.162042,0.290523
21.188027,-0.387688,21.188027,0.286009
21.214012,-0.378258,21.214012,0.281804
21.239998,-0.368882,21.239998,0.277901
21.265983,-0.35958,21.265983,0.274297
21.291968,-0.350369,21.291968,0.270982
21.317954,-0.341267,21.317954,0.267949
21.343939,-0.332289,21.343939,0.265187
21.369924,-0.323453,21.369924,0.262686
21.39591,-0.314772,21.39591,0.260433
21.421895,-0.30626,21.421895,0.258415
21.44788,-0.29793,21.44788,0.256617
21.473866,-0.289795,21.473866,0.255023
21.499851,-0.281863,21.499851,0.253618
21.525836,-0.274145,21.525836,0.252384
21.551822,-0.266649,21.551822,0.251303
21.577807,-0.259379,21.577807,0.250358
21.603792,-0.252343,21.603792,0.249528
21.629777,-0.245542,21.629777,0.248796
21.655763,-0.238979,21.655763,0.248141
21.681748,-0.232654,21.681748,0.247544
21.707733,-0.226566,21.707733,0.246987
21.733719,-0.220711,21.733719,0.246448
21.759704,-0.215087,21.759704,0.245911
21.785689,-0.209686,21.785689,0.245356
21.811675,-0.204501,21.811675,0.244766
21.83766,-0.199524,21.83766,0.244124
21.863645,-0.194744,21.863645,0.243415
21.889631,-0.190149,21.889631,0.242622
21.915616,-0.185728,21.915616,0.241733
21.941601,-0.181466,21.941601,0.240736
21.967586,-0.177348,21.967586,0.239619
21.993572,-0.17336,21.993572,0.238373
22.019557,-0.169486,22.019557,0.23699
22.045542,-0.165707,22.045542,0.235464
22.071528,-0.162009,22.071528,0.23379
22.097513,-0.158374,22.097513,0.231967
22.123498,-0.154784,22.123498,0.229991
22.149484,-0.151223,22.149484,0.227865
22.175469,-0.147675,22.175469,0.225589
22.201454,-0.144124,22.201454,0.223168
22.22744,-0.140553,22.22744,0.220607
22.253425,-0.136949,22.253425,0.217912
22.27941,-0.133298,22.27941,0.215092
22.305395,-0.129587,22.305395,0.212155
22.331381,-0.125805,22.331381,0.209112
22.357366,-0.12194,22.357366,0.205973
22.383351,-0.117985,22.383351,0.20275
22.409337,-0.113932,22.409337,0.199456
22.435322,-0.109773,22.435322,0.196103
22.461307,-0.105504,22.461307,0.192706
22.487293,-0.101121,22.487293,0.189275
22.513278,-0.096621,22.513278,0.185826
22.539263,-0.092004,22.539263,0.182372
22.565249,-0.087269,22.565249,0.178925
22.591234,-0.08241900000000001,22.591234,0.175499
22.617219,-0.077455,22.617219,0.172103
22.643205,-0.072381,22.643205,0.168752
22.66919,-0.067201,22.66919,0.165454
22.695175,-0.061922,22.695175,0.16222
22.72116,-0.056548,22.72116,0.159059
22.747146,-0.051087,22.747146,0.15598
22.773131,-0.045546,22.773131,0.152989
22.799116,-0.039932,22.799116,0.150092
22.825102,-0.034255,22.825102,0.147296
22.851087,-0.028521,22.851087,0.144605
22.877072,-0.02274,22.877072,0.142022
22.903058,-0.016919,22.903058,0.13955
22.929043,-0.011068,22.929043,0.13719
22.955028,-0.005195,22.955028,0.134944
22.981014,0.000691,22.981014,0.132811
23.006999,0.006584,23.006999,0.130791
23.032984,0.012475,23.032984,0.128881
23.058969,0.018357,23.058969,0.127081
23.084955,0.024223,23.084955,0.125387
23.11094,0.030066,23.11094,0.123796
23.136925,0.035881,23.136925,0.122305
23.162911,0.041662,23.162911,0.120907
23.188896,0.047403,23.188896,0.1196
23.214881,0.053101,23.214881,0.118378
23.240867,0.058752,23.240867,0.117236
23.266852,0.06435100000000001,23.266852,0.116168
23.292837,0.069897,23.292837,0.115168
23.318823,0.075387,23.318823,0.114231
23.344808,0.080819,23.344808,0.113351
23.370793,0.086192,23.370793,0.112521
23.396778,0.091506,23.396778,0.111736
23.422764,0.09676,23.422764,0.110991
23.448749,0.101954,23.448749,0.110278
23.474734,0.107091,23.474734,0.109593
23.50072,0.11217,23.50072,0.108929
23.526705,0.117194,23.526705,0.108282
23.55269,0.122165,23.55269,0.107647
23.578676,0.127086,23.578676,0.107018
23.604661,0.13196,23.604661,0.106391
23.630646,0.13679,23.630646,0.105762
23.656632,0.14158,23.656632,0.105127
23.682617,0.146334,23.682617,0.104482
23.708602,0.151056,23.708602,0.103824
23.734587,0.155752,23.734587,0.103151
23.760573,0.160426,23.760573,0.102459
23.786558,0.165083,23.786558,0.101747
23.812543,0.169728,23.812543,0.101014
23.838529,0.174367,23.838529,0.100258
23.864514,0.179005,23.864514,0.099479
23.890499,0.183648,23.890499,0.098678
23.916485,0.188301,23.916485,0.097853
23.94247,0.192969,23.94247,0.097006
23.968455,0.197659,23.968455,0.096138
23.994441,0.202375,23.994441,0.095252
24.020426,0.207124,24.020426,0.094348
24.046411,0.211909,24.046411,0.093431
24.072397,0.216737,24.072397,0.092502
24.098382,0.221612,24.098382,0.09156599999999999
24.124367,0.226538,24.124367,0.090625
24.150352,0.23152,24.150352,0.089686
24.176338,0.236563,24.176338,0.088751
24.202323,0.241669,24.202323,0.087826
24.228308,0.246843,24.228308,0.08691599999999999
24.254294,0.252088,24.254294,0.08602700000000001
24.280279,0.257406,24.280279,0.085165
24.306264,0.262801,24.306264,0.08433499999999999
24.33225,0.268275,24.33225,0.08354499999999999
24.358235,0.273829,24.358235,0.0828
24.38422,0.279465,24.38422,0.082109
24.410206,0.285184,24.410206,0.08147699999999999
24.436191,0.290986,24.436191,0.080913
24.462176,0.296871,24.462176,0.08042299999999999
24.488161,0.30284,24.488161,0.080015
24.514147,0.308891,24.514147,0.079696
24.540132,0.315023,24.540132,0.079474
24.566117,0.321235,24.566117,0.079358
24.592103,0.327524,24.592103,0.07935499999999999
24.618088,0.333888,24.618088,0.079473
24.644073,0.340323,24.644073,0.079719
24.670059,0.346826,24.670059,0.08010200000000001
24.696044,0.353393,24.696044,0.08062900000000001
24.722029,0.360017,24.722029,0.08130900000000001
24.748015,0.366695,24.748015,0.082148
24.774,0.373419,24.774,0.08315400000000001
24.799985,0.380184,24.799985,0.08433499999999999
24.82597,0.386981,24.82597,0.08569599999999999
24.851956,0.393804,24.851956,0.087246
24.877941,0.400643,24.877941,0.088989
24.903926,0.407489,24.903926,0.090931
24.929912,0.414333,24.929912,0.09307799999999999
24.955897,0.421165,24.955897,0.09543500000000001
24.981882,0.427975,24.981882,0.098006
25.007868,0.43475,25.007868,0.100793
25.033853,0.441479,25.033853,0.103801
25.059838,0.448151,25.059838,0.10703
25.085824,0.454753,25.085824,0.110481
25.111809,0.461272,25.111809,0.114156
25.137794,0.467695,25.137794,0.118053
25.16378,0.47401,25.16378,0.122169
25.189765,0.480203,25.189765,0.126504
25.21575,0.486261,25.21575,0.131052
25.241735,0.492171,25.241735,0.135809
25.267721,0.497921,25.267721,0.140769
25.293706,0.503498,25.293706,0.145924
25.319691,0.50889,25.319691,0.151267
25.345677,0.514085,25.345677,0.156788
25.371662,0.519073,25.371662,0.162477
25.397647,0.5238429999999999,25.397647,0.168323
25.423633,0.5283870000000001,25.423633,0.174314
25.449618,0.532694,25.449618,0.180436
25.475603,0.536759,25.475603,0.186675
25.501589,0.540574,25.501589,0.193018
25.527574,0.544135,25.527574,0.199449
25.553559,0.547438,25.553559,0.205952
25.579544,0.5504790000000001,25.579544,0.212512
25.60553,0.553257,25.60553,0.219112
25.631515,0.555773,25.631515,0.225736
25.6575,0.558028,25.6575,0.232368
25.683486,0.560024,25.683486,0.238992
25.709471,0.561766,25.709471,0.245591
25.735456,0.563259,25.735456,0.25215
25.761442,0.56451,25.761442,0.258656
25.787427,0.565528,25.787427,0.265093
25.813412,0.56632,25.813412,0.271449
25.839398,0.566899,25.839398,0.277712
25.865383,0.567275,25.865383,0.28387
25.891368,0.56746,25.891368,0.289915
25.917353,0.567468,25.917353,0.295837
25.943339,0.567313,25.943339,0.30163
25.969324,0.567008,25.969324,0.307288
25.995309,0.566569,25.995309,0.312807
26.021295,0.56601,26.021295,0.318186
26.04728,0.565346,26.04728,0.323423
26.073265,0.564592,26.073265,0.328519
26.099251,0.563764,26.099251,0.333478
26.125236,0.562874,26.125236,0.338303
26.151221,0.561937,26.151221,0.343
26.177207,0.560965,26.177207,0.347576
26.203192,0.559971,26.203192,0.352041
26.229177,0.558965,26.229177,0.356404
26.255163,0.557958,26.255163,0.360676
26.281148,0.556957,26.281148,0.364871
26.307133,0.55597,26.307133,0.369002
26.333118,0.555003,26.333118,0.373082
26.359104,0.554059,26.359104,0.377129
26.385089,0.553141,26.385089,0.381156
26.411074,0.552249,26.411074,0.38518
26.43706,0.551383,26.43706,0.389218
26.463045,0.550539,26.463045,0.393285
26.48903,0.549712,26.48903,0.397399
26.515016,0.548895,26.515016,0.401575
26.541001,0.548081,26.541001,0.405828
26.566986,0.547257,26.566986,0.410173
26.592972,0.546413,26.592972,0.414625
26.618957,0.545535,26.618957,0.419196
26.644942,0.544607,26.644942,0.423897
26.670927,0.543611,26.670927,0.428739
26.696913,0.54253,26.696913,0.43373
26.722898,0.541343,26.722898,0.438878
26.748883,0.54003,26.748883,0.444187
26.774869,0.538569,26.774869,0.44966
26.800854,0.536937,26.800854,0.455299
26.826839,0.5351089999999999,26.826839,0.4611
26.852825,0.533064,26.852825,0.467062
26.87881,0.530775,26.87881,0.473177
26.904795,0.528219,26.904795,0.479437
26.930781,0.525372,26.930781,0.48583
26.956766,0.52221,26.956766,0.492343
26.982751,0.518709,26.982751,0.498958
27.008736,0.514848,27.008736,0.505657
27.034722,0.510606,27.034722,0.512418
27.060707,0.505962,27.060707,0.519216
27.086692,0.500899,27.086692,0.526026
27.112678,0.4954,27.112678,0.532816
27.138663,0.489452,27.138663,0.539558
27.164648,0.483042,27.164648,0.546217
27.190634,0.47616,27.190634,0.552759
27.216619,0.468802,27.216619,0.559146
27.242604,0.460963,27.242604,0.565341
27.26859,0.452642,27.26859,0.571305
27.294575,0.443843,27.294575,0.576997
27.32056,0.434571,27.32056,0.582377
27.346546,0.424836,27.346546,0.587405
27.372531,0.414652,27.372531,0.59204
27.398516,0.404036,27.398516,0.596241
27.424501,0.393007,27.424501,0.59997
27.450487,0.381589,27.450487,0.6031879999999999
27.476472,0.36981,27.476472,0.605858
27.502457,0.357701,27.502457,0.607946
27.528443,0.345295,27.528443,0.609419
27.554428,0.332629,27.554428,0.610247
27.580413,0.319744,27.580413,0.610403
27.606399,0.306682,27.606399,0.609864
27.632384,0.293487,27.632384,0.608608
27.658369,0.280206,27.658369,0.606619
27.684355,0.266888,27.684355,0.603884
27.71034,0.253582,27.71034,0.600395
27.736325,0.240339,27.736325,0.596146
27.76231,0.227211,27.76231,0.5911380000000001
27.788296,0.214249,27.788296,0.5853739999999999
27.814281,0.201503,27.814281,0.578864
27.840266,0.189025,27.840266,0.571621
27.866252,0.176864,27.866252,0.563662
27.892237,0.165068,27.892237,0.555009
27.918222,0.153683,27.918222,0.545686
27.944208,0.142753,27.944208,0.535725
27.970193,0.132321,27.970193,0.525158
27.996178,0.122424,27.996178,0.514021
28.022164,0.113098,28.022164,0.502355
28.048149,0.104376,28.048149,0.490202
28.074134,0.096285,28.074134,0.477605
28.100119,0.08885,28.100119,0.464614
28.126105,0.082093,28.126105,0.451275
28.15209,0.07603,28.15209,0.437638
28.178075,0.070674,28.178075,0.423754
28.204061,0.06603299999999999,28.204061,0.409674
28.230046,0.062111,28.230046,0.395448
28.256031,0.05891,28.256031,0.381127
28.282017,0.056426,28.282017,0.366761
28.308002,0.05465,28.308002,0.352398
28.333987,0.053574,28.333987,0.338086
28.359973,0.053181,28.359973,0.32387
28.385958,0.053455,28.385958,0.309793
28.411943,0.054375,28.411943,0.295897
28.437928,0.055919,28.437928,0.282219
28.463914,0.058059,28.463914,0.268796
28.489899,0.060769,28.489899,0.255661
28.515884,0.06401900000000001,28.515884,0.242843
28.54187,0.067778,28.54187,0.23037
28.567855,0.07201399999999999,28.567855,0.218265
28.59384,0.076694,28.59384,0.206548
28.619826,0.08178299999999999,28.619826,0.195239
28.645811,0.08724899999999999,28.645811,0.184349
28.671796,0.093056,28.671796,0.173892
28.697782,0.099171,28.697782,0.163876
28.723767,0.105561,28.723767,0.154306
28.749752,0.112192,28.749752,0.145185
28.775738,0.119033,28.775738,0.136513
28.801723,0.126052,28.801723,0.12829
28.827708,0.13322,28.827708,0.12051
28.853693,0.140509,28.853693,0.113168
28.879679,0.14789,28.879679,0.106256
28.905664,0.15534,28.905664,0.09976500000000001
28.931649,0.162833,28.931649,0.093683
28.957635,0.170348,28.957635,0.08799899999999999
28.98362,0.177863,28.98362,0.08269899999999999
29.009605,0.18536,29.009605,0.07777100000000001
29.035591,0.192821,29.035591,0.073198
29.061576,0.200231,29.061576,0.068967
29.087561,0.207575,29.087561,0.06506099999999999
29.113547,0.21484,29.113547,0.061465
29.139532,0.222016,29.139532,0.058164
29.165517,0.229093,29.165517,0.055141
29.191502,0.236062,29.191502,0.052381
29.217488,0.242916,29.217488,0.049868
29.243473,0.249649,29.243473,0.047589
29.269458,0.256257,29.269458,0.045527
29.295444,0.262736,29.295444,0.043669
29.321429,0.269082,29.321429,0.042002
29.347414,0.275295,29.347414,0.040511
29.3734,0.281372,29.3734,0.039185
29.399385,0.287313,29.399385,0.038012
29.42537,0.293118,29.42537,0.036979
29.451356,0.298789,29.451356,0.036077
29.477341,0.304325,29.477341,0.035296
29.503326,0.309728,29.503326,0.034625
29.529311,0.315001,29.529311,0.034055
29.555297,0.320145,29.555297,0.033579
29.581282,0.325163,29.581282,0.033188
29.607267,0.330058,29.607267,0.032875
29.633253,0.334831,29.633253,0.032634
29.659238,0.339486,29.659238,0.032457
29.685223,0.344026,29.685223,0.032339
29.711209,0.348453,29.711209,0.032274
29.737194,0.352771,29.737194,0.032257
29.763179,0.356982,29.763179,0.032284
29.789165,0.36109,29.789165,0.03235
29.81515,0.365097,29.81515,0.03245
29.841135,0.369006,29.841135,0.032582
29.867121,0.372821,29.867121,0.03274
29.893106,0.376543,29.893106,0.032922
29.919091,0.380176,29.919091,0.033125
29.945076,0.383722,29.945076,0.033346
29.971062,0.387183,29.971062,0.033581
29.997047,0.390564,29.997047,0.033828
30.023032,0.393866,30.023032,0.034084
30.049018,0.397091,30.049018,0.034347
30.075003,0.400243,30.075003,0.034615
30.100988,0.403323,30.100988,0.034885
30.126974,0.406335,30.126974,0.035156
30.152959,0.40928,30.152959,0.035425
30.178944,0.412162,30.178944,0.03569
30.20493,0.414983,30.20493,0.03595
30.230915,0.417745,30.230915,0.036203
30.2569,0.420451,30.2569,0.036447
30.282885,0.423104,30.282885,0.036681
30.308871,0.425706,30.308871,0.036903
30.334856,0.428259,30.334856,0.037113
30.360841,0.430767,30.360841,0.037309
30.386827,0.433232,30.386827,0.037491
30.412812,0.435656,30.412812,0.037657
30.438797,0.438042,30.438797,0.037806
30.464783,0.440392,30.464783,0.037939
30.490768,0.44271,30.490768,0.038055
30.516753,0.444998,30.516753,0.038154
30.542739,0.447258,30.542739,0.038235
30.568724,0.449492,30.568724,0.038299
30.594709,0.451704,30.594709,0.038346
30.620694,0.453895,30.620694,0.038376
30.64668,0.456068,30.64668,0.03839
30.672665,0.458225,30.672665,0.038388
30.69865,0.460367,30.69865,0.038371
30.724636,0.462497,30.724636,0.03834
30.750621,0.464617,30.750621,0.038296
30.776606,0.466728,30.776606,0.038239
30.802592,0.468832,30.802592,0.038172
30.828577,0.470931,30.828577,0.038096
30.854562,0.473025,30.854562,0.038011
30.880548,0.475116,30.880548,0.037919
30.906533,0.477205,30.906533,0.037821
30.932518,0.479293,30.932518,0.037719
30.958504,0.481381,30.958504,0.037614
30.984489,0.483468,30.984489,0.037507
31.010474,0.485557,31.010474,0.037401
31.036459,0.487647,31.036459,0.037296
31.062445,0.489738,31.062445,0.037193
31.08843,0.491831,31.08843,0.037095
31.114415,0.493926,31.114415,0.037002
31.140401,0.496022,31.140401,0.036915
31.166386,0.49812,31.166386,0.036835
31.192371,0.5002180000000001,31.192371,0.036765
31.218357,0.502318,31.218357,0.036703
31.244342,0.504419,31.244342,0.036653
31.270327,0.5065190000000001,31.270327,0.036614
31.296313,0.50862,31.296313,0.036586
31.322298,0.510719,31.322298,0.036572
31.348283,0.512817,31.348283,0.036571
31.374268,0.514914,31.374268,0.036584
31.400254,0.517008,31.400254,0.036612
31.426239,0.519099,31.426239,0.036654
31.452224,0.521186,31.452224,0.036711
31.47821,0.52327,31.47821,0.036784
31.504195,0.525348,31.504195,0.036872
31.53018,0.5274219999999999,31.53018,0.036975
31.556166,0.52949,31.556166,0.037094
31.582151,0.531551,31.582151,0.037229
31.608136,0.5336070000000001,31.608136,0.037379
31.634122,0.535655,31.634122,0.037545
31.660107,0.537695,31.660107,0.037726
31.686092,0.539729,31.686092,0.037923
31.712077,0.541754,31.712077,0.038134
31.738063,0.543771,31.738063,0.038361
31.764048,0.545779,31.764048,0.038602
31.790033,0.547779,31.790033,0.038858
31.816019,0.54977,31.816019,0.039129
31.842004,0.551752,31.842004,0.039414
31.867989,0.553725,31.867989,0.039713
31.893975,0.55569,31.893975,0.040026
31.91996,0.5576449999999999,31.91996,0.040353
31.945945,0.559592,31.945945,0.040694
31.971931,0.5615289999999999,31.971931,0.041049
31.997916,0.563457,31.997916,0.041419
32.023901,0.565377,32.023901,0.041802
32.049887,0.567288,32.049887,0.042199
32.075872,0.5691889999999999,32.075872,0.042611
32.101857,0.571082,32.101857,0.043037
32.127842,0.572966,32.127842,0.043478
32.153828,0.574841,32.153828,0.043934
32.179813,0.5767060000000001,32.179813,0.044405
32.205798,0.578563,32.205798,0.044891
32.231784,0.58041,32.231784,0.045393
32.257769,0.582247,32.257769,0.045912
32.283754,0.584074,32.283754,0.046447
32.30974,0.585892,32.30974,0.046998
32.335725,0.5876980000000001,32.335725,0.047567
32.36171,0.589493,32.36171,0.048154
32.387696,0.5912770000000001,32.387696,0.048757
32.413681,0.593048,32.413681,0.049379
32.439666,0.594807,32.439666,0.050019
32.465651,0.596552,32.465651,0.050678
32.491637,0.598284,32.491637,0.051354
32.517622,0.6,32.517622,0.05205
32.543607,0.601701,32.543607,0.052763
32.569593,0.603386,32.569593,0.053495
32.595578,0.605053,32.595578,0.054245
32.621563,0.606702,32.621563,0.055013
32.647549,0.608333,32.647549,0.055798
32.673534,0.609945,32.673534,0.056601
32.699519,0.611536,32.699519,0.05742
32.725505,0.613107,32.725505,0.058255
32.75149,0.614656,32.75149,0.059106
32.777475,0.616183,32.777475,0.059971
32.80346,0.617688,32.80346,0.06085
32.829446,0.61917,32.829446,0.061743
32.855431,0.620628,32.855431,0.062648
32.881416,0.622063,32.881416,0.063564
32.907402,0.6234730000000001,32.907402,0.06449100000000001
32.933387,0.62486,32.933387,0.065428
32.959372,0.626223,32.959372,0.066373
32.985358,0.627561,32.985358,0.067327
33.011343,0.628876,33.011343,0.068287
33.037328,0.630166,33.037328,0.069254
33.063314,0.6314340000000001,33.063314,0.070226
33.089299,0.632677,33.089299,0.071204
33.115284,0.633898,33.115284,0.072185
33.14127,0.635097,33.14127,0.07317
33.167255,0.636274,33.167255,0.074158
33.19324,0.637429,33.19324,0.07514899999999999
33.219225,0.638562,33.219225,0.076142
33.245211,0.639675,33.245211,0.077138
33.271196,0.640768,33.271196,0.078136
33.297181,0.641841,33.297181,0.079135
33.323167,0.642895,33.323167,0.080136
33.349152,0.64393,33.349152,0.08114
33.375137,0.644946,33.375137,0.082145
33.401123,0.645943,33.401123,0.083153
33.427108,0.646922,33.427108,0.084163
33.453093,0.647883,33.453093,0.085175
33.479079,0.648825,33.479079,0.086191
33.505064,0.64975,33.505064,0.08721
33.531049,0.650655,33.531049,0.088232
33.557034,0.651542,33.557034,0.089258
33.58302,0.65241,33.58302,0.09028700000000001
33.609005,0.653259,33.609005,0.09132
33.63499,0.654088,33.63499,0.092358
33.660976,0.654896,33.660976,0.093399
33.686961,0.655684,33.686961,0.094444
33.712946,0.65645,33.712946,0.09549299999999999
33.738932,0.6571939999999999,33.738932,0.09654500000000001
33.764917,0.6579159999999999,33.764917,0.09760099999999999
33.790902,0.658615,33.790902,0.098659
33.816888,0.65929,33.816888,0.099719
33.842873,0.65994,33.842873,0.100781
33.868858,0.660566,33.868858,0.101844
33.894843,0.661166,33.894843,0.102906
33.920829,0.661741,33.920829,0.103968
33.946814,0.66229,33.946814,0.105027
33.972799,0.662812,33.972799,0.106084
33.998785,0.663308,33.998785,0.107136
34.02477,0.663777,34.02477,0.108184
34.050755,0.664219,34.050755,0.109225
34.076741,0.664635,34.076741,0.110258
34.102726,0.665025,34.102726,0.111283
34.128711,0.665388,34.128711,0.112298
34.154697,0.665726,34.154697,0.113301
34.180682,0.666039,34.180682,0.114292
34.206667,0.666328,34.206667,0.11527
34.232652,0.666592,34.232652,0.116233
34.258638,0.666834,34.258638,0.11718
34.284623,0.667054,34.284623,0.11811
34.310608,0.667253,34.310608,0.119023
34.336594,0.667432,34.336594,0.119918
34.362579,0.667592,34.362579,0.120793
34.388564,0.667734,34.388564,0.121649
34.41455,0.667859,34.41455,0.122484
34.440535,0.66797,34.440535,0.123297
34.46652,0.668066,34.46652,0.12409
34.492506,0.668149,34.492506,0.124861
34.518491,0.668222,34.518491,0.12561
34.544476,0.668284,34.544476,0.126337
34.570462,0.668337,34.570462,0.127042
34.596447,0.6683829999999999,34.596447,0.127725
34.622432,0.668423,34.622432,0.128386
34.648417,0.668459,34.648417,0.129026
34.674403,0.6684909999999999,34.674403,0.129645
34.700388,0.66852,34.700388,0.130243
34.726373,0.6685489999999999,34.726373,0.130821
34.752359,0.668578,34.752359,0.131379
34.778344,0.668608,34.778344,0.131919
34.804329,0.668641,34.804329,0.13244
34.830315,0.668677,34.830315,0.132945
34.8563,0.668718,34.8563,0.133433
34.882285,0.668764,34.882285,0.133906
34.908271,0.668816,34.908271,0.134365
34.934256,0.668875,34.934256,0.13481
34.960241,0.668942,34.960241,0.135244
34.986226,0.669017,34.986226,0.135667
35.012212,0.6691,35.012212,0.136081
35.038197,0.669194,35.038197,0.136487
35.064182,0.669296,35.064182,0.136886
35.090168,0.669409,35.090168,0.137279
35.116153,0.669531,35.116153,0.137669
35.142138,0.669664,35.142138,0.138056
35.168124,0.669806,35.168124,0.138443
35.194109,0.669959,35.194109,0.138829
35.220094,0.670121,35.220094,0.139218
35.24608,0.670292,35.24608,0.13961
35.272065,0.670472,35.272065,0.140006
35.29805,0.67066,35.29805,0.140409
35.324035,0.670855,35.324035,0.140819
35.350021,0.671057,35.350021,0.141237
35.376006,0.671264,35.376006,0.141665
35.401991,0.671477,35.401991,0.142105
35.427977,0.671692,35.427977,0.142556
35.453962,0.671911,35.453962,0.143021
35.479947,0.67213,35.479947,0.143499
35.505933,0.672349,35.505933,0.143992
35.531918,0.672567,35.531918,0.144501
35.557903,0.672781,35.557903,0.145025
35.583889,0.672991,35.583889,0.145567
35.609874,0.673195,35.609874,0.146125
35.635859,0.673391,35.635859,0.1467
35.661845,0.673577,35.661845,0.147292
35.68783,0.673753,35.68783,0.147902
35.713815,0.673916,35.713815,0.148528
35.7398,0.674065,35.7398,0.149172
35.765786,0.674198,35.765786,0.149832
35.791771,0.6743130000000001,35.791771,0.150507
35.817756,0.67441,35.817756,0.151198
35.843742,0.674485,35.843742,0.151903
35.869727,0.674539,35.869727,0.152621
35.895712,0.67457,35.895712,0.153352
35.921698,0.674576,35.921698,0.154095
35.947683,0.674556,35.947683,0.154847
35.973668,0.674508,35.973668,0.155609
35.999654,0.6744329999999999,35.999654,0.156377
36.025639,0.674328,36.025639,0.157152
36.051624,0.674193,36.051624,0.157931
36.077609,0.674028,36.077609,0.158713
36.103595,0.67383,36.103595,0.159496
36.12958,0.673601,36.12958,0.160278
36.155565,0.673339,36.155565,0.161058
36.181551,0.673044,36.181551,0.161833
36.207536,0.672716,36.207536,0.162602
36.233521,0.672355,36.233521,0.163363
36.259507,0.671961,36.259507,0.164114
36.285492,0.671533,36.285492,0.164853
36.311477,0.671073,36.311477,0.165578
36.337463,0.670581,36.337463,0.166288
36.363448,0.670058,36.363448,0.16698
36.389433,0.669503,36.389433,0.167653
36.415418,0.668919,36.415418,0.168305
36.441404,0.668305,36.441404,0.168934
36.467389,0.667663,36.467389,0.169539
36.493374,0.666994,36.493374,0.170118
36.51936,0.6663,36.51936,0.170669
36.545345,0.665581,36.545345,0.171192
36.57133,0.66484,36.57133,0.171684
36.597316,0.6640779999999999,36.597316,0.172145
36.623301,0.663296,36.623301,0.172574
36.649286,0.662496,36.649286,0.17297
36.675272,0.661681,36.675272,0.173332
36.701257,0.660851,36.701257,0.17366
36.727242,0.660009,36.727242,0.173952
36.753228,0.659156,36.753228,0.174209
36.779213,0.658295,36.779213,0.17443
36.805198,0.657427,36.805198,0.174616
36.831183,0.656555,36.831183,0.174766
36.857169,0.655679,36.857169,0.174881
36.883154,0.654803,36.883154,0.174961
36.909139,0.653927,36.909139,0.175007
36.935125,0.653053,36.935125,0.175019
36.96111,0.652183,36.96111,0.174998
36.987095,0.651319,36.987095,0.174946
37.013081,0.650462,37.013081,0.174862
37.039066,0.649612,37.039066,0.174749
37.065051,0.648772,37.065051,0.174607
37.091037,0.647942,37.091037,0.174438
37.117022,0.647124,37.117022,0.174243
37.143007,0.646317,37.143007,0.174024
37.168992,0.645523,37.168992,0.173781
37.194978,0.644743,37.194978,0.173516
37.220963,0.643976,37.220963,0.173231
37.246948,0.643223,37.246948,0.172927
37.272934,0.6424840000000001,37.272934,0.172605
37.298919,0.6417580000000001,37.298919,0.172267
37.324904,0.641047,37.324904,0.171914
37.35089,0.6403489999999999,37.35089,0.171547
37.376875,0.639665,37.376875,0.171167
37.40286,0.638994,37.40286,0.170776
37.428846,0.638335,37.428846,0.170373
37.454831,0.637688,37.454831,0.16996
37.480816,0.637052,37.480816,0.169538
37.506801,0.636428,37.506801,0.169107
37.532787,0.635813,37.532787,0.168668
37.558772,0.635208,37.558772,0.16822
37.584757,0.634612,37.584757,0.167765
37.610743,0.6340249999999999,37.610743,0.167303
37.636728,0.633445,37.636728,0.166833
37.662713,0.632873,37.662713,0.166355
37.688699,0.632307,37.688699,0.16587
37.714684,0.631748,37.714684,0.165377
37.740669,0.631195,37.740669,0.164876
37.766655,0.630648,37.766655,0.164367
37.79264,0.630107,37.79264,0.16385
37.818625,0.629571,37.818625,0.163323
37.844611,0.629041,37.844611,0.162787
37.870596,0.628516,37.870596,0.162242
37.896581,0.627997,37.896581,0.161687
37.922566,0.627484,37.922566,0.161123
37.948552,0.626978,37.948552,0.160547
37.974537,0.626477,37.974537,0.159962
38.000522,0.625984,38.000522,0.159365
38.026508,0.625498,38.026508,0.158758
38.052493,0.62502,38.052493,0.158141
38.078478,0.62455,38.078478,0.157513
38.104464,0.624089,38.104464,0.156874
38.130449,0.623636,38.130449,0.156225
38.156434,0.623194,38.156434,0.155566
38.18242,0.622761,38.18242,0.154897
38.208405,0.622339,38.208405,0.154219
38.23439,0.621927,38.23439,0.153533
38.260375,0.6215270000000001,38.260375,0.152838
38.286361,0.6211370000000001,38.286361,0.152135
38.312346,0.62076,38.312346,0.151425
38.338331,0.620394,38.338331,0.150709
38.364317,0.620039,38.364317,0.149987
38.390302,0.6196970000000001,38.390302,0.149259
38.416287,0.619366,38.416287,0.148527
38.442273,0.619047,38.442273,0.14779
38.468258,0.618738,38.468258,0.14705
38.494243,0.618442,38.494243,0.146307
38.520229,0.618156,38.520229,0.145561
38.546214,0.617881,38.546214,0.144813
38.572199,0.6176160000000001,38.572199,0.144063
38.598184,0.617361,38.598184,0.143311
38.62417,0.617115,38.62417,0.142558
38.650155,0.616879,38.650155,0.141804
38.67614,0.616652,38.67614,0.14105
38.702126,0.616434,38.702126,0.140294
38.728111,0.616224,38.728111,0.139537
38.754096,0.616022,38.754096,0.13878
38.780082,0.615828,38.780082,0.138022
38.806067,0.615642,38.806067,0.137262
38.832052,0.615464,38.832052,0.136502
38.858038,0.615293,38.858038,0.135741
38.884023,0.61513,38.884023,0.134979
38.910008,0.614975,38.910008,0.134215
38.935994,0.614828,38.935994,0.13345
38.961979,0.614689,38.961979,0.132684
38.987964,0.614558,38.987964,0.131917
39.013949,0.614435,39.013949,0.131149
39.039935,0.614321,39.039935,0.13038
39.06592,0.614217,39.06592,0.129611
39.091905,0.614121,39.091905,0.128841
39.117891,0.614036,39.117891,0.128072
39.143876,0.61396,39.143876,0.127305
39.169861,0.613895,39.169861,0.126538
39.195847,0.6138400000000001,39.195847,0.125775
39.221832,0.613795,39.221832,0.125014
39.247817,0.613761,39.247817,0.124259
39.273803,0.613737,39.273803,0.123508
39.299788,0.613723,39.299788,0.122764
39.325773,0.613719,39.325773,0.122028
39.351758,0.613725,39.351758,0.1213
39.377744,0.613739,39.377744,0.120583
39.403729,0.613761,39.403729,0.119877
39.429714,0.6137899999999999,39.429714,0.119184
39.4557,0.613824,39.4557,0.118505
39.481685,0.613863,39.481685,0.11784
39.50767,0.613905,39.50767,0.117192
39.533656,0.613948,39.533656,0.116561
39.559641,0.613991,39.559641,0.115948
39.585626,0.61403,39.585626,0.115354
39.611612,0.614065,39.611612,0.114779
39.637597,0.614092,39.637597,0.114223
39.663582,0.61411,39.663582,0.113686
39.689567,0.614115,39.689567,0.113169
39.715553,0.614105,39.715553,0.11267
39.741538,0.614077,39.741538,0.112189
39.767523,0.614029,39.767523,0.111725
39.793509,0.613958,39.793509,0.111277
39.819494,0.613861,39.819494,0.110842
39.845479,0.613735,39.845479,0.110418
39.871465,0.613579,39.871465,0.110004
39.89745,0.61339,39.89745,0.109597
39.923435,0.613165,39.923435,0.109192
39.949421,0.612904,39.949421,0.108788
39.975406,0.612603,39.975406,0.10838
40.001391,0.612263,40.001391,0.107965
40.027376,0.611881,40.027376,0.107537
40.053362,0.6114579999999999,40.053362,0.107094
40.079347,0.610993,40.079347,0.10663
40.105332,0.610486,40.105332,0.106141
40.131318,0.609938,40.131318,0.105621
40.157303,0.609351,40.157303,0.105067
40.183288,0.608725,40.183288,0.104473
40.209274,0.608063,40.209274,0.103835
40.235259,0.607367,40.235259,0.103148
40.261244,0.60664,40.261244,0.102407
40.28723,0.605885,40.28723,0.101608
40.313215,0.605107,40.313215,0.100748
40.3392,0.60431,40.3392,0.09982199999999999
40.365186,0.603498,40.365186,0.098828
40.391171,0.602677,40.391171,0.097761
40.417156,0.601851,40.417156,0.096621
40.443141,0.601027,40.443141,0.095405
40.469127,0.60021,40.469127,0.09411
40.495112,0.599407,40.495112,0.092738
40.521097,0.598623,40.521097,0.09128600000000001
40.547083,0.597864,40.547083,0.089755
40.573068,0.5971379999999999,40.573068,0.088147
40.599053,0.59645,40.599053,0.086462
40.625039,0.5958059999999999,40.625039,0.084702
40.651024,0.595212,40.651024,0.082871
40.677009,0.594675,40.677009,0.08097
40.702995,0.5942,40.702995,0.079004
40.72898,0.593791,40.72898,0.076977
40.754965,0.593454,40.754965,0.074893
40.78095,0.593193,40.78095,0.072758
40.806936,0.593012,40.806936,0.070576
40.832921,0.592915,40.832921,0.068354
40.858906,0.592904,40.858906,0.066098
40.884892,0.592983,40.884892,0.063815
40.910877,0.593152,40.910877,0.061509
40.936862,0.593414,40.936862,0.059189
40.962848,0.59377,40.962848,0.056861
40.988833,0.5942190000000001,40.988833,0.054531
41.014818,0.594761,41.014818,0.052207
41.040804,0.595396,41.040804,0.049894
41.066789,0.596121,41.066789,0.0476
41.092774,0.596936,41.092774,0.04533
41.118759,0.597838,41.118759,0.04309
41.144745,0.598824,41.144745,0.040886
41.17073,0.59989,41.17073,0.038723
41.196715,0.601035,41.196715,0.036607
41.222701,0.602252,41.222701,0.034541
41.248686,0.603539,41.248686,0.03253
41.274671,0.60489,41.274671,0.030578
41.300657,0.606302,41.300657,0.028688
41.326642,0.607769,41.326642,0.026862
41.352627,0.609287,41.352627,0.025104
41.378613,0.61085,41.378613,0.023415
41.404598,0.6124540000000001,41.404598,0.021796
41.430583,0.614093,41.430583,0.020249
41.456569,0.6157629999999999,41.456569,0.018775
41.482554,0.617459,41.482554,0.017372
41.508539,0.6191759999999999,41.508539,0.016042
41.534524,0.620909,41.534524,0.014784
41.56051,0.622655,41.56051,0.013597
41.586495,0.624408,41.586495,0.012479
41.61248,0.626165,41.61248,0.01143
41.638466,0.627922,41.638466,0.010447
41.664451,0.629675,41.664451,0.009528999999999999
41.690436,0.631422,41.690436,0.008673999999999999
41.716422,0.633159,41.716422,0.007878
41.742407,0.634883,41.742407,0.007141
41.768392,0.636592,41.768392,0.006459
41.794378,0.638283,41.794378,0.00583
41.820363,0.639956,41.820363,0.005251
41.846348,0.641607,41.846348,0.004719
41.872333,0.643236,41.872333,0.004232
41.898319,0.644841,41.898319,0.003787
41.924304,0.646421,41.924304,0.003382
41.950289,0.647975,41.950289,0.003013
41.976275,0.6495030000000001,41.976275,0.002679
42.00226,0.651004,42.00226,0.002377
42.028245,0.652478,42.028245,0.002104
42.054231,0.653925,42.054231,0.001858
42.080216,0.655344,42.080216,0.001638
42.106201,0.656737,42.106201,0.00144
42.132187,0.658102,42.132187,0.001264
42.158172,0.6594410000000001,42.158172,0.001107
42.184157,0.660753,42.184157,0.000967
42.210142,0.66204,42.210142,0.000843
42.236128,0.6633019999999999,42.236128,0.000733
42.262113,0.664539,42.262113,0.000636
42.288098,0.665752,42.288098,0.0005509999999999999
42.314084,0.666942,42.314084,0.000476
42.340069,0.668109,42.340069,0.00041
42.366054,0.669255,42.366054,0.000353
42.39204,0.6703789999999999,42.39204,0.000303
42.418025,0.6714830000000001,42.418025,0.000259
42.44401,0.672567,42.44401,0.000221
42.469996,0.673632,42.469996,0.000189
42.495981,0.674679,42.495981,0.00016
42.521966,0.675708,42.521966,0.000136
42.547952,0.67672,42.547952,0.000115
42.573937,0.677716,42.573937,9.7e-05
42.599922,0.678696,42.599922,8.2e-05
42.625907,0.679661,42.625907,6.9e-05
42.651893,0.680611,42.651893,5.8e-05
42.677878,0.681547,42.677878,4.9e-05
42.703863,0.68247,42.703863,4.1e-05
42.729849,0.68338,42.729849,3.4e-05
42.755834,0.684277,42.755834,2.8e-05
42.781819,0.685162,42.781819,2.3e-05
42.807805,0.686036,42.807805,1.9e-05
42.83379,0.686898,42.83379,1.6e-05
42.859775,0.68775,42.859775,1.3e-05
42.885761,0.688591,42.885761,1.1e-05
42.911746,0.689423,42.911746,9e-06
42.937731,0.690244,42.937731,8e-06
42.963716,0.691057,42.963716,6e-06
42.989702,0.69186,42.989702,5e-06
43.015687,0.692654,43.015687,4e-06
43.041672,0.6934399999999999,43.041672,4e-06
43.067658,0.694217,43.067658,3e-06
43.093643,0.694987,43.093643,3e-06
43.119628,0.695749,43.119628,2e-06
43.145614,0.696503,43.145614,2e-06
43.171599,0.69725,43.171599,2e-06
43.197584,0.697989,43.197584,1e-06
43.22357,0.698722,43.22357,1e-06
43.249555,0.699448,43.249555,1e-06
43.27554,0.700167,43.27554,1e-06
43.301525,0.7008799999999999,43.301525,1e-06
43.327511,0.701587,43.327511,1e-06
43.353496,0.702288,43.353496,1e-06
43.379481,0.702982,43.379481,1e-06
43.405467,0.703671,43.405467,1e-06
43.431452,0.704354,43.431452,1e-06
43.457437,0.705031,43.457437,1e-06
43.483423,0.705703,43.483423,1e-06
43.509408,0.7063700000000001,43.509408,1e-06
43.535393,0.707031,43.535393,1e-06
43.561379,0.707688,43.561379,1e-06
43.587364,0.7083390000000001,43.587364,1e-06
43.613349,0.708985,43.613349,1e-06
43.639335,0.709627,43.639335,1e-06
43.66532,0.710264,43.66532,1e-06
43.691305,0.710896,43.691305,1e-06
43.71729,0.711524,43.71729,1e-06
43.743276,0.712147,43.743276,1e-06
43.769261,0.712766,43.769261,1e-06
43.795246,0.713381,43.795246,1e-06
43.821232,0.713991,43.821232,1e-06
43.847217,0.714598,43.847217,1e-06
43.873202,0.7151999999999999,43.873202,1e-06
43.899188,0.715798,43.899188,1e-06
43.925173,0.716392,43.925173,1e-06
43.951158,0.716983,43.951158,1e-06
43.977144,0.71757,43.977144,1e-06
44.003129,0.718153,44.003129,1e-06
44.029114,0.718732,44.029114,1e-06
44.055099,0.719307,44.055099,1e-06
44.081085,0.71988,44.081085,1e-06
44.10707,0.720448,44.10707,1e-06
44.133055,0.721013,44.133055,1e-06
44.159041,0.721575,44.159041,1e-06
44.185026,0.7221340000000001,44.185026,1e-06
44.211011,0.722689,44.211011,2e-06
44.236997,0.723241,44.236997,2e-06
44.262982,0.723789,44.262982,2e-06
44.288967,0.724335,44.288967,2e-06
44.314953,0.724877,44.314953,2e-06
44.340938,0.725417,44.340938,2e-06
44.366923,0.725953,44.366923,2e-06
44.392908,0.726486,44.392908,2e-06
44.418894,0.727017,44.418894,2e-06
44.444879,0.727544,44.444879,2e-06
44.470864,0.728069,44.470864,2e-06
44.49685,0.728591,44.49685,2e-06
44.522835,0.72911,44.522835,2e-06
44.54882,0.729627,44.54882,2e-06
44.574806,0.73014,44.574806,2e-06
44.600791,0.7306510000000001,44.600791,2e-06
44.626776,0.73116,44.626776,2e-06
44.652762,0.731665,44.652762,2e-06
44.678747,0.732168,44.678747,2e-06
44.704732,0.732669,44.704732,2e-06
44.730718,0.733167,44.730718,2e-06
44.756703,0.733663,44.756703,2e-06
44.782688,0.734156,44.782688,2e-06
44.808673,0.734647,44.808673,2e-06
44.834659,0.735135,44.834659,2e-06
44.860644,0.735621,44.860644,2e-06
44.886629,0.736105,44.886629,2e-06
44.912615,0.736586,44.912615,2e-06
44.9386,0.737065,44.9386,2e-06
44.964585,0.737542,44.964585,2e-06
44.990571,0.738017,44.990571,2e-06
45.016556,0.738489,45.016556,2e-06
45.042541,0.738959,45.042541,2e-06
45.068527,0.7394269999999999,45.068527,2e-06
45.094512,0.739893,45.094512,2e-06
45.120497,0.740357,45.120497,2e-06
45.146482,0.740819,45.146482,2e-06
45.172468,0.741278,45.172468,2e-06
45.198453,0.741736,45.198453,2e-06
45.224438,0.742191,45.224438,2e-06
45.250424,0.742645,45.250424,2e-06
45.276409,0.743096,45.276409,2e-06
45.302394,0.743546,45.302394,2e-06
45.32838,0.743994,45.32838,2e-06
45.354365,0.744439,45.354365,2e-06
45.38035,0.744883,45.38035,2e-06
45.406336,0.745325,45.406336,2e-06
45.432321,0.745765,45.432321,2e-06
45.458306,0.7462029999999999,45.458306,2e-06
45.484291,0.7466390000000001,45.484291,2e-06
45.510277,0.747074,45.510277,2e-06
45.536262,0.747507,45.536262,2e-06
45.562247,0.747938,45.562247,2e-06
45.588233,0.748367,45.588233,2e-06
45.614218,0.748794,45.614218,2e-06
45.640203,0.74922,45.640203,2e-06
45.666189,0.749644,45.666189,2e-06
45.692174,0.750066,45.692174,2e-06
45.718159,0.750487,45.718159,2e-06
45.744145,0.750906,45.744145,2e-06
45.77013,0.751323,45.77013,2e-06
45.796115,0.751739,45.796115,2e-06
45.8221,0.752153,45.8221,2e-06
45.848086,0.752565,45.848086,2e-06
45.874071,0.752976,45.874071,2e-06
45.900056,0.753386,45.900056,2e-06
45.926042,0.753793,45.926042,2e-06
45.952027,0.754199,45.952027,2e-06
45.978012,0.7546040000000001,45.978012,2e-06
46.003998,0.755007,46.003998,2e-06
46.029983,0.755408,46.029983,2e-06
46.055968,0.755808,46.055968,2e-06
46.081954,0.756207,46.081954,2e-06
46.107939,0.7566040000000001,46.107939,2e-06
46.133924,0.757,46.133924,2e-06
46.15991,0.757394,46.15991,2e-06
46.185895,0.757787,46.185895,2e-06
46.21188,0.758178,46.21188,2e-06
46.237865,0.758568,46.237865,2e-06
46.263851,0.758956,46.263851,2e-06
46.289836,0.759343,46.289836,2e-06
46.315821,0.759729,46.315821,2e-06
46.341807,0.760113,46.341807,2e-06
46.367792,0.7604959999999999,46.367792,2e-06
46.393777,0.760877,46.393777,2e-06
46.419763,0.761258,46.419763,2e-06
46.445748,0.761636,46.445748,1e-06
46.471733,0.762014,46.471733,1e-06
46.497719,0.76239,46.497719,1e-06
46.523704,0.762765,46.523704,1e-06
46.549689,0.763139,46.549689,1e-06
46.575674,0.7635110000000001,46.575674,1e-06
46.60166,0.7638819999999999,46.60166,1e-06
46.627645,0.764252,46.627645,1e-06
46.65363,0.76462,46.65363,1e-06
46.679616,0.764988,46.679616,1e-06
46.705601,0.765354,46.705601,1e-06
46.731586,0.765719,46.731586,1e-06
46.757572,0.766082,46.757572,1e-06
46.783557,0.766445,46.783557,1e-06
46.809542,0.766806,46.809542,1e-06
46.835528,0.767166,46.835528,1e-06
46.861513,0.767524,46.861513,1e-06
46.887498,0.767882,46.887498,1e-06
46.913483,0.768238,46.913483,1e-06
46.939469,0.768594,46.939469,1e-06
46.965454,0.768948,46.965454,1e-06
46.991439,0.769301,46.991439,1e-06
47.017425,0.769653,47.017425,1e-06
47.04341,0.770003,47.04341,1e-06
47.069395,0.770353,47.069395,1e-06
47.095381,0.770701,47.095381,1e-06
47.121366,0.771049,47.121366,1e-06
47.147351,0.7713950000000001,47.147351,1e-06
47.173337,0.77174,47.173337,1e-06
47.199322,0.772084,47.199322,1e-06
47.225307,0.772427,47.225307,1e-06
47.251293,0.772769,47.251293,1e-06
47.277278,0.77311,47.277278,1e-06
47.303263,0.7734490000000001,47.303263,1e-06
47.329248,0.773788,47.329248,1e-06
47.355234,0.774126,47.355234,1e-06
47.381219,0.774462,47.381219,1e-06
47.407204,0.774798,47.407204,1e-06
47.43319,0.775133,47.43319,1e-06
47.459175,0.775466,47.459175,1e-06
47.48516,0.775799,47.48516,1e-06
47.511146,0.77613,47.511146,1e-06
47.537131,0.776461,47.537131,1e-06
47.563116,0.77679,47.563116,1e-06
47.589102,0.777119,47.589102,1e-06
47.615087,0.777446,47.615087,1e-06
47.641072,0.777773,47.641072,1e-06
47.667057,0.778098,47.667057,1e-06
47.693043,0.778423,47.693043,1e-06
47.719028,0.778747,47.719028,1e-06
47.745013,0.779069,47.745013,1e-06
47.770999,0.7793909999999999,47.770999,1e-06
47.796984,0.779712,47.796984,1e-06
47.822969,0.7800319999999999,47.822969,1e-06
47.848955,0.780351,47.848955,1e-06
47.87494,0.7806689999999999,47.87494,1e-06
47.900925,0.780986,47.900925,1e-06
47.926911,0.7813020000000001,47.926911,1e-06
47.952896,0.781617,47.952896,1e-06
47.978881,0.781931,47.978881,1e-06
48.004866,0.782245,48.004866,1e-06
48.030852,0.7825569999999999,48.030852,1e-06
48.056837,0.782869,48.056837,1e-06
48.082822,0.78318,48.082822,1e-06
48.108808,0.78349,48.108808,1e-06
48.134793,0.783799,48.134793,1e-06
48.160778,0.784107,48.160778,1e-06
48.186764,0.7844139999999999,48.186764,1e-06
48.212749,0.78472,48.212749,1e-06
48.238734,0.785026,48.238734,1e-06
48.26472,0.785331,48.26472,1e-06
48.290705,0.7856340000000001,48.290705,1e-06
48.31669,0.785937,48.31669,1e-06
48.342676,0.78624,48.342676,1e-06
48.368661,0.786541,48.368661,1e-06
48.394646,0.786841,48.394646,1e-06
48.420631,0.787141,48.420631,1e-06
48.446617,0.78744,48.446617,1e-06
48.472602,0.787738,48.472602,1e-06
48.498587,0.788035,48.498587,1e-06
48.524573,0.788331,48.524573,1e-06
48.550558,0.788627,48.550558,1e-06
48.576543,0.788922,48.576543,1e-06
48.602529,0.789216,48.602529,1e-06
48.628514,0.789509,48.628514,1e-06
48.654499,0.789801,48.654499,1e-06
48.680485,0.790093,48.680485,1e-06
48.70647,0.790384,48.70647,1e-06
48.732455,0.790674,48.732455,1e-06
48.75844,0.790963,48.75844,1e-06
48.784426,0.791252,48.784426,1e-06
48.810411,0.791539,48.810411,1e-06
48.836396,0.791826,48.836396,1e-06
48.862382,0.792113,48.862382,1e-06
48.888367,0.792398,48.888367,1e-06
48.914352,0.792683,48.914352,1e-06
48.940338,0.792967,48.940338,1e-06
48.966323,0.79325,48.966323,1e-06
48.992308,0.793533,48.992308,1e-06
49.018294,0.793814,49.018294,1e-06
49.044279,0.794095,49.044279,1e-06
49.070264,0.794376,49.070264,1e-06
49.096249,0.794655,49.096249,1e-06
49.122235,0.794934,49.122235,1e-06
49.14822,0.795212,49.14822,1e-06
49.174205,0.79549,49.174205,1e-06
49.200191,0.795766,49.200191,1e-06
49.226176,0.796042,49.226176,1e-06
49.252161,0.796318,49.252161,1e-06
49.278147,0.796592,49.278147,1e-06
49.304132,0.796866,49.304132,1e-06
49.330117,0.79714,49.330117,1e-06
49.356103,0.797412,49.356103,1e-06
49.382088,0.7976839999999999,49.382088,1e-06
49.408073,0.797955,49.408073,1e-06
49.434059,0.798226,49.434059,1e-06
49.460044,0.798495,49.460044,1e-06
49.486029,0.798764,49.486029,0
49.512014,0.799033,49.512014,0
49.538,0.799301,49.538,0
49.563985,0.7995679999999999,49.563985,0
49.58997,0.799834,49.58997,0
49.615956,0.8001,49.615956,0
49.641941,0.800365,49.641941,0
49.667926,0.80063,49.667926,0
49.693912,0.800894,49.693912,0
49.719897,0.801157,49.719897,0
49.745882,0.801419,49.745882,0
49.771868,0.801681,49.771868,0
49.797853,0.801943,49.797853,0
49.823838,0.802203,49.823838,0
49.849823,0.802463,49.849823,0
49.875809,0.802723,49.875809,0
49.901794,0.8029809999999999,49.901794,0
49.927779,0.803239,49.927779,0
49.953765,0.803497,49.953765,0
49.97975,0.803754,49.97975,0
50.005735,0.80401,50.005735,0
50.031721,0.804266,50.031721,0
50.057706,0.804521,50.057706,0
50.083691,0.804775,50.083691,0
50.109677,0.805029,50.109677,0
50.135662,0.8052820000000001,50.135662,0
50.161647,0.805535,50.161647,0
50.187632,0.805787,50.187632,0
50.213618,0.806038,50.213618,0
50.239603,0.806289,50.239603,0
50.265588,0.806539,50.265588,0
50.291574,0.806789,50.291574,0
50.317559,0.807038,50.317559,0
50.343544,0.8072859999999999,50.343544,0
50.36953,0.807534,50.36953,0
50.395515,0.807782,50.395515,0
50.4215,0.808028,50.4215,0
50.447486,0.808274,50.447486,0
50.473471,0.80852,50.473471,0
50.499456,0.808765,50.499456,0
50.525442,0.809009,50.525442,0
50.551427,0.809253,50.551427,0
50.577412,0.809497,50.577412,0
50.603397,0.809739,50.603397,0
50.629383,0.809982,50.629383,0
50.655368,0.810223,50.655368,0
50.681353,0.810464,50.681353,0
50.707339,0.810705,50.707339,0
50.733324,0.810945,50.733324,0
50.759309,0.811184,50.759309,0
50.785295,0.811423,50.785295,0
50.81128,0.811661,50.81128,0
50.837265,0.811899,50.837265,0
50.863251,0.812136,50.863251,0
50.889236,0.812373,50.889236,0
50.915221,0.812609,50.915221,0
50.941206,0.812845,50.941206,0
50.967192,0.81308,50.967192,0
50.993177,0.813315,50.993177,0
51.019162,0.813549,51.019162,0
51.045148,0.813782,51.045148,0
51.071133,0.814015,51.071133,0
51.097118,0.814248,51.097118,0
51.123104,0.81448,51.123104,0
51.149089,0.814711,51.149089,0
51.175074,0.8149420000000001,51.175074,0
51.20106,0.815173,51.20106,0
51.227045,0.815403,51.227045,0
51.25303,0.815632,51.25303,0
51.279015,0.8158609999999999,51.279015,0
51.305001,0.816089,51.305001,0
51.330986,0.816317,51.330986,0
51.356971,0.816545,51.356971,0
51.382957,0.816771,51.382957,0
51.408942,0.816998,51.408942,0
51.434927,0.817224,51.434927,0
51.460913,0.817449,51.460913,0
51.486898,0.817674,51.486898,0
51.512883,0.817899,51.512883,0
51.538869,0.818122,51.538869,0
51.564854,0.818346,51.564854,0
51.590839,0.818569,51.590839,0
51.616824,0.818791,51.616824,0
51.64281,0.819013,51.64281,0
51.668795,0.819235,51.668795,0
51.69478,0.819456,51.69478,0
51.720766,0.819677,51.720766,0
51.746751,0.819897,51.746751,0
51.772736,0.820116,51.772736,0
51.798722,0.820335,51.798722,0
51.824707,0.820554,51.824707,0
51.850692,0.8207719999999999,51.850692,0
51.876678,0.82099,51.876678,0
51.902663,0.821207,51.902663,0
51.928648,0.821424,51.928648,0
51.954634,0.821641,51.954634,0
