0.01,0.4887860187105021
0.035985,0.4617610968103391
0.061971,0.44787516685448
0.08795600000000001,0.4383141247538297
0.113941,0.4309269488136669
0.139927,0.4248414905691756
0.165912,0.419612774914405
0.191897,0.4149809288459758
0.217882,0.4107797978831243
0.243868,0.4068960058809663
0.269853,0.4032483747850343
0.295838,0.3997763874104752
0.321824,0.3964335932651179
0.347809,0.3931833790315658
0.373794,0.3899963007018239
0.39978,0.3868483332075665
0.425765,0.3837195023967748
0.45175,0.3805931742416314
0.477736,0.3774553529302425
0.503721,0.3742942236762302
0.529706,0.3710999051935325
0.555691,0.3678641814994271
0.581677,0.3645803658993287
0.607662,0.3612431645923284
0.633647,0.3578486907035937
0.659633,0.3543944092521046
0.6856179999999999,0.3508791064342556
0.711603,0.3473029423807569
0.7375890000000001,0.3436674970894442
0.763574,0.339975774143283
0.789559,0.3362322514063036
0.815545,0.3324430099718679
0.84153,0.3286156039331579
0.867515,0.324759233569175
0.893501,0.3208847151552255
0.919486,0.3170043513039334
0.945471,0.313131965575204
0.971456,0.3092827057119331
0.9974420000000001,0.3054730119584704
1.023427,0.3017202116337875
1.049412,0.2980424756064642
1.075398,0.2944583131581479
1.101383,0.290986340149669
1.127368,0.2876448549544225
1.153354,0.2844514234764213
1.179339,0.2814224526077215
1.205324,0.278572862438334
1.23131,0.2759156340596247
1.257295,0.2734615831124024
1.28328,0.2712190312013932
1.309265,0.2691937360438684
1.335251,0.2673887282670195
1.361236,0.2658043684265
1.387221,0.2644385031330199
1.413207,0.2632864743232648
1.439192,0.2623415308451779
1.465177,0.2615949159698223
1.491163,0.2610364460320568
1.517148,0.260654586106173
1.543133,0.2604368672561572
1.569119,0.2603703092472978
1.595104,0.2604415083614506
1.621089,0.2606370907163573
1.647074,0.2609438629956691
1.67306,0.2613489981832644
1.699045,0.2618401890850467
1.72503,0.2624057972265913
1.751016,0.2630349948017259
1.777001,0.2637176783077474
1.802986,0.2644445779459109
1.828972,0.2652073561486518
1.854957,0.2659984916902199
1.880942,0.2668112534212977
1.906928,0.2676397247643438
1.932913,0.2684788051805202
1.958898,0.2693240243205097
1.984884,0.2701716434744306
2.010869,0.2710184651688442
2.036854,0.2718619125835027
2.062839,0.2726998422702959
2.088825,0.2735306229899768
2.11481,0.2743530101083754
2.140795,0.2751660240810717
2.166781,0.2759690854551603
2.192766,0.2767617685998069
2.218751,0.2775438864613379
2.244737,0.2783154258869667
2.270722,0.2790764174256571
2.296707,0.2798268908873885
2.322693,0.2805677809049898
2.348678,0.2812986308543045
2.374663,0.2820197462213945
2.400648,0.2827319795045035
2.426634,0.2834350839871591
2.452619,0.2841294430915564
2.478604,0.2848149113282396
2.50459,0.2854915458336157
2.530575,0.2861595284301388
2.55656,0.2868184673054536
2.582546,0.2874684678264267
2.608531,0.2881091259741562
2.634516,0.2887400673207815
2.660502,0.2893607842633991
2.686487,0.2899714315979977
2.712472,0.2905713309070214
2.738457,0.2911598707908227
2.764443,0.2917366490828321
2.790428,0.2923013582485192
2.816413,0.292853431112156
2.842399,0.2933924781267641
2.868384,0.2939181681313887
2.894369,0.294430214318752
2.920355,0.2949285954763107
2.94634,0.2954131059743647
2.972325,0.2958837441643854
2.998311,0.2963404692717325
3.024296,0.2967834671107363
3.050281,0.2972131482700639
3.076267,0.297629700957286
3.102252,0.2980336947533349
3.128237,0.2984259070530877
3.154222,0.2988069752481568
3.180208,0.2991776612482779
3.206193,0.2995388936288266
3.232178,0.2998916846389819
3.258164,0.3002371135979818
3.284149,0.3005763156520421
3.310134,0.3009105284466655
3.33612,0.301240934248469
3.362105,0.3015688077113233
3.38809,0.3018954219201839
3.414076,0.3022220601409664
3.440061,0.3025499113116052
3.466046,0.3028801955853035
3.492031,0.3032140227851159
3.518017,0.303552534225031
3.544002,0.3038967113878721
3.569987,0.3042474450320091
3.595973,0.3046055517202875
3.621958,0.3049717093038625
3.647943,0.3053464910956857
3.673929,0.3057303866492775
3.699914,0.3061237003898706
3.725899,0.3065266590067173
3.751885,0.3069393090408383
3.77787,0.3073616367778266
3.803855,0.3077934787297359
3.82984,0.3082345910865742
3.855826,0.3086845597402805
3.881811,0.3091429767035684
3.907796,0.3096093124024042
3.933782,0.3100828693862118
3.959767,0.3105630838600013
3.985752,0.311049201960793
4.011738,0.3115404882546975
4.037723,0.3120361819933397
4.063708,0.3125355495409242
4.089694,0.3130378391721589
4.115679,0.3135423368317071
4.141664,0.314048359356597
4.16765,0.3145552271817644
4.193635,0.3150624482855135
4.21962,0.3155694802146987
4.245605,0.316075889347385
4.271591,0.3165813892413665
4.297576,0.3170857678967787
4.323561,0.3175888932477724
4.349547,0.3180908394381189
4.375532,0.3185916685838436
4.401517,0.3190915875016822
4.427503,0.3195910205911205
4.453488,0.3200903856861857
4.479473,0.3205902820866405
4.505459,0.3210914281382976
4.531444,0.3215945770292802
4.557429,0.322100706549848
4.583414,0.32261073161707
4.6094,0.3231258047231504
4.635385,0.3236469883446597
4.66137,0.3241755582462332
4.687356,0.3247127352473915
4.713341,0.3252597822035523
4.739326,0.3258180453212604
4.765312,0.3263887866785559
4.791297,0.3269732939238125
4.817282,0.3275728728700292
4.843268,0.3281887351600959
4.869253,0.3288219954944909
4.895238,0.3294737957619323
4.921223,0.3301450943625565
4.947209,0.3308368366074946
4.973194,0.3315498312155498
4.999179,0.3322847638359876
5.025165,0.3330422148094742
5.05115,0.333822598395137
5.077135,0.3346262703161023
5.103121,0.3354533690478479
5.129106,0.3363039779856892
5.155091,0.3371779779225297
5.181077,0.3380751288583664
5.207062,0.3389950565266002
5.233047,0.3399372670233479
5.259033,0.3409011404572463
5.285018,0.3418858893701786
5.311003,0.3428907650282372
5.336988,0.3439146889279189
5.362974,0.3449567410167342
5.388959,0.3460156540592425
5.414944,0.347090260183176
5.44093,0.3481792963567981
5.466915,0.3492813544321561
5.4929,0.3503950215611772
5.518886,0.3515189047720589
5.544871,0.3526513904084838
5.570856,0.3537910421692469
5.596842,0.3549362976612852
5.622827,0.3560855204462966
5.648812,0.3572371624084705
5.674797,0.3583896634510106
5.700783,0.359541390208352
5.726768,0.3606907627757198
5.752753,0.361836278053571
5.778739,0.3629762731238863
5.804724,0.3641092958685985
5.830709,0.3652337927972832
5.856695,0.3663483510254921
5.88268,0.3674514933164486
5.908665,0.3685417999050676
5.934651,0.3696179442894424
5.960636,0.370678613457031
5.986621,0.3717225206804006
6.012606,0.3727484227539136
6.038592,0.3737552535243427
6.064577,0.3747418502835472
6.090562,0.3757071772569741
6.116548,0.3766502664218137
6.142533,0.3775702675404438
6.168518,0.3784662542591952
6.194504,0.3793375371361541
6.220489,0.3801833566891656
6.246474,0.3810031522946083
6.27246,0.3817963328293297
6.298445,0.3825624558934099
6.32443,0.3833010794036646
6.350415,0.3840118900154323
6.376401,0.384694673140042
6.402386,0.3853492145321904
6.428371,0.3859753891591221
6.454357,0.3865731360559359
6.480342,0.3871424583711857
6.506327,0.3876833923135161
6.532313,0.3881960696247188
6.558298,0.3886806649701752
6.584283,0.3891372743390996
6.610269,0.3895661341972317
6.636254,0.3899674103816537
6.662239,0.3903413849084337
6.688225,0.3906881806659632
6.71421,0.3910080783240274
6.740195,0.3913011894515322
6.76618,0.3915676995983384
6.792166,0.3918076724826181
6.818151,0.3920210954066475
6.844136,0.3922080186847059
6.870122,0.3923683072811159
6.896107,0.3925017835168308
6.922092,0.3926081453494414
6.948078,0.3926870272382704
6.974063,0.3927379599728221
7.000048,0.3927603006472027
7.026034,0.3927532792259084
7.052019,0.392716159894866
7.078004,0.3926478715803089
7.103989,0.392547378630641
7.129975,0.3924134313824444
7.15596,0.3922446828904258
7.181945,0.3920395547478349
7.207931,0.3917965551641236
7.233916,0.3915139314637848
7.259901,0.3911896666696161
7.285887,0.3908219297463921
7.311872,0.3904085609405047
7.337857,0.3899474822433346
7.363843,0.3894363180248872
7.389828,0.3888728038495485
7.415813,0.3882544996742751
7.441798,0.3875789054478881
7.467784,0.3868434996679149
7.493769,0.3860457908002582
7.519754,0.3851832542020285
7.54574,0.3842532585181808
7.571725,0.3832533089781339
7.59771,0.3821808176863473
7.623696,0.3810335333638743
7.649681,0.3798090587175905
7.675666,0.3785050298521001
7.701652,0.377119309388873
7.727637,0.375650021655839
7.753622,0.3740952190191928
7.779608,0.3724532644949473
7.805593,0.3707226801734221
7.831578,0.3689022854229185
7.857563,0.3669909073502954
7.883549,0.3649878396564752
7.909534,0.3628926506861272
7.935519,0.3607051300247246
7.961505,0.3584255273834889
7.98749,0.3560540483098423
8.013475,0.3535918518042881
8.039460999999999,0.351039671169685
8.065446,0.348399138401685
8.091431,0.3456721421597205
8.117417,0.3428607704391368
8.143402,0.3399677413926352
8.169387,0.3369957365085893
8.195372000000001,0.3339479868930109
8.221358,0.3308281533300819
8.247343000000001,0.3276398497329909
8.273327999999999,0.3243875108194524
8.299314000000001,0.3210753628898586
8.325298999999999,0.3177081686398129
8.351284,0.314290589287944
8.377269999999999,0.3108279061229934
8.403255,0.3073252519309513
8.42924,0.3037879475284411
8.455226,0.3002214846492395
8.481211,0.2966313580528754
8.507196,0.293023165617294
8.533181000000001,0.2894024405289483
8.559167,0.285774474443392
8.585152000000001,0.2821448296845092
8.611136999999999,0.2785188922169617
8.637123000000001,0.2749018535221789
8.663107999999999,0.271298501724389
8.689093,0.2677140524451897
8.715078999999999,0.2641528747445343
8.741064,0.2606195218081714
8.767049,0.2571179282963805
8.793035,0.2536522235537856
8.81902,0.2502256655047304
8.845005,0.2468416615359208
8.870991,0.2435030760951963
8.896976,0.2402124279604273
8.922961000000001,0.2369719081542947
8.948945999999999,0.2337835529279744
8.974932000000001,0.2306489061127593
9.000916999999999,0.2275688746156876
9.026902,0.2245444822216096
9.052887999999999,0.2215762006260188
9.078873,0.21866426040972
9.104858,0.2158083722286798
9.130844,0.2130080013552796
9.156829,0.2102622704156288
9.182814,0.2075701620819732
9.2088,0.2049303172223254
9.234785,0.2023409123001709
9.260770000000001,0.199800173697469
9.286754999999999,0.197306089197747
9.312741000000001,0.1948560168863775
9.338725999999999,0.192447772937806
9.364711,0.1900786518293311
9.390696999999999,0.1877458173309737
9.416682,0.1854464839121938
9.442667,0.1831779188101836
9.468653,0.1809368760057263
9.494638,0.178720660662723
9.520623000000001,0.1765262113490102
9.546609,0.1743507963306679
9.572594,0.1721915938508594
9.598579000000001,0.1700458699361242
9.624563999999999,0.1679111874041479
9.650550000000001,0.1657850226160427
9.676534999999999,0.1636653946182225
9.70252,0.161550248974615
9.728505999999999,0.1594378249760827
9.754491,0.1573266295700722
9.780476,0.155215726957914
9.806462,0.1531039412677085
9.832447,0.150990725036463
9.858432000000001,0.148875933821874
9.884418,0.1467594852676915
9.910403000000001,0.144641816694898
9.936388000000001,0.1425234918669874
9.962374000000001,0.1404055408102163
9.988359000000001,0.1382894832246143
10.014344,0.1361767569994831
10.040329,0.1340693156181091
10.066315,0.1319693340590182
10.0923,0.129879283082988
10.118285,0.1278015809237399
10.144271,0.1257392342238001
10.170256,0.1236950324676431
10.196241,0.1216722070765731
10.222227,0.1196737332583857
10.248212,0.1177027628071267
10.274197,0.1157625954680309
10.300183,0.1138563354270193
10.326168,0.1119871137886738
10.352153,0.110157797048808
10.378138,0.1083713354248279
10.404124,0.1066304548740352
10.430109,0.1049375360953792
10.456094,0.1032949551484973
10.48208,0.1017048508901919
10.508065,0.1001691211588688
10.53405,0.09868926905702646
10.560036,0.09726676949761053
10.586021,0.09590277301244074
10.612006,0.09459811779708405
10.637992,0.09335340321060641
10.663977,0.09216933599155899
10.689962,0.09104587029804706
10.715947,0.08998320519877172
10.741933,0.08898106138226865
10.767918,0.08803918458427426
10.793903,0.08715690602195499
10.819889,0.0863337364220592
10.845874,0.08556879270658643
10.871859,0.08486133863104293
10.897845,0.08421019689092195
10.92383,0.08361438609573933
10.949815,0.08307272930961547
10.975801,0.08258401008672753
11.001786,0.08214705258748088
11.027771,0.08176032813971944
11.053757,0.08142280622562205
11.079742,0.08113297100309785
11.105727,0.08088942223768292
11.131712,0.08069093074267288
11.157698,0.08053603359408336
11.183683,0.08042335619837893
11.209668,0.08035156853217311
11.235654,0.08031923461453765
11.261639,0.08032520725407344
11.287624,0.08036793417980422
11.31361,0.0804463178910103
11.339595,0.08055900684082852
11.36558,0.08070477523217144
11.391566,0.08088233927233028
11.417551,0.08109065796460251
11.443536,0.0813284980356183
11.469521,0.08159483594060404
11.495507,0.0818885595204274
11.521492,0.0822086790378798
11.547477,0.08255422321358398
11.573463,0.08292427074147551
11.599448,0.08331803813549769
11.625433,0.08373472188778326
11.651419,0.08417354929181289
11.677404,0.08463389739874233
11.703389,0.08511510578975262
11.729375,0.08561673931709114
11.75536,0.0861381904797478
11.781345,0.08667915910464485
11.80733,0.08723925733504122
11.833316,0.0878182987320294
11.859301,0.08841588900946724
11.885286,0.08903204773488201
11.911272,0.08966663167573334
11.937257,0.09031955641947179
11.963242,0.09099084548615963
11.989228,0.091680577030921
12.015213,0.09238885938784328
12.041198,0.09311572157173163
12.067184,0.09386136103298831
12.093169,0.09462597776421697
12.119154,0.09540971280348037
12.145139,0.09621266251670066
12.171125,0.09703510692754244
12.19711,0.09787716318310925
12.223095,0.09873902079444882
12.249081,0.09962075782089633
12.275066,0.1005224653820459
12.301051,0.1014442317493574
12.327037,0.1023860675545659
12.353022,0.1033479182331836
12.379007,0.1043296890869064
12.404993,0.1053311928698484
12.430978,0.1063523160802701
12.456963,0.1073927919124273
12.482949,0.10845220434506
12.508934,0.1095302722235818
12.534919,0.1106265159210124
12.560904,0.1117404107592887
12.58689,0.1128714167628881
12.612875,0.1140189573817164
12.63886,0.1151823209843535
12.664846,0.1163608208476205
12.690831,0.1175537876196572
12.716816,0.1187603091258076
12.742802,0.1199797376303522
12.768787,0.1212111364062246
12.794772,0.1224536679608205
12.820758,0.1237065211314507
12.846743,0.1249687784557265
12.872728,0.1262396588485896
12.898713,0.1275182188990082
12.924699,0.1288037602830185
12.950684,0.1300954730487515
12.976669,0.1313925373114093
13.002655,0.1326942697362679
13.02864,0.1340000261507691
13.054625,0.1353092051416857
13.080611,0.1366212535391209
13.106596,0.1379357526944942
13.132581,0.1392522042542166
13.158567,0.1405704397164807
13.184552,0.1418901226833571
13.210537,0.1432111974982647
13.236522,0.1445335814904748
13.262508,0.1458574129550682
13.288493,0.1471828552054182
13.314478,0.1485102476072581
13.340464,0.1498398555567261
13.366449,0.1511722745733136
13.392434,0.1525081668395845
13.41842,0.1538481377112529
13.444405,0.1551930305149961
13.47039,0.156543856214495
13.496376,0.1579014597101758
13.522361,0.1592670814267608
13.548346,0.1606418430824114
13.574332,0.1620269742057097
13.600317,0.1634237441404065
13.626302,0.1648335398583727
13.652287,0.1662578028590091
13.678273,0.1676979187536354
13.704258,0.1691552532070097
13.730243,0.1706312443201711
13.756229,0.1721273756361066
13.782214,0.1736448501419446
13.808199,0.1751851817811549
13.834185,0.1767494478613093
13.86017,0.1783390099018052
13.886155,0.1799549255445708
13.912141,0.1815981273082364
13.938126,0.1832696546776483
13.964111,0.184970222929089
13.990096,0.186700446963981
14.016082,0.1884609742954138
14.042067,0.1902520783049685
14.068052,0.1920740796592308
14.094038,0.1939270218367761
14.120023,0.1958108151834934
14.146008,0.197725307088498
14.171994,0.1996700703477643
14.197979,0.2016446869663481
14.223964,0.2036484837769164
14.24995,0.205680579383577
14.275935,0.2077400765527999
14.30192,0.209826008607907
14.327905,0.2119370982602176
14.353891,0.2140720601159257
14.379876,0.2162295667246014
14.405861,0.218408125389051
14.431847,0.220606132487845
14.457832,0.222821934977564
14.483817,0.2250539277503636
14.509803,0.2273002956699589
14.535788,0.2295591848120368
14.561773,0.231828952881293
14.587759,0.234107657189349
14.613744,0.2363934207416149
14.639729,0.2386844995131954
14.665715,0.2409789802545875
14.6917,0.2432750767621326
14.717685,0.2455710487000358
14.74367,0.2478651358201604
14.769656,0.2501556768252645
14.795641,0.2524410276094043
14.821626,0.2547196222988066
14.847612,0.2569900424343955
14.873597,0.2592508351930154
14.899582,0.2615007046765836
14.925568,0.263738459195638
14.951553,0.2659629388378111
14.977538,0.2681731762384422
15.003524,0.2703681840171814
15.029509,0.2725473326596841
15.055494,0.2747097545604593
15.081479,0.276855024714937
15.107465,0.2789825420090114
15.13345,0.2810920185534345
15.159435,0.2831832408596363
15.185421,0.2852559364603827
15.211406,0.2873101712490534
15.237391,0.2893458403662011
15.263377,0.2913630868439697
15.289362,0.2933620017519362
15.315347,0.2953429522538967
15.341333,0.2973059538231283
15.367318,0.2992514026395304
15.393303,0.3011795667695937
15.419288,0.3030907064228212
15.445274,0.3049850421661489
15.471259,0.3068627160724297
15.497244,0.3087240439468638
15.52323,0.3105689833056128
15.549215,0.3123975148905427
15.5752,0.3142094642618271
15.601186,0.3160047808017776
15.627171,0.3177828560932096
15.653156,0.3195433834362004
15.679142,0.3212856884127623
15.705127,0.3230087568592
15.731112,0.3247118124287654
15.757098,0.3263936823544963
15.783083,0.3280529864109146
15.809068,0.3296882491306136
15.835053,0.3312979432370676
15.861039,0.3328801059315036
15.887024,0.3344330286567467
15.913009,0.3359544150477586
15.938995,0.3374423128803375
15.96498,0.3388942476394181
15.990965,0.3403080807597728
16.016951,0.3416812380860731
16.042936,0.3430114714887684
16.068921,0.3442963109029868
16.094907,0.3455332943783913
16.120892,0.3467201760670138
16.146877,0.3478546404798175
16.172862,0.3489347568565864
16.198848,0.3499583984385263
16.224833,0.3509238032071712
16.250818,0.3518293859951122
16.276804,0.352674011385
16.302789,0.3534564597298593
16.328774,0.3541759986666455
16.35476,0.3548323850734844
16.380745,0.3554255043509991
16.40673,0.3559555079145735
16.432716,0.3564231411250882
16.458701,0.3568294632999578
16.484686,0.3571759647975428
16.510671,0.3574642077849962
16.536657,0.3576966592669972
16.562642,0.3578757178799736
16.588627,0.3580042207271235
16.614613,0.3580854281624797
16.640598,0.3581227859021741
16.666583,0.3581200105675862
16.692569,0.3580811379837926
16.718554,0.3580101065068266
16.744539,0.3579113391261156
16.770525,0.3577890627220132
16.79651,0.3576478102197445
16.822495,0.3574921626065546
16.848481,0.3573263470114246
16.874466,0.3571546925661672
16.900451,0.3569816217837212
16.926436,0.3568111607449522
16.952422,0.3566473863670819
16.978407,0.3564939048217035
17.004392,0.3563543548231222
17.030378,0.3562318843001073
17.056363,0.3561299090714828
17.082348,0.3560507031111795
17.108334,0.3559970627261578
17.134319,0.3559711358546477
17.160304,0.3559746359017295
17.18629,0.3560093001026811
17.212275,0.3560764691418045
17.23826,0.3561773144352289
17.264245,0.3563122157469504
17.290231,0.3564817223913715
17.316216,0.3566864368460885
17.342201,0.3569258157778306
17.368187,0.3572002267122718
17.394172,0.357508607518064
17.420157,0.357850664706663
17.446143,0.3582257485653857
17.472128,0.3586323614127327
17.498113,0.3590698459962227
17.524099,0.3595369446366554
17.550084,0.3600320427857698
17.576069,0.3605539773374197
17.602054,0.3611010624118329
17.62804,0.3616718600315451
17.654025,0.3622647446245305
17.68001,0.3628781740288757
17.705996,0.3635104837172629
17.731981,0.3641602000004761
17.757966,0.3648255668444385
17.783952,0.3655056362285878
17.809937,0.3661983137484632
17.835922,0.3669028507001703
17.861908,0.3676174553909016
17.887893,0.3683415202168711
17.913878,0.3690735643385573
17.939863,0.3698129009438032
17.965849,0.3705589923386418
17.991834,0.3713107534035305
18.017819,0.3720681261743294
18.043805,0.3728304735664821
18.06979,0.3735981193592526
18.095775,0.3743705978949213
18.121761,0.3751481986913441
18.147746,0.3759310931189918
18.173731,0.3767199001548192
18.199717,0.3775150141103313
18.225702,0.3783168431151416
18.251687,0.3791264988472907
18.277673,0.3799447806759566
18.303658,0.3807726167831572
18.329643,0.3816108798271293
18.355628,0.3824611909460613
18.381614,0.3833242718240791
18.407599,0.3842011174431098
18.433584,0.3850931452875203
18.45957,0.3860014866467705
18.485555,0.3869269389289444
18.51154,0.3878707362599232
18.537526,0.3888336780187686
18.563511,0.3898167674216949
18.589496,0.3908206036374351
18.615482,0.3918457915574576
18.641467,0.3928928312174828
18.667452,0.393962107071731
18.693437,0.3950536966802048
18.719423,0.396167039916665
18.745408,0.3973025238341559
18.771393,0.3984597987444959
18.797379,0.3996377368406583
18.823364,0.4008358159443551
18.849349,0.4020527965397102
18.875335,0.4032876821232746
18.90132,0.4045385340232572
18.927305,0.4058046350925453
18.953291,0.4070832845916291
18.979276,0.4083727101621882
19.005261,0.4096710089162361
19.031246,0.4109759699312783
19.057232,0.412284796374164
19.083217,0.4135955447836778
19.109202,0.4149053759096146
19.135188,0.4162112074061214
19.161173,0.4175115583215517
19.187158,0.4188030471922865
19.213144,0.4200835081200917
19.239129,0.4213500908628793
19.265114,0.4226013923778439
19.2911,0.4238346041237063
19.317085,0.4250481391090647
19.34307,0.4262407938047792
19.369056,0.4274107801503907
19.395041,0.4285578050497685
19.421026,0.4296807455258554
19.447011,0.4307800891749563
19.472997,0.4318562619694903
19.498982,0.4329097014797597
19.524967,0.4339426108014573
19.550953,0.4349569347242627
19.576938,0.4359543495182899
19.602923,0.4369387851681329
19.628909,0.4379139428874432
19.654894,0.4388833424441982
19.680879,0.4398522713463462
19.706865,0.4408258640009451
19.73285,0.4418091263251852
19.758835,0.4428086297522503
19.78482,0.4438298493570275
19.810806,0.4448798746902124
19.836791,0.4459650723452852
19.862776,0.4470917584177375
19.888762,0.4482669164523016
19.914747,0.4494978808292738
19.940732,0.4507898672523977
19.966718,0.4521490999693454
19.992703,0.4535818426214513
20.018688,0.4550925255733378
20.044674,0.4566866592939246
20.070659,0.4583682927399357
20.096644,0.4601410003385116
20.122629,0.4620068411912392
20.148615,0.4639685614383272
20.1746,0.4660276243728612
20.200585,0.4681841233453466
20.226571,0.4704376212625595
20.252556,0.4727866387987054
20.278541,0.4752296595350642
20.304527,0.4777632848850489
20.330512,0.4803826691252225
20.356497,0.4830840612613391
20.382483,0.4858614919992215
20.408468,0.4887079909627476
20.434453,0.4916162571594482
20.460439,0.4945774498242646
20.486424,0.4975826058834854
20.512409,0.5006217708988785
20.538394,0.5036842600025053
20.56438,0.506758682936864
20.590365,0.5098327146917611
20.61635,0.512893312292741
20.642336,0.5159274285782597
20.668321,0.5189205498098508
20.694306,0.5218588866388163
20.720292,0.5247267333141871
20.746277,0.5275095714585822
20.772262,0.530190769918421
20.798248,0.5327556612301965
20.824233,0.5351876897474555
20.850218,0.5374710961274669
20.876203,0.5395901359647378
20.902189,0.5415292257513644
20.928174,0.5432722453713688
20.954159,0.5448047885455585
20.980145,0.5461125812767516
21.00613,0.5471824980819948
21.032115,0.5480018822279831
21.058101,0.5485582421172656
21.084086,0.5488409886247634
21.110071,0.5488435747374678
21.136057,0.5485563704657251
21.162042,0.5479746456128572
21.188027,0.5470957970569734
21.214012,0.5459170879206438
21.239998,0.5444409640775973
21.265983,0.5426688973191813
21.291968,0.540609061519738
21.317954,0.5382688440109099
21.343939,0.5356596566645963
21.369924,0.5327955673431027
21.39591,0.5296926132478789
21.421895,0.5263693620427441
21.44788,0.5228477805996307
21.473866,0.5191527855900371
21.499851,0.5153066023204255
21.525836,0.5113382462184015
21.551822,0.5072761057498733
21.577807,0.5031457992264924
21.603792,0.4989810506119157
21.629777,0.4948068915981094
21.655763,0.4906545732659689
21.681748,0.4865511671161456
21.707733,0.4825219003969835
21.733719,0.4785938896995269
21.759704,0.474788943408354
21.785689,0.4711281460805387
21.811675,0.4676295775742346
21.83766,0.4643100207269096
21.863645,0.461181165115306
21.889631,0.4582555317451525
21.915616,0.4555406375945938
21.941601,0.4530403223584454
21.967586,0.4507580916250825
21.993572,0.4486948394326544
22.019557,0.4468485290766548
22.045542,0.4452122220664019
22.071528,0.4437821469225844
22.097513,0.4425466188443286
22.123498,0.4414971019638823
22.149484,0.4406190314830362
22.175469,0.4399009660774879
22.201454,0.4393256442077385
22.22744,0.4388744221319933
22.253425,0.4385307319898114
22.27941,0.4382729797110809
22.305395,0.4380808078024377
22.331381,0.4379313055297668
22.357366,0.4378005343857498
22.383351,0.4376658357649549
22.409337,0.4375008528069269
22.435322,0.4372787248701296
22.461307,0.4369712260215543
22.487293,0.4365545417717148
22.513278,0.4359963821508845
22.539263,0.4352695429848396
22.565249,0.4343450582731122
22.591234,0.4331940356632371
22.617219,0.4317901910283219
22.643205,0.4301011810039277
22.66919,0.4281028907961157
22.695175,0.4257701072859198
22.72116,0.4230761406419619
22.747146,0.4199996686264064
22.773131,0.4165231496955438
22.799116,0.4126306020880123
22.825102,0.4083113546910866
22.851087,0.4035564831200422
22.877072,0.3983683727898252
22.903058,0.3927498956060674
22.929043,0.3867168086221597
22.955028,0.3802866604298679
22.981014,0.3734888553513352
23.006999,0.366352936166819
23.032984,0.3589227104847451
23.058969,0.3512402413524125
23.084955,0.3433561068118857
23.11094,0.3353221892091226
23.136925,0.3271881694547069
23.162911,0.3190085879190812
23.188896,0.3108313576578875
23.214881,0.302700115521813
23.240867,0.294655279937366
23.266852,0.2867349656011841
23.292837,0.2789661624174093
23.318823,0.2713735652363817
23.344808,0.2639764022705932
23.370793,0.2567886905147465
23.396778,0.2498182788464679
23.422764,0.2430713372535185
23.448749,0.2365511837728863
23.474734,0.2302534243210507
23.50072,0.2241783322368321
23.526705,0.2183187506557867
23.55269,0.2126683504074708
23.578676,0.2072193236564882
23.604661,0.2019630078449119
23.630646,0.1968906795142316
23.656632,0.1919926231735974
23.682617,0.187259361612509
23.708602,0.1826815307459921
23.734587,0.1782480710827958
23.760573,0.1739507365751838
23.786558,0.1697802942394385
23.812543,0.165728085910921
23.838529,0.1617852657828998
23.864514,0.1579441790069785
23.890499,0.1541967872333149
23.916485,0.1505367537332292
23.94247,0.1469578008618881
23.968455,0.1434527328354576
23.994441,0.1400170092099682
24.020426,0.1366445394025865
24.046411,0.1333322181109483
24.072397,0.1300747641147495
24.098382,0.1268691496766852
24.124367,0.1237128121048626
24.150352,0.1206025943827644
24.176338,0.1175359132731433
24.202323,0.1145120897231118
24.228308,0.1115288715170037
24.254294,0.1085853770529107
24.280279,0.105681415611074
24.306264,0.1028158354834561
24.33225,0.09998862213660842
24.358235,0.09720037618883794
24.38422,0.09445112864021177
24.410206,0.09174148565054643
24.436191,0.08907242693416866
24.462176,0.08644489032622997
24.488161,0.08385928420084698
24.514147,0.08131724156533073
24.540132,0.07881980746769009
24.566117,0.07636790609351182
24.592103,0.0739631071498363
24.618088,0.07160640891749792
24.644073,0.06929937057040404
24.670059,0.06704298841259294
24.696044,0.06483842360676303
24.722029,0.06268761156092291
24.748015,0.06059093733543847
24.774,0.05855017720241956
24.799985,0.05656594445840883
24.82597,0.05463979539345301
24.851956,0.05277221864757412
24.877941,0.05096455949218972
24.903926,0.04921765494180754
24.929912,0.04753213525224075
24.955897,0.04590867488667208
24.981882,0.04434774445806148
25.007868,0.04285028725823952
25.033853,0.04141662411732024
25.059838,0.04004685724328778
25.085824,0.03874137736762751
25.111809,0.03750043447143428
25.137794,0.03632407687186087
25.16378,0.03521202922839317
25.189765,0.0341643562486538
25.21575,0.03318073102004208
25.241735,0.03226079716426132
25.267721,0.03140393881015654
25.293706,0.03060963200908174
25.319691,0.02987718611201395
25.345677,0.02920583342515987
25.371662,0.02859450434859793
25.397647,0.02804228471135901
25.423633,0.02754782482432665
25.449618,0.0271102032410089
25.475603,0.02672769173675335
25.501589,0.02639909348005984
25.527574,0.02612264304911928
25.553559,0.02589666308571523
25.579544,0.02571959450318855
25.60553,0.02558950667845173
25.631515,0.0255043434943262
25.6575,0.02546214935712059
25.683486,0.02546093615303624
25.709471,0.02549839488806599
25.735456,0.02557238449765511
25.761442,0.02568068597586342
25.787427,0.02582080013042177
25.813412,0.02599070927411594
25.839398,0.02618774050846259
25.865383,0.02640964867784328
25.891368,0.02665417718879712
25.917353,0.02691879241146418
25.943339,0.02720118178983996
25.969324,0.02749919059958262
25.995309,0.0278104250330397
26.021295,0.02813289782553472
26.04728,0.02846447419269317
26.073265,0.02880317642461997
26.099251,0.02914706332493796
26.125236,0.02949463968842384
26.151221,0.02984420072077587
26.177207,0.03019446346788046
26.203192,0.03054418101093274
26.229177,0.03089243115609383
26.255163,0.0312382782960181
26.281148,0.03158144730072075
26.307133,0.03192150123582356
26.333118,0.03225826452848749
26.359104,0.03259221879984706
26.385089,0.03292360072147137
26.411074,0.03325325839106796
26.43706,0.03358206528049736
26.463045,0.03391131655306583
26.48903,0.03424262600245492
26.515016,0.03457772570823636
26.541001,0.03491837557524612
26.566986,0.03526712949906635
26.592972,0.03562619058878183
26.618957,0.03599813483287586
26.644942,0.0363857694601941
26.670927,0.03679219337874712
26.696913,0.0372202414320096
26.722898,0.03767330461330847
26.748883,0.03815445806975477
26.774869,0.03866702806255516
26.800854,0.03921447296524604
26.826839,0.03980022879551195
26.852825,0.04042746556328734
26.87881,0.04109982217725643
26.904795,0.04182052130122728
26.930781,0.04259280526043388
26.956766,0.04342000609400294
26.982751,0.04430532505047611
27.008736,0.0452517486447214
27.034722,0.04626223360026895
27.060707,0.04733979925668299
27.086692,0.04848717425478179
27.112678,0.04970694893586235
27.138663,0.0510017065686189
27.164648,0.0523739445103337
27.190634,0.05382615922780799
27.216619,0.05536008156318019
27.242604,0.05697806939747892
27.26859,0.0586821793848633
27.294575,0.06047399794474687
27.32056,0.0623554760840417
27.346546,0.06432821293056226
27.372531,0.06639353851657016
27.398516,0.06855273438751321
27.424501,0.07080738251629319
27.450487,0.0731585702690406
27.476472,0.07560719015114709
27.502457,0.07815413322838977
27.528443,0.08080035162095597
27.554428,0.08354650639706596
27.580413,0.08639286469021984
27.606399,0.08933990988848838
27.632384,0.09238794768078132
27.658369,0.09553697849514568
27.684355,0.09878667841193244
27.71034,0.1021368557381371
27.736325,0.105586754056771
27.76231,0.1091352714962779
27.788296,0.112781256091088
27.814281,0.1165234801316365
27.840266,0.1203595074516282
27.866252,0.1242870153810268
27.892237,0.1283030297073446
27.918222,0.1324040909486982
27.944208,0.1365859268445974
27.970193,0.1408430125493531
27.996178,0.1451701203427612
28.022164,0.1495601899569936
28.048149,0.1540049600382994
28.074134,0.1584960753433501
28.100119,0.1630226931865198
28.126105,0.1675724710886551
28.15209,0.1721320174505346
28.178075,0.1766855132831166
28.204061,0.1812155320504697
28.230046,0.1857025160954502
28.256031,0.1901230683665748
28.282017,0.1944521602186913
28.308002,0.1986627730297827
28.333987,0.2027215951488041
28.359973,0.2065956691623408
28.385958,0.2102459238134294
28.411943,0.2136307209710444
28.437928,0.2167044859209452
28.463914,0.2194203579965308
28.489899,0.2217260773877316
28.515884,0.2235696062648524
28.54187,0.2248972868340214
28.567855,0.2256572319341666
28.59384,0.2258012501073318
28.619826,0.2252878870624031
28.645811,0.224084804522392
28.671796,0.2221748171930358
28.697782,0.2195562631069685
28.723767,0.2162476304103918
28.749752,0.2122898263772441
28.775738,0.2077419438376148
28.801723,0.2026820666120185
28.827708,0.1972004436467726
28.853693,0.1913940007412488
28.879679,0.1853635484074049
28.905664,0.1792008326903216
28.931649,0.1729937505539695
28.957635,0.1668151072080801
28.98362,0.1607277996811735
29.009605,0.1547795747720956
29.035591,0.1490082186045216
29.061576,0.1434394696797768
29.087561,0.138091716397257
29.113547,0.132975450047509
29.139532,0.1280942869561636
29.165517,0.1234484815168996
29.191502,0.1190350055981934
29.217488,0.1148478884586944
29.243473,0.110879484646611
29.269458,0.1071205713179459
29.295444,0.1035617639552449
29.321429,0.1001937977879304
29.347414,0.09700564415566219
29.3734,0.09398830017722391
29.399385,0.09113178197534408
29.42537,0.08842673919212646
29.451356,0.08586352081451151
29.477341,0.08343447665177885
29.503326,0.08113119827400689
29.529311,0.07894547657676637
29.555297,0.07687051027349733
29.581282,0.07489920828692601
29.607267,0.07302500075223863
29.633253,0.0712425362039046
29.659238,0.0695457524080712
29.685223,0.0679293797779983
29.711209,0.06638886312447753
29.737194,0.06491928397883061
29.763179,0.06351672564613534
29.789165,0.06217688194242162
29.81515,0.06089636715511421
29.841135,0.05967170619765477
29.867121,0.05849933207436184
29.893106,0.05737680923174775
29.919091,0.05630096238607581
29.945076,0.05526938742289193
29.971062,0.05427981616727044
29.997047,0.05332927827563146
30.023032,0.05241607174256632
30.049018,0.05153831820576901
30.075003,0.05069370811327694
30.100988,0.04988084040759998
30.126974,0.04909761672514868
30.152959,0.04834280505362874
30.178944,0.04761448258663283
30.20493,0.04691132330849179
30.230915,0.04623206024611667
30.2569,0.04557524389224011
30.282885,0.04493949695525489
30.308871,0.04432373606146984
30.334856,0.04372693519371529
30.360841,0.04314764322140111
30.386827,0.04258493711566973
30.412812,0.04203792216311159
30.438797,0.0415055227868325
30.464783,0.04098693808618716
30.490768,0.04048095389234545
30.516753,0.03998684044661818
30.542739,0.03950389045614697
30.568724,0.03903143439851999
30.594709,0.03856840581194328
30.620694,0.03811439801268109
30.64668,0.0376686158872868
30.672665,0.0372304905450431
30.69865,0.03679967950250827
30.724636,0.03637545589644074
30.750621,0.03595731592271349
30.776606,0.03554496221288025
30.802592,0.03513793288971244
30.828577,0.03473577128561645
30.854562,0.03433840837661698
30.880548,0.03394541495250202
30.906533,0.03355655650609041
30.932518,0.03317161270965015
30.958504,0.03279036509814803
30.984489,0.03241296217559425
31.010474,0.03203884652970574
31.036459,0.03166816856057277
31.062445,0.03130090371678568
31.08843,0.03093686719892923
31.114415,0.03057603414474551
31.140401,0.030218555512663
31.166386,0.02986424029733393
31.192371,0.02951341518692567
31.218357,0.02916570534670193
31.244342,0.02882127481829286
31.270327,0.02848041243842888
31.296313,0.02814276158296388
31.322298,0.02780878849754087
31.348283,0.02747828978186759
31.374268,0.02715123629368485
31.400254,0.02682790696097046
31.426239,0.02650825247428655
31.452224,0.02619238742764446
31.47821,0.02588012272883458
31.504195,0.02557185494095752
31.53018,0.02526723811353621
31.556166,0.02496652513847362
31.582151,0.02466980864563418
31.608136,0.02437674336897431
31.634122,0.02408771351279567
31.660107,0.02380265635242717
31.686092,0.02352124651112442
31.712077,0.02324383568814367
31.738063,0.02297024417870563
31.764048,0.02270054116743475
31.790033,0.02243454514976682
31.816019,0.02217233808044635
31.842004,0.02191386043866497
31.867989,0.02165906041113977
31.893975,0.02140775881719639
31.91996,0.02116016384268164
31.945945,0.02091597104912141
31.971931,0.02067538590748725
31.997916,0.02043824150868827
32.023901,0.02020435494044965
32.049887,0.01997381319859446
32.075872,0.01974670004720573
32.101857,0.01952272286866876
32.127842,0.01930196841995891
32.153828,0.0190843954028297
32.179813,0.01887007970586824
32.205798,0.01865874802994932
32.231784,0.01845060113900648
32.257769,0.01824560630902563
32.283754,0.01804371596141896
32.30974,0.01784477976839064
32.335725,0.01764911033780452
32.36171,0.01745655585637157
32.387696,0.01726706091344352
32.413681,0.01708082828447402
32.439666,0.01689770073540591
32.465651,0.01671786042934073
32.491637,0.01654114220592355
32.517622,0.01636784621168418
32.543607,0.01619779681237199
32.569593,0.01603107267208735
32.595578,0.01586782489774057
32.621563,0.01570800653896541
32.647549,0.01555156232138615
32.673534,0.01539855657065271
32.699519,0.01524912130514527
32.725505,0.01510310928495
32.75149,0.0149606690088618
32.777475,0.01482173112554424
32.80346,0.01468624748246965
32.829446,0.01455426638105352
32.855431,0.01442581333850988
32.881416,0.01430073490462192
32.907402,0.01417917140577067
32.933387,0.01406087837655946
32.959372,0.01394588136444011
32.985358,0.01383423811109892
33.011343,0.01372568717196383
33.037328,0.01362037901613884
33.063314,0.01351797754725122
33.089299,0.01341872398605465
33.115284,0.01332227448929902
33.14127,0.01322860462068831
33.167255,0.0131376663545271
33.19324,0.01304942478586254
33.219225,0.01296383304280131
33.245211,0.01288069853400641
33.271196,0.01279997866819513
33.297181,0.0127216309978778
33.323167,0.01264555557408112
33.349152,0.01257173988856027
33.375137,0.01250013108245271
33.401123,0.01243073189662469
33.427108,0.01236342124228571
33.453093,0.01229817670828059
33.479079,0.01223508791237753
33.505064,0.01217395476318176
33.531049,0.01211500311408197
33.557034,0.01205806365943246
33.58302,0.01200318363785161
33.609005,0.01195035892067851
33.63499,0.01189966692601723
33.660976,0.0118511380420021
33.686961,0.01180468889687878
33.712946,0.01176046080651801
33.738932,0.01171841903913621
33.764917,0.0116785615831321
33.790902,0.01164091686987695
33.816888,0.0116055450108232
33.842873,0.01157250588585088
33.868858,0.01154168655885011
33.894843,0.01151319085009897
33.920829,0.01148694010529941
33.946814,0.01146294244721179
33.972799,0.01144127471671859
33.998785,0.01142178959247161
34.02477,0.01140456468330418
34.050755,0.01138952935563075
34.076741,0.01137657222360336
34.102726,0.01136567743029176
34.128711,0.0113568687965666
34.154697,0.01134994134523073
34.180682,0.01134488026971826
34.206667,0.01134157671241939
34.232652,0.0113400544796496
34.258638,0.01134005364513615
34.284623,0.01134154196907637
34.310608,0.01134443155847358
34.336594,0.0113486156150081
34.362579,0.01135396766671935
34.388564,0.01136042125898766
34.41455,0.0113678505102255
34.440535,0.01137599906670307
34.46652,0.011384973222962
34.492506,0.01139457261780945
34.518491,0.01140456280551053
34.544476,0.01141501054442655
34.570462,0.01142575746303928
34.596447,0.01143664561713521
34.622432,0.01144759255852239
34.648417,0.01145846228298736
34.674403,0.01146924835158367
34.700388,0.0114798694428577
34.726373,0.01149011579854185
34.752359,0.01149998195476977
34.778344,0.01150943096846958
34.804329,0.01151828628598701
34.830315,0.01152660891672064
34.8563,0.01153422301958386
34.882285,0.01154116888202785
34.908271,0.01154739038711001
34.934256,0.01155280973679534
34.960241,0.01155741603775572
34.986226,0.01156120753081344
35.012212,0.0115642273089821
35.038197,0.01156627186331511
35.064182,0.01156758786398566
35.090168,0.01156797274366317
35.116153,0.01156764408528784
35.142138,0.01156645286569614
35.168124,0.01156461762821169
35.194109,0.0115619675041003
35.220094,0.01155874459885847
35.24608,0.01155495090433542
35.272065,0.01155061145286064
35.29805,0.01154587206977703
35.324035,0.01154080990995183
35.350021,0.01153545076364206
35.376006,0.01152999241135543
35.401991,0.01152441015458417
35.427977,0.01151898063872813
35.453962,0.01151362864357588
35.479947,0.01150863020315453
35.505933,0.01150403512750235
35.531918,0.01149994407508461
35.557903,0.01149655786738027
35.583889,0.01149395043709746
35.609874,0.01149222469057993
35.635859,0.01149155434028937
35.661845,0.01149208908819815
35.68783,0.01149385571597431
35.713815,0.01149702902548934
35.7398,0.01150173341907668
35.765786,0.01150806984349338
35.791771,0.01151616306176562
35.817756,0.01152604045682822
35.843742,0.01153794889029388
35.869727,0.01155179360328716
35.895712,0.01156772453937486
35.921698,0.01158586721519008
35.947683,0.01160622393154209
35.973668,0.01162897089606449
35.999654,0.01165393898358195
36.025639,0.01168137885982224
36.051624,0.01171122043967397
36.077609,0.01174344475919483
36.103595,0.01177822809713307
36.12958,0.01181537971510876
36.155565,0.0118550293613287
36.181551,0.0118971080590661
36.207536,0.01194159935212726
36.233521,0.01198846101393474
36.259507,0.01203765108627035
36.285492,0.01208920236455216
36.311477,0.01214292477070517
36.337463,0.01219880376385025
36.363448,0.0122566963882782
36.389433,0.01231666364995142
36.415418,0.01237843906514582
36.441404,0.01244205664289905
36.467389,0.01250735136759281
36.493374,0.01257420566014758
36.51936,0.01264242481335142
36.545345,0.01271202143261228
36.57133,0.0127826944880573
36.597316,0.01285437807165459
36.623301,0.0129269780731541
36.649286,0.01300032189811768
36.675272,0.0130741568710149
36.701257,0.01314849109349828
36.727242,0.01322304022944151
36.753228,0.01329775984281372
36.779213,0.01337238926161992
36.805198,0.01344688097111042
36.831183,0.01352096956114723
36.857169,0.01359468475433935
36.883154,0.01366770480214025
36.909139,0.01374005665892546
36.935125,0.01381157615790577
36.96111,0.01388212547329709
36.987095,0.01395159314747268
37.013081,0.0140198625367062
37.039066,0.01408701324055452
37.065051,0.01415278979697132
37.091037,0.01421724109982439
37.117022,0.01428021998584526
37.143007,0.01434185832390264
37.168992,0.01440197885510102
37.194978,0.01446054390915731
37.220963,0.0145176851494591
37.246948,0.01457333622180211
37.272934,0.01462751557275936
37.298919,0.01468035618452972
37.324904,0.01473170482023055
37.35089,0.01478175272794109
37.376875,0.01483043268457565
37.40286,0.01487787891122061
37.428846,0.01492414252638273
37.454831,0.01496927225700942
37.480816,0.01501337669128017
37.506801,0.0150563610402091
37.532787,0.01509851148243817
37.558772,0.01513970664393458
37.584757,0.01518008548903854
37.610743,0.01521964315125992
37.636728,0.01525852631789261
37.662713,0.01529664221857583
37.688699,0.01533419448350665
37.714684,0.01537106320652071
37.740669,0.01540733598872563
37.766655,0.01544301076977253
37.79264,0.01547808555320972
37.818625,0.01551259546377685
37.844611,0.01554647538378897
37.870596,0.01557981529460162
37.896581,0.01561249581060228
37.922566,0.01564454245995182
37.948552,0.01567578184220201
37.974537,0.015706477244382
38.000522,0.01573627092946983
38.026508,0.0157653068964675
38.052493,0.01579349078026239
38.078478,0.01582079456895136
38.104464,0.01584712340312967
38.130449,0.01587259500010177
38.156434,0.01589692647666654
38.18242,0.01592030281056171
38.208405,0.01594255960236927
38.23439,0.01596381382107133
38.260375,0.01598384836921374
38.286361,0.01600287488511901
38.312346,0.01602063181935556
38.338331,0.01603733050404821
38.364317,0.01605296791259082
38.390302,0.01606735055660733
38.416287,0.01608071543057514
38.442273,0.01609293905845032
38.468258,0.01610425899829691
38.494243,0.01611438487922231
38.520229,0.01612360084991027
38.546214,0.01613183255077756
38.572199,0.01613917312480912
38.598184,0.01614561998623821
38.62417,0.01615129100200803
38.650155,0.01615608726467802
38.67614,0.01616012649608147
38.702126,0.01616335909740653
38.728111,0.01616590360485363
38.754096,0.0161677816316069
38.780082,0.01616896802367952
38.806067,0.01616943818470688
38.832052,0.01616923692263385
38.858038,0.01616843690256263
38.884023,0.01616693976957497
38.910008,0.01616472173077762
38.935994,0.01616180449306393
38.961979,0.01615818702027189
38.987964,0.01615386836128305
39.013949,0.01614884765035998
39.039935,0.01614302647894569
39.06592,0.01613632820373923
39.091905,0.01612892531030303
39.117891,0.01612056728801189
39.143876,0.01611146975451621
39.169861,0.01610139290401803
39.195847,0.01609051876772628
39.221832,0.01607880309272986
39.247817,0.01606623087270009
39.273803,0.01605285572794184
39.299788,0.01603873834672517
39.325773,0.01602389685116396
39.351758,0.01600832852666949
39.377744,0.01599228770956665
39.403729,0.01597577088291976
39.429714,0.01595891282929348
39.4557,0.01594192522453888
39.481685,0.01592480377956627
39.50767,0.0159077993717479
39.533656,0.01589110231487319
39.559641,0.01587482482492829
39.585626,0.01585937179949251
39.611612,0.01584473749456378
39.637597,0.01583130692553699
39.663582,0.01581917220636713
39.689567,0.01580873775877415
39.715553,0.01580015536940919
39.741538,0.01579371366446317
39.767523,0.0157895853453109
39.793509,0.01578804193838166
39.819494,0.01578931880971511
39.845479,0.01579367241541731
39.871465,0.01580118457750489
39.89745,0.01581209761596948
39.923435,0.01582662004859419
39.949421,0.01584474411895601
39.975406,0.0158667836983662
40.001391,0.01589260271958219
40.027376,0.01592240720310852
40.053362,0.01595608693737837
40.079347,0.01599365959850768
40.105332,0.01603508506034979
40.131318,0.01608019181910632
40.157303,0.01612876616251342
40.183288,0.01618074298696661
40.209274,0.01623579664546654
40.235259,0.01629368560019039
40.261244,0.01635406983875626
40.28723,0.01641662799568176
40.313215,0.01648085305922191
40.3392,0.01654630329495538
40.365186,0.01661258742657907
40.391171,0.01667905600501787
40.417156,0.01674534590271087
40.443141,0.01681073017968274
40.469127,0.01687468445291389
40.495112,0.01693655243147328
40.521097,0.01699580004976829
40.547083,0.01705184830405478
40.573068,0.01710391594273442
40.599053,0.01715150093314358
40.625039,0.01719402211314564
40.651024,0.01723092228679535
40.677009,0.017261489651065
40.702995,0.01728527928001801
40.72898,0.01730193672446718
40.754965,0.01731089206541261
40.78095,0.01731181528867083
40.806936,0.01730435125083978
40.832921,0.01728818352286492
40.858906,0.01726319994802059
40.884892,0.01722908653242831
40.910877,0.01718593032347608
40.936862,0.01713355338060382
40.962848,0.0170719633574494
40.988833,0.01700138662102401
41.014818,0.01692196337245278
41.040804,0.01683380801747203
41.066789,0.01673738284388741
41.092774,0.01663280452135088
41.118759,0.01652051688814038
41.144745,0.01640096023501149
41.17073,0.0162746677052297
41.196715,0.01614186135938609
41.222701,0.01600336164483227
41.248686,0.01585947511033355
41.274671,0.01571090534916328
41.300657,0.01555803315026448
41.326642,0.01540152953756531
41.352627,0.01524186073065888
41.378613,0.01507966677964599
41.404598,0.01491537669476614
41.430583,0.01474960813899494
41.456569,0.01458276519856913
41.482554,0.01441532838439609
41.508539,0.01424777832804429
41.534524,0.01408057303190992
41.56051,0.01391397137867177
41.586495,0.01374850159295321
41.61248,0.01358440544726169
41.638466,0.01342200327606305
41.664451,0.01326161058658645
41.690436,0.01310335314832469
41.716422,0.01294752884496555
41.742407,0.01279434496168118
41.768392,0.01264391065814992
41.794378,0.01249642200369137
41.820363,0.01235181155161915
41.846348,0.01221035565089379
41.872333,0.01207198622074212
41.898319,0.0119368049721194
41.924304,0.01180482902894248
41.950289,0.0116760747226184
41.976275,0.01155047864395668
42.00226,0.01142806010346901
42.028245,0.01130875809233985
42.054231,0.01119251444924898
42.080216,0.01107935291110729
42.106201,0.01096905962048659
42.132187,0.01086174150220767
42.158172,0.01075719106488828
42.184157,0.01065543888855948
42.210142,0.01055628494864137
42.236128,0.01045968710005662
42.262113,0.01036560468251146
42.288098,0.01027392294521986
42.314084,0.01018453008663126
42.340069,0.01009739174016843
42.366054,0.01001232657406614
42.39204,0.009929378224585318
42.418025,0.009848370054896799
42.44401,0.009769275077531487
42.469996,0.009691994625607362
42.495981,0.009616432178525331
42.521966,0.009542565104473598
42.547952,0.009470299982082151
42.573937,0.009399545443004047
42.599922,0.009330282523384185
42.625907,0.009262422525224526
42.651893,0.009195948363385864
42.677878,0.009130773858053318
42.703863,0.009066814513497497
42.729849,0.009004056271255298
42.755834,0.008942485349660637
42.781819,0.008882020075417248
42.807805,0.008822580286184392
42.83379,0.008764222371017769
42.859775,0.008706799972279772
42.885761,0.008650370184556016
42.911746,0.008594789121592377
42.937731,0.008540180875008352
42.963716,0.008486336965792216
42.989702,0.008433381495519782
43.015687,0.008381239871600129
43.041672,0.008329838745384229
43.067658,0.008279235952469315
43.093643,0.008229294197409621
43.119628,0.008180071796335635
43.145614,0.00813156191123484
43.171599,0.008083693852592586
43.197584,0.008036525441743984
43.22357,0.00798992322879901
43.249555,0.007943945448579333
43.27554,0.007898586462539197
43.301525,0.007853777985664516
43.327511,0.007809515246915884
43.353496,0.007765793535664701
43.379481,0.007722670222471095
43.405467,0.007680016443536998
43.431452,0.007637889919251587
43.457437,0.007596286174657083
43.483423,0.007555139673189698
43.509408,0.007514446712943578
43.535393,0.007474264315818251
43.561379,0.007434467285560715
43.587364,0.007395173198110344
43.613349,0.007356317843325669
43.639335,0.007317837900019592
43.66532,0.007279790167504419
43.691305,0.007242171231848467
43.71729,0.007204918500500723
43.743276,0.007168088258520326
43.769261,0.007131618385737806
43.795246,0.007095506210294358
43.821232,0.007059807511921701
43.847217,0.007024402629285158
43.873202,0.006989405629659394
43.899188,0.006954755528383949
43.925173,0.006920449791458776
43.951158,0.006886428438488429
43.977144,0.006852746830289648
44.003129,0.006819402504846726
44.029114,0.006786393025415247
44.055099,0.006753715980316786
44.081085,0.006721255862929627
44.10707,0.006689180523694336
44.133055,0.0066573746754499
44.159041,0.006625836524592402
44.185026,0.006594564292962897
44.211011,0.006563611901774929
44.236997,0.006532921576774995
44.262982,0.006502546932839952
44.288967,0.006472375401076108
44.314953,0.006442515803602914
44.340938,0.006412856274458937
44.366923,0.006383504996792212
44.392908,0.006354405311426551
44.418894,0.006325501229163321
44.444879,0.006296899992872358
44.470864,0.006268491448111067
44.49685,0.00624032834931437
44.522835,0.00621240911258998
44.54882,0.006184678608699601
44.574806,0.00615724255501381
44.600791,0.006129992443492139
44.626776,0.006102927204107374
44.652762,0.006076151663621086
44.678747,0.00604955827252614
44.704732,0.006023145987923079
44.730718,0.005996966269258676
44.756703,0.005970965296525451
44.782688,0.005945194251178346
44.808673,0.005919599628697609
44.834659,0.005894232336324129
44.860644,0.005869039180745011
44.886629,0.0058440191759017
44.912615,0.005819222823102018
44.9386,0.005794597386731094
44.964585,0.005770141903553533
44.990571,0.005745855417012867
45.016556,0.005721787898378
45.042541,0.005697887207721419
45.068527,0.005674152410725612
45.094512,0.005650582579575791
45.120497,0.005627176792920385
45.146482,0.005603934135831728
45.172468,0.005580903808031584
45.198453,0.005557984558073496
45.224438,0.005535275575756657
45.250424,0.00551267615251395
45.276409,0.005490284963500363
45.302394,0.005468001836532501
45.32838,0.005445875613630423
45.354365,0.005423954626538927
45.38035,0.0054021394958782
45.406336,0.005380478693525551
45.432321,0.005358971372710906
45.458306,0.005337616692643387
45.484291,0.0053164138184763
45.510277,0.005295313476417961
45.536262,0.005274363533808018
45.562247,0.005253563171160114
45.588233,0.005232911574807173
45.614218,0.005212407936867639
45.640203,0.005192003617689468
45.666189,0.005171745896999573
45.692174,0.005151633981850406
45.718159,0.005131619603838316
45.744145,0.005111749697177324
45.77013,0.005092023483618946
45.796115,0.005072393059985517
45.8221,0.00505290502058033
45.848086,0.005033558601624809
45.874071,0.005014306259214719
45.900056,0.004995147581639519
45.926042,0.004976175275638531
45.952027,0.004957295365630902
45.978012,0.004938507448372169
46.003998,0.004919857344884135
46.029983,0.004901344322873424
46.055968,0.004882921653666595
46.081954,0.004864588944208166
46.107939,0.004846391585802621
46.133924,0.004828283188978337
46.15991,0.004810308933351466
46.185895,0.004792422653332293
46.21188,0.004774669319033678
46.237865,0.004757002986434248
46.263851,0.004739468418314005
46.289836,0.004722019889923088
46.315821,0.004704657029676343
46.341807,0.00468742429243217
46.367792,0.004670276277528594
46.393777,0.004653257237590295
46.419763,0.004636277470875683
46.445748,0.004619470161641213
46.471733,0.004602701406818219
46.497719,0.00458605957361761
46.523704,0.004569499895369311
46.549689,0.004553022019717494
46.575674,0.004536669504347636
46.60166,0.004520397892861641
46.627645,0.004504206839115279
46.65363,0.004488139610279965
46.679616,0.004472108541988046
46.705601,0.00445620041921115
46.731586,0.00444037129188654
46.757572,0.004424664045514668
46.783557,0.004408991803991748
46.809542,0.004393440582985892
46.835528,0.004377966829405705
46.861513,0.004362613054203263
46.887498,0.004347293154816447
46.913483,0.004332092391985423
46.939469,0.004316925044018142
46.965454,0.004301875998561643
46.991439,0.004286902283660628
47.017425,0.004272003580589348
47.04341,0.004257221759922322
47.069395,0.00424247203880222
47.095381,0.004227838387967939
47.121366,0.004213236393697126
47.147351,0.00419874966512923
47.173337,0.004184335888657245
47.199322,0.004169994757251488
47.225307,0.004155725965365061
47.251293,0.00414152920892749
47.277278,0.004127404185338414
47.303263,0.004113391883652611
47.329248,0.004099409336089876
47.355234,0.004085497622693902
47.381219,0.004071697475059328
47.407204,0.004057926454448082
47.43319,0.00404422538232199
47.459175,0.004030634735994574
47.48516,0.004017072599236897
47.511146,0.004003620137400249
47.537131,0.003990195778822666
47.563116,0.003976880351336075
47.589102,0.003963592624985068
47.615087,0.00395041309288738
47.641072,0.003937260863950314
47.667057,0.003924216099366579
47.693043,0.003911198244078841
47.719028,0.003898247198833376
47.745013,0.003885402535681347
47.770999,0.00387258419860721
47.796984,0.003859831844426884
47.822969,0.003847145200007264
47.848955,0.003834523993555368
47.87494,0.003821967954612861
47.900925,0.003809476814050599
47.926911,0.003797050304063157
47.952896,0.003784688158163486
47.978881,0.003772390111177485
48.004866,0.003760116851741707
48.030852,0.003747946290597274
48.056837,0.003735800149375171
48.082822,0.003723717214594294
48.108808,0.003711697226566798
48.134793,0.003699739926889942
48.160778,0.003687845058440867
48.186764,0.003676012365371537
48.212749,0.003664241593103523
48.238734,0.003652494135885272
48.26472,0.003640808245500154
48.290705,0.003629221871282904
48.31669,0.003617658285300201
48.342676,0.003606117463778639
48.368661,0.003594675335406651
48.394646,0.003583293527436339
48.420631,0.003571933966025044
48.446617,0.003560634382451932
48.472602,0.00354939453263653
48.498587,0.003538214173720633
48.524573,0.003527093064063621
48.550558,0.003515993500962259
48.576543,0.00350495285209878
48.602529,0.003493970878501688
48.628514,0.003483047342401456
48.654499,0.003472182007225866
48.680485,0.003461337534567841
48.70647,0.003450550935210425
48.732455,0.003439821975201609
48.75844,0.00342915042177163
48.784426,0.003418499223040117
48.810411,0.003407941859004973
48.836396,0.003397404529299547
48.862382,0.003386887214219752
48.888367,0.003376462977003987
48.914352,0.003366058437781077
48.940338,0.003355709981051962
48.966323,0.00334541738149782
48.992308,0.003335144147841703
49.018294,0.003324962659119228
49.044279,0.003314800226708171
49.070264,0.003304656832291083
49.096249,0.003294604450017584
49.122235,0.00328457079977586
49.14822,0.003274591726131872
49.174205,0.003264631215088886
49.200191,0.003254760707762866
49.226176,0.003244908462295487
49.252161,0.003235074461471677
49.278147,0.003225329751367026
49.304132,0.003215602988697455
49.330117,0.00320589415667772
49.356103,0.003196273910309053
49.382088,0.003186671300879546
49.408073,0.003177121518703118
49.434059,0.003167589211611331
49.460044,0.00315814451982905
49.486029,0.00314871701438791
49.512014,0.003139306679683259
49.538,0.003129948387035438
49.563985,0.003120641930376905
49.58997,0.003111387104714572
49.615956,0.003102149007745885
49.641941,0.003092962259896097
49.667926,0.003083792085196779
49.693912,0.003074672979544834
49.719897,0.003065604741517933
49.745882,0.003056587170750681
49.771868,0.003047585742002161
49.797853,0.003038600440890961
49.823838,0.003029699659138684
49.849823,0.003020814731568951
49.875809,0.003011945644173097
49.901794,0.003003160424600772
49.927779,0.002994390775007399
49.953765,0.002985636681749482
49.97975,0.00297693197156188
50.005735,0.002968276451037672
50.031721,0.002959636206544101
50.057706,0.002951044886467997
50.083691,0.002942502299621592
50.109677,0.00293397471204954
50.135662,0.002925495595640403
50.161647,0.00291703133505711
50.187632,0.002908615285262408
50.213618,0.00290024725844251
50.239603,0.00289189381606356
50.265588,0.002883588139416668
50.291574,0.002875296906682711
50.317559,0.002867053184103388
50.343544,0.002858856787191585
50.36953,0.002850674568088438
50.395515,0.002842506514891362
50.4215,0.002834418316380633
50.447486,0.00282634403292247
50.473471,0.002818283652935644
50.499456,0.002810269846046672
50.525442,0.002802302432183121
50.551427,0.002794348662664307
50.577412,0.002786408526235049
50.603397,0.002778546927743269
50.629383,0.002770666314886472
50.655368,0.002762863885292713
50.681353,0.002755074712068806
50.707339,0.002747298784424029
50.733324,0.002739568274592865
50.759309,0.00273188300794084
50.785295,0.002724210736294611
50.81128,0.002716583469362017
50.837265,0.002708969068181635
50.863251,0.002701399434810946
50.889236,0.002693842538868188
50.915221,0.002686330175384187
50.941206,0.002678830421927157
50.967192,0.00267137496712247
50.993177,0.002663931995861133
51.019162,0.002656533090981865
51.045148,0.002649178084234293
51.071133,0.002641835320441641
51.097118,0.002634504789994896
51.123104,0.002627217866230905
51.149089,0.00261997438303117
51.175074,0.002612742895905505
51.20106,0.002605523395526002
51.227045,0.002598347048172135
51.25303,0.002591213689836156
51.279015,0.002584092084251961
51.305001,0.002577013244281848
51.330986,0.002569946036742305
51.356971,0.00256289045271492
51.382957,0.002555908222026447
51.408942,0.002548906575356075
51.434927,0.002541947192527343
51.460913,0.002535029913691463
51.486898,0.002528123911497208
51.512883,0.002521229177421394
51.538869,0.002514406839815516
51.564854,0.002507565035246687
51.590839,0.002500764842949757
51.616824,0.002494006106142374
51.64281,0.002487258297894967
51.668795,0.002480521410065762
51.69478,0.00247382570725318
51.720766,0.002467140810619383
51.746751,0.002460496887386876
51.772736,0.002453893783796076
51.798722,0.002447301268211981
51.824707,0.00244071933286083
51.850692,0.002434177952182935
51.876678,0.002427647039985383
51.902663,0.002421156475077298
51.928648,0.002414676267715837
51.954634,0.002408206410372021
