0.01,73.84332080648768
0.035989,294.2849540969729
0.061977,541.3305782615045
0.087966,810.2642376085638
0.113955,1098.986647527662
0.139944,1406.055486287658
0.165932,1730.23405620213
0.191921,2070.383621758117
0.21791,2425.336750808283
0.243898,2793.897656441558
0.269887,3174.860110002097
0.295876,3566.936056399672
0.321865,3968.795872120064
0.347853,4379.050187433157
0.373842,4796.302207875537
0.399831,5219.075904816117
0.425819,5645.860014598094
0.451808,6075.157395833873
0.477797,6505.410033852963
0.503786,6935.062592186267
0.529774,7362.541875956558
0.555763,7786.324987948262
0.581752,8204.863924049592
0.6077399999999999,8616.635959597706
0.633729,9020.197767968668
0.659718,9414.117257537371
0.685706,9797.017127313542
0.711695,10167.63318944191
0.737684,10524.75458234723
0.763673,10867.26682603921
0.7896609999999999,11194.15660209163
0.81565,11504.57332151164
0.841639,11797.76043695564
0.867627,12073.10542197263
0.893616,12330.19345701317
0.919605,12568.73139641766
0.945594,12788.620989501
0.9715819999999999,12989.93070687192
0.997571,13172.96052091612
1.02356,13338.15861356049
1.049548,13486.16712086341
1.075537,13617.86207328324
1.101526,13734.26518793866
1.127515,13836.59413785457
1.153503,13926.22247960945
1.179492,14004.7146782824
1.205481,14073.73956555611
1.231469,14135.08158975827
1.257458,14190.6700279914
1.283447,14242.4709580458
1.309436,14292.5151180713
1.335424,14342.85283743722
1.361413,14395.57116168468
1.387402,14452.69952441323
1.41339,14516.23806378562
1.439379,14588.15461679133
1.465368,14670.2884947392
1.491357,14764.40840170366
1.517345,14872.14913772161
1.543334,14995.04684038332
1.569323,15134.49078901654
1.595311,15291.71564019421
1.6213,15467.83942598868
1.647289,15663.80848700439
1.673278,15880.41244177588
1.699266,16118.32103357071
1.725255,16378.06348822816
1.751244,16660.00945709381
1.777232,16964.39634426956
1.803221,17291.36442850176
1.82921,17640.92059984456
1.855198,18012.95948050808
1.881187,18407.297111329
1.907176,18823.65345162592
1.933165,19261.64913284196
1.959153,19720.84933650076
1.985142,20200.78458107226
2.011131,20700.90260718737
2.037119,21220.60252429477
2.063108,21759.28061453943
2.089097,22316.30015807221
2.115086,22890.98307464269
2.141074,23482.6604879397
2.167063,24090.66146104342
2.193052,24714.31006490361
2.21904,25352.92837630809
2.245029,26005.85270280719
2.271018,26672.45230015191
2.297007,27352.09270320448
2.322995,28043.77581425854
2.348984,28747.6782637387
2.374973,29462.8233301445
2.400961,30188.69363248161
2.42695,30924.76812110871
2.452939,31670.45933633919
2.478928,32425.37257352667
2.504916,33188.98254992704
2.530905,33960.83285562744
2.556894,34740.53654272947
2.582882,35527.72834862152
2.608871,36321.95196197944
2.63486,37122.78175198898
2.660849,37929.76963909277
2.686837,38742.62092617641
2.712826,39560.93101015549
2.738815,40384.3601690649
2.764803,41212.51668252247
2.790792,42045.09338970378
2.816781,42881.70308365857
2.84277,43722.10340160181
2.868758,44565.86126504854
2.894747,45412.78924153459
2.920736,46262.55554442768
2.946724,47114.93254011695
2.972713,47969.65887563046
2.998702,48826.59988358546
3.02469,49685.60130432851
3.050679,50546.53362510395
3.076668,51409.50141312183
3.102657,52274.33691443833
3.128645,53141.18309177884
3.154634,54010.17793739021
3.180623,54881.41230095347
3.206611,55755.2291153948
3.2326,56631.91606743983
3.258589,57511.85303280751
3.284578,58395.5202107089
3.310566,59283.39658880497
3.336555,60176.07994623532
3.362544,61074.26716527862
3.388532,61978.56343195331
3.414521,62889.77775865441
3.44051,63808.64208847315
3.466499,64735.97955215106
3.492487,65672.61217905389
3.518476,66619.37836966843
3.544465,67577.11379026248
3.570453,68546.61076697217
3.596442,69528.7074540457
3.622431,70524.12348608063
3.64842,71533.56031611095
3.674408,72557.61937545032
3.700397,73596.90721203614
3.726386,74651.89642857808
3.752374,75722.93542604087
3.778363,76810.35035990668
3.804352,77914.25592309939
3.830341,79034.71048138033
3.856329,80171.60261727702
3.882318,81324.77022466956
3.908307,82493.8258560532
3.934295,83678.29591296824
3.960284,84877.56887724951
3.986273,86090.89802993518
4.012262,87317.39757603445
4.03825,88556.05719818016
4.064239,89805.79728110461
4.090228,91065.403012289
4.116216,92333.50924630094
4.142205,93608.78026681552
4.168194,94889.69036831026
4.194182,96174.66542769864
4.220171,97462.16730035363
4.24616,98750.55718903923
4.272149,100038.172403153
4.298137,101323.3713371333
4.324126,102604.5287898566
4.350115,103880.0677870831
4.376103,105148.3486484969
4.402092,106407.9849265288
4.428081,107657.5544247852
4.45407,108895.7131162634
4.480058,110121.2867237789
4.506047,111333.2492431895
4.532036,112530.6847020242
4.558024,113712.7878180381
4.584013,114879.02776259
4.610002,116029.0042448281
4.635991,117162.4607536678
4.661979,118279.3679574027
4.687968,119379.9766224536
4.713957,120464.6131876997
4.739945,121533.8486769544
4.765934,122588.5106242078
4.791923,123629.5466918702
4.817912,124658.1523769114
4.8439,125675.6308636931
4.869889,126683.5305748048
4.895878,127683.4938429954
4.921866,128677.2824203166
4.947855,129666.8442200467
4.973844,130654.1875075811
4.999833,131641.305899653
5.025821,132630.3277570069
5.05181,133623.4314476742
5.077799,134622.6675682177
5.103787,135630.1098018677
5.129776,136647.8347011822
5.155765,137677.7311106405
5.181753,138721.5726900967
5.207742,139781.1346239684
5.233731,140857.8575101038
5.25972,141953.1001626575
5.285708,143068.03035336
5.311697,144203.6054617073
5.337686,145360.5326974783
5.363674,146539.2831160362
5.389663,147740.1438766853
5.415652,148963.1654214674
5.441641,150208.0735450125
5.467629,151474.4348231003
5.493618,152761.5934909509
5.519607,154068.6374450398
5.545595,155394.4633215012
5.571584,156737.8113732205
5.597573,158097.1495578329
5.623562,159470.8284192972
5.64955,160856.9973641367
5.675539,162253.7953144794
5.701528,163659.1403418149
5.727516,165070.8683061639
5.753505,166486.7743610585
5.779494,167904.5629415085
5.805483,169321.9391480186
5.831471,170736.5292249216
5.85746,172146.0378627822
5.883449,173548.1273626492
5.909437,174940.4616807516
5.935426,176320.8400581795
5.961415,177687.0864295697
5.987404,179037.0765875232
6.013392,180368.7386944524
6.039381,181680.2062435774
6.06537,182969.6370684171
6.091358,184235.2388583361
6.117347,185475.4885377195
6.143336,186688.8969448092
6.169325,187874.0976537283
6.195313,189029.7998196767
6.221302,190154.9775268036
6.247291,191248.6159128566
6.273279,192309.8036320603
6.299268,193337.9262167217
6.325257,194332.274325611
6.351245,195292.3009147508
6.377234,196217.7084537679
6.403223,197108.0943072218
6.429212,197963.3247713244
6.4552,198783.1816290848
6.481189,199567.7073547977
6.507178,200316.8507668057
6.533166,201030.6859385553
6.559155,201709.4322694124
6.585144,202353.185929126
6.611133,202962.1547320127
6.637121,203536.5575590344
6.66311,204076.6926829118
6.689099,204582.7946094879
6.715087,205055.0818081065
6.741076,205493.9352691981
6.767065,205899.4853856338
6.793054,206272.0379775218
6.819042,206611.7395045194
6.845031,206918.8727761567
6.87102,207193.5225069156
6.897008,207435.7982272037
6.922997,207645.8369063274
6.948986,207823.720274535
6.974975,207969.3414658195
7.000963,208082.7925292667
7.026952,208163.9987539416
7.052941,208212.8216079582
7.078929,208229.1006586736
7.104918,208212.753500092
7.130907,208163.5392320804
7.156896,208081.2884554361
7.182884,207965.6852691182
7.208873,207816.5499336809
7.234862,207633.5613170464
7.26085,207416.432351364
7.286839,207164.9374952223
7.312828,206878.751620527
7.338817,206557.6557721587
7.364805,206201.3311578659
7.390794,205809.6450225621
7.416783,205382.355285871
7.442771,204919.3519885975
7.46876,204420.5514136904
7.494749,203885.8787517564
7.520737,203315.3012608906
7.546726,202708.9938764957
7.572715,202067.0814535334
7.598704,201389.7979608146
7.624692,200677.4747549408
7.650681,199930.559465059
7.67667,199149.5914163316
7.702658,198335.1696618143
7.728647,197488.0980660524
7.754636,196609.2188121978
7.780625,195699.5533803788
7.806613,194760.1787710222
7.832602,193792.3963140495
7.858591,192797.497015445
7.884579,191777.0654342581
7.910568,190732.7233940848
7.936557,189666.1910292864
7.962546,188579.2914709246
7.988534,187474.0294506922
8.014523000000001,186352.5481565888
8.040512,185216.9994292195
8.0665,184069.6153367091
8.092489,182912.8003327192
8.118478,181748.9112747198
8.144467000000001,180580.4450832681
8.170455,179409.8827256063
8.196444,178239.6899693866
8.222433000000001,177072.3861596884
8.248421,175910.4229711861
8.27441,174756.2389269912
8.300399000000001,173612.1341774238
8.326388,172480.4323263358
8.352376,171363.1923960366
8.378365000000001,170262.5146003533
8.404354,169180.2433081627
8.430342,168118.0288384235
8.456331,167077.5458016122
8.48232,166060.0611066219
8.508309000000001,165066.7554602733
8.534297,164098.5221341351
8.560286,163156.1360273472
8.586275000000001,162240.1079048894
8.612263,161350.6845009912
8.638252,160488.0487687144
8.664241000000001,159652.0498569404
8.690229,158842.4459051294
8.716218,158058.7179115986
8.742207000000001,157300.3067744618
8.768196,156566.3425960031
8.794184,155855.8689221479
8.820173,155167.9420418547
8.846162,154501.3358523773
8.87215,153854.8175133548
8.898139,153227.0877626443
8.924128,152616.8047522202
8.950117000000001,152022.5376495656
8.976105,151442.8456258887
9.002094,150876.3241603018
9.028083000000001,150321.5329752502
9.054071,149777.0973974344
9.08006,149241.6519860578
9.106049000000001,148713.8145555045
9.132038,148192.3731893434
9.158026,147675.9951980104
9.184015,147163.5557561819
9.210004,146653.972694176
9.235992,146146.1830129072
9.261981,145639.2309117017
9.28797,145132.1371857716
9.313959000000001,144624.194822069
9.339947,144114.4815913821
9.365936,143602.5022570991
9.391925000000001,143087.5572743378
9.417913,142569.0193914625
9.443902,142046.6240855601
9.469891000000001,141519.7891794866
9.49588,140988.2211929924
9.521868,140451.7420478289
9.547857,139910.0249807631
9.573846,139363.0268606134
9.599834,138810.5839765988
9.625823,138252.7286048949
9.651812,137689.520275369
9.677801000000001,137120.9361374379
9.703789,136547.2827473886
9.729778,135968.6606953024
9.755767000000001,135385.4103995355
9.781755,134797.7880387472
9.807744,134206.1601931252
9.833733000000001,133610.9929555998
9.859721,133012.6713496661
9.88571,132411.7775999908
9.911699,131808.8168037898
9.937688,131204.3625258233
9.963676,130599.0123785846
9.989665,129993.4664803877
10.015654,129388.3725390287
10.041642,128784.344580339
10.067631,128182.1351913359
10.09362,127582.4965344982
10.119609,126986.0292058054
10.145597,126393.5547201988
10.171586,125805.7892567748
10.197575,125223.4673650329
10.223563,124647.1892026413
10.249552,124077.7915701219
10.275541,123515.8402394048
10.30153,122961.9537517439
10.327518,122416.8724763904
10.353507,121881.1426543398
10.379496,121355.3557404489
10.405484,120840.0990645229
10.431473,120335.9338138513
10.457462,119843.2874658526
10.483451,119362.8247472162
10.509439,118894.8296396315
10.535428,118439.9171484746
10.561417,117998.4388467846
10.587405,117570.9211856092
10.613394,117157.7266571117
10.639383,116759.3603949177
10.665372,116376.194574195
10.69136,116008.6003322886
10.717349,115657.0261573354
10.743338,115321.8530602413
10.769326,115003.4735823069
10.795315,114702.3657956567
10.821304,114418.8980716906
10.847293,114153.3876764571
10.873281,113906.2927286624
10.89927,113678.0148641589
10.925259,113468.8733599533
10.951247,113279.3009037838
10.977236,113109.6273725141
11.003225,112960.223559426
11.029213,112831.3094099422
11.055202,112723.2343685671
11.081191,112636.335708961
11.10718,112570.774930343
11.133168,112526.8371456744
11.159157,112504.7668701135
11.185146,112504.7106229588
11.211134,112526.8329160351
11.237123,112571.2315445919
11.263112,112638.0814327363
11.289101,112727.4132684876
11.315089,112839.2410912317
11.341078,112973.6876463963
11.367067,113130.8402300779
11.393055,113310.5196972034
11.419044,113512.8329464952
11.445033,113737.8523131203
11.471022,113985.453824842
11.49701,114255.732988754
11.522999,114548.6378191691
11.548988,114864.2854337854
11.574976,115202.5928217569
11.600965,115563.7605432639
11.626954,115947.8140716737
11.652943,116354.8451083527
11.678931,116785.0760096473
11.70492,117238.5883862205
11.730909,117715.6853955378
11.756897,118216.5260770867
11.782886,118741.4657715028
11.808875,119290.7747900583
11.834864,119864.7789782698
11.860852,120463.9113781732
11.886841,121088.4561170695
11.91283,121738.8627113651
11.938818,122415.5521589276
11.964807,123119.077608246
11.990796,123849.7057462552
12.016785,124608.0226462339
12.042773,125394.3700203062
12.068762,126209.1516245356
12.094751,127052.7917050957
12.120739,127925.7098724121
12.146728,128828.1948786998
12.172717,129760.5277178881
12.198705,130722.9674548033
12.224694,131715.7190578823
12.250683,132738.9108454776
12.276672,133792.5477670906
12.30266,134876.6890076259
12.328649,135991.1887524514
12.354638,137135.8472996046
12.380626,138310.512183396
12.406615,139514.7472677488
12.432604,140748.1002496689
12.458593,142010.1218054697
12.484581,143300.0173373002
12.51057,144617.2604348616
12.536559,145960.8838815036
12.562547,147330.0173761097
12.588536,148723.6645626896
12.614525,150140.7590331986
12.640514,151580.0818694523
12.666502,153040.4218426161
12.692491,154520.5195477672
12.71848,156018.9366341954
12.744468,157534.2267201547
12.770457,159064.9969339424
12.796446,160609.7240997208
12.822435,162166.8289808714
12.848423,163734.8100318763
12.874412,165312.1288942909
12.900401,166897.3204843736
12.926389,168488.7313817046
12.952378,170085.0395885808
12.978367,171684.7982859988
13.004356,173286.6674742434
13.030344,174889.4220534983
13.056333,176491.8560283506
13.082322,178093.0577549862
13.10831,179692.015328673
13.134299,181288.0557490724
13.160288,182880.5281721457
13.186276,184468.9951663348
13.212265,186053.2267415643
13.238254,187633.1685447393
13.264243,189208.8707490333
13.290231,190780.7430586615
13.31622,192349.285588217
13.342209,193915.2191866596
13.368197,195479.5083572263
13.394186,197043.2714635087
13.420175,198607.8323575734
13.446164,200174.764371337
13.472152,201745.6976339922
13.498141,203322.5751068569
13.52413,204907.2898771773
13.550118,206502.0191444775
13.576107,208108.9658317518
13.602096,209730.5049846929
13.628085,211368.8277209135
13.654073,213026.3947461718
13.680062,214705.6236863258
13.706051,216408.7872420501
13.732039,218138.1456025217
13.758028,219895.965649767
13.784017,221684.1431283383
13.810006,223504.7261319352
13.835994,225359.3615775981
13.861983,227249.6371310614
13.887972,229176.7047151072
13.91396,231141.7161158812
13.939949,233145.4763622056
13.965938,235188.3833743393
13.991927,237270.7484160767
14.017915,239392.3832327755
14.043904,241552.9549824067
14.069893,243751.7527804565
14.095881,245987.7405076501
14.12187,248259.5828075621
14.147859,250565.764426974
14.173848,252904.2353546863
14.199836,255272.9160032334
14.225825,257669.4106717066
14.251814,260090.9298431922
14.277802,262534.7317031753
14.303791,264997.6791918601
14.32978,267476.4880403738
14.355768,269967.8430484697
14.381757,272468.1104317395
14.407746,274973.6863225429
14.433735,277480.9378086797
14.459723,279986.0373926456
14.485712,282485.182495587
14.511701,284974.6843516222
14.537689,287450.6448442275
14.563678,289909.5055677573
14.589667,292347.5180655402
14.615656,294761.1460231124
14.641644,297146.9702471909
14.667633,299501.652913755
14.693622,301822.0368498313
14.71961,304105.159451189
14.745599,306348.1844229908
14.771588,308548.4705752228
14.797577,310703.5769185361
14.823565,312811.2485894541
14.849554,314869.547717297
14.875543,316876.670828625
14.901531,318831.0206981485
14.92752,320731.3995381634
14.953509,322576.5701210163
14.979498,324365.7466803152
15.005486,326098.1997937387
15.031475,327773.5254232805
15.057464,329391.5688118121
15.083452,330952.0903565492
15.109441,332455.470984424
15.13543,333901.8668843209
15.161419,335291.8484360045
15.187407,336625.9160888302
15.213396,337904.8571354235
15.239385,339129.5096856651
15.265373,340300.8575300527
15.291362,341419.750265123
15.317351,342487.2794951884
15.34334,343504.5630684376
15.369328,344472.5507231235
15.395317,345392.4010441655
15.421306,346264.9857768392
15.447294,347091.4174043867
15.473283,347872.5160306757
15.499272,348609.0879591706
15.52526,349301.9514401501
15.551249,349951.6885579531
15.577238,350558.8964185711
15.603227,351123.9776842908
15.629215,351647.1609271329
15.655204,352128.7976986041
15.681193,352568.8722441329
15.707181,352967.4396512599
15.73317,353324.3958853007
15.759159,353639.5929672706
15.785148,353912.8097780478
15.811136,354143.6557417825
15.837125,354331.8651759836
15.863114,354477.1162528703
15.889102,354578.9794607118
15.915091,354637.2933039861
15.94108,354651.5987626327
15.967069,354621.7976875444
15.993057,354547.6543812616
16.019046,354429.2281540597
16.045035,354266.5675870589
16.071023,354059.8786593042
16.097012,353809.5970532226
16.123001,353516.2624622593
16.14899,353180.5725302054
16.174978,352803.4921526056
16.200967,352386.1579529795
16.226956,351929.838129063
16.252944,351436.0558537298
16.278933,350906.6404351649
16.304922,350343.4031818851
16.330911,349748.5965222034
16.356899,349124.4481299241
16.382888,348473.4603498566
16.408877,347798.3569445885
16.434865,347101.7893132134
16.460854,346386.7952587142
16.486843,345656.3291510515
16.512832,344913.4200610562
16.53882,344161.2731544448
16.564809,343403.0419789415
16.590798,342641.9750549211
16.616786,341881.1022697781
16.642775,341123.6148516666
16.668764,340372.5148101723
16.694752,339630.6979014091
16.720741,338901.0565308022
16.74673,338186.1689874598
16.772719,337488.5535338292
16.798707,336810.5729346237
16.824696,336154.2631094515
16.850685,335521.5726147227
16.876673,334914.1520142017
16.902662,334333.4024740878
16.928651,333780.5269635979
16.95464,333256.3819496165
16.980628,332761.7429324181
17.006617,332297.033194479
17.032606,331862.3702790812
17.058594,331457.7528350623
17.084583,331082.8276323582
17.110572,330737.1580365933
17.136561,330420.0110572453
17.162549,330130.4489497667
17.188538,329867.5083020853
17.214527,329629.8422507984
17.240515,329416.0160418094
17.266504,329224.7015226326
17.292493,329054.0758575003
17.318482,328902.57352502
17.34447,328768.2951948433
17.370459,328649.5445256293
17.396448,328544.3568416159
17.422436,328450.8474232322
17.448425,328367.2159508693
17.474414,328291.4576415207
17.500403,328221.8282738227
17.526391,328156.4663469539
17.55238,328093.7760264938
17.578369,328031.9003278206
17.604357,327969.2785631582
17.630346,327904.5448161273
17.656335,327836.0165706373
17.682324,327762.6953790637
17.708312,327683.0494532713
17.734301,327596.1809162514
17.76029,327500.9891120251
17.786278,327396.7366588557
17.812267,327282.5959059601
17.838256,327157.9239077746
17.864244,327022.1554311737
17.890233,326874.9149212716
17.916222,326715.9495183413
17.942211,326545.1106098177
17.968199,326362.1955537738
17.994188,326167.2948945517
18.020177,325960.4410183412
18.046165,325741.8717646572
18.072154,325511.9917257975
18.098143,325270.841901819
18.124132,325019.0902384183
18.15012,324757.0814556626
18.176109,324485.1045874634
18.202098,324203.9731855787
18.228086,323914.196215445
18.254075,323616.3330352311
18.280064,323311.0587729418
18.306053,322998.8607637906
18.332041,322680.3694998134
18.35803,322356.1859029887
18.384019,322026.9070796217
18.410007,321693.0860039673
18.435996,321355.1276149955
18.461985,321013.4998685383
18.487974,320668.6912905301
18.513962,320320.8602770407
18.539951,319970.4404136253
18.56594,319617.604425966
18.591928,319262.466279148
18.617917,318905.2623870763
18.643906,318545.785486949
18.669895,318184.0156630193
18.695883,317819.9186306295
18.721872,317453.1158629308
18.747861,317083.6316818557
18.773849,316710.8043933281
18.799838,316334.4169980342
18.825827,315954.0280053932
18.851816,315569.1469030723
18.877804,315179.2021051171
18.903793,314783.6050662721
18.929782,314381.941653642
18.95577,313973.6137133671
18.981759,313558.1806896933
19.007748,313134.7829680846
19.033736,312703.2071781245
19.059725,312262.859185872
19.085714,311813.3252251724
19.111703,311354.3198274043
19.137691,310885.5327305957
19.16368,310406.6302873478
19.189669,309917.7791488683
19.215657,309418.7122487612
19.241646,308909.6360807091
19.267635,308390.5233418493
19.293624,307861.9324260878
19.319612,307324.0910322648
19.345601,306777.6019655529
19.37159,306222.8998812703
19.397578,305660.6951154377
19.423567,305091.8152211001
19.449556,304517.0702729211
19.475545,303937.296113483
19.501533,303353.4724828106
19.527522,302766.5225479726
19.553511,302177.4793958824
19.579499,301587.191410628
19.605488,300996.5309795476
19.631477,300406.6114984186
19.657466,299817.919737455
19.683454,299231.273446127
19.709443,298647.1751080218
19.735432,298066.1502691848
19.76142,297488.4720581489
19.787409,296914.1517165756
19.813398,296343.1213907031
19.839387,295774.8831771777
19.865375,295209.1040848855
19.891364,294644.9646372795
19.917353,294081.415651678
19.943341,293517.3328903043
19.96933,292951.1147905597
19.995319,292381.0949613999
20.021308,291805.4095785936
20.047296,291222.0417274194
20.073285,290628.4881213594
20.099274,290022.527769896
20.125262,289401.4364564283
20.151251,288762.7659452498
20.17724,288103.3206231813
20.203228,287420.4612299668
20.229217,286711.379415479
20.255206,285972.8551170763
20.281195,285202.469791119
20.307183,284396.9315910788
20.333172,283553.8024230491
20.359161,282670.246862891
20.385149,281743.7500459955
20.411138,280772.1676720906
20.437127,279753.3070863772
20.463116,278684.9188458091
20.489104,277565.6429593283
20.515093,276393.6548317146
20.541082,275168.0501615023
20.56707,273887.5341781508
20.593059,272551.6686409508
20.619048,271159.8407176895
20.645037,269712.2391475553
20.671025,268208.6164635269
20.697014,266649.7738825782
20.723003,265036.2773475978
20.748991,263369.5598918689
20.77498,261650.5405348171
20.800969,259881.0935410534
20.826958,258062.8301462821
20.852946,256198.2719997776
20.878935,254289.6908647916
20.904924,252339.5548192147
20.930912,250351.0729611175
20.956901,248327.3133676179
20.98289,246271.4077452528
21.008879,244186.9596667815
21.034867,242077.5526225788
21.060856,239946.952520328
21.086845,237799.3953346492
21.112833,235638.9276920045
21.138822,233469.4961635911
21.164811,231295.3947939097
21.190799,229121.2341111134
21.216788,226950.9138566282
21.242777,224789.2778804147
21.268766,222640.0213050799
21.294754,220507.9390285624
21.320743,218396.6365192053
21.346732,216310.3798309844
21.37272,214252.9509311187
21.398709,212228.097529448
21.424698,210238.8504328259
21.450687,208288.234261477
21.476675,206379.4453668986
21.502664,204513.9991394906
21.528653,202694.3342536007
21.554641,200921.9153394397
21.58063,199197.3031566909
21.606619,197521.4804864308
21.632608,195894.0461944478
21.658596,194314.5658548159
21.684585,192781.8920017884
21.710574,191294.5198312528
21.736562,189850.1288563257
21.762551,188446.1720994162
21.78854,187079.7652062525
21.814529,185747.1565727153
21.840517,184444.7997025273
21.866506,183168.1770961258
21.892495,181912.8332672262
21.918483,180673.8699058886
21.944472,179446.1184299543
21.970461,178225.0694089038
21.99645,177004.6783171926
22.022438,175780.0178705331
22.048427,174545.6259087015
22.074416,173296.4545316788
22.100404,172026.9084387756
22.126393,170731.9885184869
22.152382,169406.9949263302
22.178371,168046.9635569929
22.204359,166647.3919064315
22.230348,165204.0963895267
22.256337,163713.0872813831
22.282325,162170.381820858
22.308314,160572.8352952548
22.334303,158917.967118177
22.360291,157202.2788251317
22.38628,155424.2536759875
22.412269,153581.1829983582
22.438258,151672.4671993231
22.464246,149696.5140069362
22.490235,147653.4710084244
22.516224,145542.1982595006
22.542212,143364.1949845667
22.568201,141119.1150682822
22.59419,138808.9236607365
22.620179,136435.7328484612
22.646167,134001.9511360429
22.672156,131510.4578885185
22.698145,128965.2451532752
22.724133,126370.3245409694
22.750122,123731.2441244614
22.776111,121053.8037448524
22.8021,118343.9072973738
22.828088,115609.2775453745
22.854077,112857.9948518207
22.880066,110098.4371969064
22.906054,107339.5510816707
22.932043,104591.6861314272
22.958032,101864.7795545626
22.984021,99168.56837670926
23.010009,96514.06691050681
23.035998,93910.24573344363
23.061987,91367.20473162307
23.087975,88892.8473487501
23.113964,86495.46235957043
23.139953,84180.9522475304
23.165942,81953.96464130076
23.19193,79819.37879857425
23.217919,77778.24968298052
23.243908,75832.0957024824
23.269896,73980.28338351584
23.295885,72221.40651352839
23.321874,70553.8334931382
23.347863,68972.4173509687
23.373851,67474.82879624936
23.39984,66056.16434180376
23.425829,64711.04828116481
23.451817,63434.84240713459
23.477806,62222.23391853437
23.503795,61068.1210059235
23.529783,59966.90873741782
23.555772,58914.12129740784
23.581761,57904.5329701698
23.60775,56933.53903383142
23.633738,55996.56325650978
23.659727,55089.46669750309
23.685716,54208.39007659773
23.711704,53349.52094335994
23.737693,52509.52957165923
23.763682,51685.25984147019
23.789671,50875.08676761419
23.815659,50075.09820044159
23.841648,49284.52432659549
23.867637,48500.8240526126
23.893625,47722.92273681027
23.919614,46949.92263894276
23.945603,46181.06668632803
23.971592,45415.86120415077
23.99758,44653.69523723962
24.023569,43895.32950293465
24.049558,43140.38284385082
24.075546,42390.28643122917
24.101535,41645.24513673154
24.127524,40906.52585502194
24.153513,40175.14679947762
24.179501,39452.98487237553
24.20549,38741.38139472969
24.231479,38041.80142477164
24.257467,37355.84196170852
24.283456,36686.18536785345
24.309445,36033.66970047421
24.335434,35401.30530055035
24.361422,34790.13624358074
24.387411,34202.80481835669
24.4134,33641.08060625093
24.439388,33106.66824443885
24.465377,32601.61975488398
24.491366,32127.85088242131
24.517355,31687.40831336803
24.543343,31281.70055340298
24.569332,30912.27245171145
24.595321,30581.47388453417
24.621309,30290.00726000794
24.647298,30040.12482095208
24.673287,29832.49071435102
24.699275,29669.25351836465
24.725264,29551.16881024948
24.751253,29479.80459632139
24.777242,29455.77798307868
24.80323,29480.83754629725
24.829219,29555.67537663118
24.855208,29681.58651343752
24.881196,29858.91755535279
24.907185,30089.25708429114
24.933174,30372.59665008061
24.959163,30710.23949036013
24.985151,31102.81320011159
25.01114,31550.67784786484
25.037129,32054.19782085613
25.063117,32614.08421161765
25.089106,33230.46455309471
25.115095,33903.7841054911
25.141084,34633.74177379334
25.167072,35420.5567636136
25.193061,36263.9830072308
25.21905,37163.82412911755
25.245038,38119.65375681948
25.271027,39130.86915162279
25.297016,40196.69443488706
25.323005,41316.32012335533
25.348993,42488.53592759711
25.374982,43712.54878961265
25.400971,44986.46697479197
25.426959,46308.82356043172
25.452948,47678.17474172004
25.478937,49092.17181976918
25.504926,50549.26489793314
25.530914,52046.74632803606
25.556903,53582.69981789237
25.582892,55154.28308708146
25.60888,56759.1524342216
25.634869,58394.10637823318
25.660858,60056.68423240631
25.686847,61743.98797628987
25.712835,63452.73720094479
25.738824,65179.88695643645
25.764813,66922.55851138086
25.790801,68677.2522720828
25.81679,70441.40230895809
25.842779,72211.79526035665
25.868767,73985.38710193156
25.894756,75759.21633380152
25.920745,77530.71429926119
25.946734,79296.87937581507
25.972722,81055.63154983615
25.998711,82804.32338304682
26.0247,84540.64374719856
26.050688,86263.18581815528
26.076677,87969.88116728523
26.102666,89659.66537019172
26.128655,91330.93109679701
26.154643,92982.87283226923
26.180632,94615.02129168282
26.206621,96227.2652250774
26.232609,97819.01328873592
26.258598,99391.10915495314
26.284587,100943.9102301175
26.310576,102478.2930906344
26.336564,103995.5733482199
26.362553,105496.8630888645
26.388542,106984.3538181714
26.41453,108459.4684155116
26.440519,109924.8228872283
26.466508,111382.7532646939
26.492497,112835.4963899886
26.518485,114286.2425990479
26.544474,115737.2965193148
26.570463,117191.9215885621
26.596451,118652.7377133958
26.62244,120123.1236893869
26.648429,121605.7339923325
26.674418,123103.4194838088
26.700406,124618.8983710586
26.726395,126154.8709007612
26.752384,127713.9129159541
26.778372,129298.0742743341
26.804361,130909.3554621597
26.83035,132549.0500163691
26.856339,134219.2276920251
26.882327,135920.698433428
26.908316,137653.6984580933
26.934305,139419.0648933718
26.960293,141216.2576034705
26.986282,143044.9019613908
27.012271,144903.9024842019
27.038259,146792.1413286287
27.064248,148707.3825226588
27.090237,150647.4924803002
27.116226,152609.6739754406
27.142214,154590.8749855763
27.168203,156587.2761143552
27.194192,158594.8020017958
27.22018,160609.376932176
27.246169,162625.5117064139
27.272158,164638.3547618888
27.298147,166642.7772926836
27.324135,168632.2644173568
27.350124,170600.9145210358
27.376113,172542.4273897943
27.402101,174450.21039577
27.42809,176317.2405439404
27.454079,178136.348109906
27.480068,179900.9093022884
27.506056,181603.1253466049
27.532045,183236.1725495864
27.558034,184792.1846084168
27.584022,186264.1779796353
27.610011,187644.539482972
27.636,188925.9708165045
27.661989,190101.7309253117
27.687977,191163.9639718198
27.713966,192106.4103190102
27.739955,192921.5976065492
27.765943,193603.4986438748
27.791932,194145.4899619027
27.817921,194541.0680990152
27.84391,194784.9353929936
27.869898,194871.3539556128
27.895887,194794.4013730702
27.921876,194549.6902684307
27.947864,194132.1266232707
27.973853,193537.6142800664
27.999842,192761.7771395045
28.025831,191801.2487745492
28.051819,190652.3818728471
28.077808,189312.5938539734
28.103797,187778.6308740848
28.129785,186048.8884056838
28.155774,184121.6625280083
28.181763,181995.0891371107
28.207751,179668.4920014327
28.23374,177141.5500176703
28.259729,174414.52897136
28.285718,171487.5184541344
28.311706,168362.5103676046
28.337695,165040.7989805162
28.363684,161525.4605372991
28.389672,157820.1414482125
28.415661,153929.1564439907
28.44165,149859.0184349915
28.467639,145615.9198898544
28.493627,141209.5717998574
28.519616,136649.7417457745
28.545605,131949.2301136083
28.571593,127122.9469351324
28.597582,122188.0261109958
28.623571,117164.4988434261
28.64956,112074.0811703661
28.675548,106941.5523290565
28.701537,101795.0405625357
28.727526,96662.54111941464
28.753514,91574.21492322924
28.779503,86560.1864714392
28.805492,81649.75422681852
28.831481,76870.89261282107
28.857469,72248.30678459974
28.883458,67803.86577536413
28.909447,63555.37810054376
28.935435,59515.44397030387
28.961424,55693.75112630671
28.987413,52094.53797570363
29.013402,48719.53811530039
29.03939,45567.46326575299
29.065379,42632.46836360314
29.091368,39909.32468383264
29.117356,37389.23410751237
29.143345,35063.65719368749
29.169334,32921.82337719974
29.195322,30954.41581519671
29.221311,29150.41219841003
29.2473,27499.95246860376
29.273289,25992.39145242994
29.299277,24618.25326614063
29.325266,23368.12346556435
29.351255,22232.75868191387
29.377243,21203.8268561543
29.403232,20272.98689633701
29.429221,19432.5812783657
29.45521,18675.82648379302
29.481198,17996.23551740976
29.507187,17386.7277298525
29.533176,16842.25790032279
29.559164,16357.13512712127
29.585153,15926.41413259773
29.611142,15545.26391680237
29.637131,15209.90519020262
29.663119,14915.90443307388
29.689108,14660.21709893559
29.715097,14438.68924567788
29.741085,14248.51552770792
29.767074,14087.01561860245
29.793063,13951.16389170216
29.819052,13839.23756146929
29.84504,13748.39280814773
29.871029,13676.66860708203
29.897018,13622.49597048655
29.923006,13583.62789830446
29.948995,13559.00023442049
29.974984,13546.806534245
30.000973,13545.33260319666
30.026961,13553.98140922073
30.05295,13571.07915126613
30.078939,13595.70941650372
30.104927,13626.61122672753
30.130916,13663.28703986164
30.156905,13704.16533988145
30.182894,13748.760594812
30.208882,13795.87700971709
30.234871,13845.47534631797
30.26086,13895.99000551224
30.286848,13947.37947074193
30.312837,13998.84488721056
30.338826,14049.64257480877
30.364814,14099.32513283162
30.390803,14147.16151263925
30.416792,14193.11407605572
30.442781,14236.42580035259
30.468769,14276.69578276449
30.494758,14313.5428361038
30.520747,14347.31795019525
30.546735,14376.90836358901
30.572724,14402.65196422394
30.598713,14424.18590961366
30.624702,14441.82901236319
30.65069,14454.84031340757
30.676679,14463.60181848072
30.702668,14468.41363744725
30.728656,14468.92910835261
30.754645,14465.83993369437
30.780634,14458.78297363125
30.806623,14448.08597163877
30.832611,14434.46366543006
30.8586,14417.53778101695
30.884589,14398.37766852985
30.910577,14376.61698874783
30.936566,14353.64842207184
30.962555,14328.76126425163
30.988544,14303.02925042462
31.014532,14276.76543829013
31.040521,14250.68169073962
31.06651,14224.77546129671
31.092498,14199.38429115682
31.118487,14175.5673620531
31.144476,14153.65647992192
31.170465,14133.64360168129
31.196453,14115.87280339533
31.222442,14101.39193646763
31.248431,14090.18761985012
31.274419,14082.61147103409
31.300408,14079.33818605971
31.326397,14080.0007452406
31.352386,14085.31113762928
31.378374,14095.60097417006
31.404363,14110.83934301729
31.430352,14131.38318594835
31.45634,14157.56109646023
31.482329,14189.35388828738
31.508318,14227.10207828978
31.534306,14270.43753311594
31.560295,14320.06185568437
31.586284,14375.92686738607
31.612273,14437.70591898437
31.638261,14505.71158180506
31.66425,14580.28329760631
31.690239,14661.04207760536
31.716227,14748.35289681601
31.742216,14841.82652356145
31.768205,14942.15850556493
31.794194,15048.62943055497
31.820182,15161.93461730987
31.846171,15281.68696657987
31.87216,15407.90987611301
31.898148,15541.24288659277
31.924137,15681.0136250066
31.950126,15827.88878348307
31.976115,15981.17023249692
32.002103,16141.87886858375
32.028092,16309.30507024004
32.054081,16484.15677021478
32.080069,16666.05076244306
32.106058,16855.34268928344
32.132047,17052.03340083314
32.158036,17256.09589982077
32.184024,17467.56219640189
32.210013,17686.74615781309
32.236002,17913.32895761927
32.26199,18147.97648218692
32.287979,18389.69975255639
32.313968,18639.48802456527
32.339957,18896.38689249885
32.365945,19161.05020932107
32.391934,19432.81923947249
32.417923,19712.07731062344
32.443911,19998.12019209619
32.4699,20291.01766895899
32.495889,20590.43874400775
32.521878,20895.71960811091
32.547866,21207.23729576794
32.573855,21523.99870321414
32.599844,21846.05061089024
32.625832,22172.71967772984
32.651821,22503.7243023287
32.67781,22838.06070010162
32.703798,23175.78375246865
32.729787,23516.20988269149
32.755776,23858.71022080429
32.781765,24202.97287465726
32.807753,24548.33298324333
32.833742,24894.12796517445
32.859731,25240.06600117975
32.885719,25585.77549921821
32.911708,25930.63359384974
32.937697,26273.93369459527
32.963686,26616.02862585821
32.989674,26956.22942537908
33.015663,27294.53463218301
33.041652,27630.2307564687
33.06764,27963.66478586138
33.093629,28294.80914499632
33.119618,28623.29924971966
33.145607,28949.45682550216
33.171595,29273.57878243952
33.197584,29595.63028265907
33.223573,29915.95058332333
33.249561,30235.14100299039
33.27555,30553.56465104954
33.301539,30871.8199136322
33.327528,31189.9346845812
33.353516,31508.8851287053
33.379505,31829.31697742726
33.405494,32151.89677465238
33.431482,32477.00829910775
33.457471,32805.62928454369
33.48346,33138.09447333233
33.509449,33475.48019357529
33.535437,33818.45523699722
33.561426,34167.07891843009
33.587415,34522.40593996317
33.613403,34884.47019892095
33.639392,35254.38607101414
33.665381,35632.16531713286
33.69137,36017.929499593
33.717358,36412.10848124214
33.743347,36815.13915822178
33.769336,37226.40691927094
33.795324,37646.07593845017
33.821313,38073.90265767578
33.847302,38509.70087322775
33.87329,38953.20286201021
33.899279,39403.56975426195
33.925268,39860.26742352313
33.951257,40322.3747662851
33.977245,40789.39441695426
34.003234,41260.08077400492
34.029223,41733.54906727732
34.055211,42208.58354909762
34.0812,42683.94176359893
34.107189,43158.01175874153
34.133178,43629.91115668909
34.159166,44098.32516448875
34.185155,44560.9695652082
34.211144,45017.18647453074
34.237132,45465.3444650614
34.263121,45903.37342880693
34.28911,46330.29449668821
34.315099,46744.65106354615
34.341087,47144.40713017442
34.367076,47528.72105799093
34.393065,47896.17007098912
34.419053,48244.87686236273
34.445042,48574.40705883245
34.471031,48883.15873806042
34.49702,49169.92633869393
34.523008,49434.46733513491
34.548997,49675.52132633008
34.574986,49892.48864044074
34.600974,50084.72393315331
34.626963,50251.99236933835
34.652952,50394.31466338387
34.678941,50511.40749408202
34.704929,50603.32335835844
34.730918,50670.04240895755
34.756907,50712.37534756729
34.782895,50730.68188329793
34.808884,50725.74848523452
34.834873,50698.32572269565
34.860862,50649.55428904218
34.88685,50580.62130285758
34.912839,50492.30810069548
34.938828,50386.5480845138
34.964816,50264.86749741188
34.990805,50128.23298842165
35.016794,49978.95938308207
35.042782,49818.68425139289
35.068771,49648.71432531079
35.09476,49471.51314113588
35.120749,49288.7510200441
35.146737,49102.25491308294
35.172726,48913.78799417844
35.198715,48725.46321797217
35.224703,48539.16263863653
35.250692,48356.70201712781
35.276681,48179.58437667927
35.30267,48009.35140446268
35.328658,47847.89172300148
35.354647,47697.0617608428
35.380636,47557.4258508467
35.406624,47430.90397817452
35.432613,47318.26380212272
35.458602,47220.82924161424
35.484591,47139.42993055387
35.510579,47074.57714977406
35.536568,47027.16739614679
35.562557,46997.70528596868
35.588545,46986.69271451815
35.614534,46993.93403440207
35.640523,47019.64737575528
35.666512,47063.94529633939
35.6925,47126.58855060095
35.718489,47207.06188774965
35.744478,47305.51056103253
35.770466,47420.99591775466
35.796455,47552.89857190275
35.822444,47701.05201716646
35.848433,47864.13720437204
35.874421,48041.88493383185
35.90041,48233.01733766039
35.926399,48436.88313830838
35.952387,48652.16799105862
35.978376,48878.61374512072
36.004365,49114.87338748325
36.030354,49359.5295026816
36.056342,49612.35978086833
36.082331,49871.98726048298
36.10832,50137.69507018152
36.134308,50408.45190243518
36.160297,50683.26721370056
36.186286,50961.38547416934
36.212274,51242.12415690922
36.238263,51524.80434481257
36.264252,51808.31490901591
36.290241,52092.32238164642
36.316229,52376.06305233677
36.342218,52659.16511124311
36.368207,52940.89872949319
36.394195,53221.23648081394
36.420184,53499.41020950826
36.446173,53775.42806471048
36.472162,54048.51459627215
36.49815,54318.94906376638
36.524139,54586.38691600688
36.550128,54850.39801415883
36.576116,55111.33768859097
36.602105,55368.7773591749
36.628094,55623.071173055
36.654083,55873.78464145992
36.680071,56121.22982671592
36.70606,56365.45045649137
36.732049,56606.36229414741
36.758037,56844.31814185824
36.784026,57078.96424116957
36.810015,57311.28254315997
36.836004,57540.28671510069
36.861992,57766.95934212179
36.887981,57991.34515070415
36.91397,58213.08468930323
36.939958,58432.53278596497
36.965947,58650.00718029419
36.991936,58865.2337010558
37.017925,59078.57077598128
37.043913,59289.9738672664
37.069902,59499.17389132327
37.095891,59706.52883902359
37.121879,59912.03782475438
37.147868,60115.43257966634
37.173857,60316.3069508997
37.199846,60515.47100179332
37.225834,60711.79587215064
37.251823,60905.01064892557
37.277812,61095.8358381381
37.3038,61282.81918309725
37.329789,61466.36727272872
37.355778,61645.43025637508
37.381766,61820.31752068469
37.407755,61989.97902189839
37.433744,62154.03822097782
37.459733,62311.75302819756
37.485721,62462.74111576521
37.51171,62606.21034900148
37.537699,62741.77167698608
37.563687,62868.25305404438
37.589676,62985.26187277819
37.615665,63092.35051262855
37.641654,63187.96494302864
37.667642,63272.28866719388
37.693631,63343.85353801645
37.71962,63402.41836159809
37.745608,63447.55944953054
37.771597,63477.97007749016
37.797586,63493.49140062189
37.823575,63493.64052763079
37.849563,63477.73729379514
37.875552,63445.34237947314
37.901541,63396.23745493279
37.927529,63330.1547989274
37.953518,63246.97507257207
37.979507,63146.05398681055
38.005496,63028.3453032442
38.031484,62893.25508116477
38.057473,62741.32303849926
38.083462,62572.43072789493
38.10945,62387.4506555377
38.135439,62186.60776797921
38.161428,61970.12617945664
38.187417,61739.37483272207
38.213405,61494.97201852853
38.239394,61237.21453496445
38.265383,60967.11403113924
38.291371,60686.07340502433
38.31736,60394.88802129546
38.343349,60094.59636941274
38.369337,59785.95602856558
38.395326,59470.50261754807
38.421315,59149.34603800698
38.447304,58823.35874837478
38.473292,58493.66309065746
38.499281,58161.09870035735
38.52527,57826.93568868097
38.551258,57492.35828317623
38.577247,57158.26340494225
38.603236,56825.11318854454
38.629225,56494.14784226442
38.655213,56165.57750187945
38.681202,55840.94799995472
38.707191,55520.08061117115
38.733179,55203.39616714673
38.759168,54891.88341249083
38.785157,54585.5734052555
38.811146,54285.01684770306
38.837134,53989.89453198648
38.863123,53700.71334021394
38.889112,53417.15001055121
38.9151,53139.70423202297
38.941089,52867.70256233392
38.967078,52601.9497902157
38.993067,52341.37293214184
39.019055,52086.42329441992
39.045044,51836.68786228455
39.071033,51592.34604814378
39.097021,51352.89655104568
39.12301,51118.47907826894
39.148999,50889.10659621871
39.174988,50664.00351758444
39.200976,50443.53618067018
39.226965,50227.83956204537
39.252954,50017.24104742913
39.278942,49810.96096636
39.304931,49609.88449814372
39.33092,49413.58722899931
39.356909,49222.91360692084
39.382897,49037.8367334518
39.408886,48858.88547484815
39.434875,48686.03296769458
39.460863,48519.76558697145
39.486852,48360.85712211045
39.512841,48209.07499398662
39.538829,48065.19028502639
39.564818,47929.73257310313
39.590807,47802.75298555967
39.616796,47684.34124013736
39.642784,47575.42247016115
39.668773,47475.651802887
39.694762,47385.19227171819
39.72075,47304.49509847839
39.746739,47232.92567843022
39.772728,47170.20752709579
39.798717,47116.83045615989
39.824705,47071.27602688692
39.850694,47033.74521871962
39.876683,47003.52004309325
39.902671,46978.70985330251
39.92866,46959.36340054309
39.954649,46944.06148149951
39.980638,46930.79197645611
40.006626,46918.49190405021
40.032615,46905.94920777097
40.058604,46890.3975594724
40.084592,46870.64356192528
40.110581,46844.64206594498
40.13657,46810.00182583842
40.162559,46764.54022095411
40.188547,46705.83934800118
40.214536,46632.06178231873
40.240525,46539.90562918383
40.266513,46427.86930427442
40.292502,46293.36214647954
40.318491,46134.06933374143
40.34448,45947.24850838992
40.370468,45730.9591313116
40.396457,45483.211809683
40.422446,45202.37548459468
40.448434,44885.63957443002
40.474423,44532.14111811137
40.500412,44140.21695659291
40.526401,43708.578212846
40.552389,43235.93361430645
40.578378,42722.28378269657
40.604367,42166.31287046464
40.630355,41568.45745051199
40.656344,40928.65526934766
40.682333,40246.99863717574
40.708321,39523.92278112906
40.73431,38761.22795566888
40.760299,37959.84130929801
40.786288,37120.85455751576
40.812276,36246.5718628047
40.838265,35339.40827467119
40.864254,34400.51572784944
40.890242,33433.75446235029
40.916231,32441.64110233256
40.94222,31426.38883061521
40.968209,30391.98116140462
40.994197,29341.55689696843
41.020186,28278.36181197654
41.046175,27205.59097477494
41.072163,26126.98406438828
41.098152,25045.84352410316
41.124141,23965.49984613949
41.15013,22889.71645551546
41.176118,21821.84456030469
41.202107,20764.83384406859
41.228096,19721.54759839793
41.254084,18695.38131907576
41.280073,17688.31969743098
41.306062,16703.24625654988
41.332051,15743.01456068159
41.358039,14808.72816134812
41.384028,13902.73841705134
41.410017,13026.51951429877
41.436005,12181.53587373963
41.461994,11368.34199519445
41.487983,10588.74221887924
41.513972,9842.819461201696
41.53996,9131.067123106848
41.565949,8453.925711613043
41.591938,7810.990763300386
41.617926,7202.680374717102
41.643915,6628.10672813374
41.669904,6086.820531650921
41.695893,5578.341101197805
41.721881,5101.765064688575
41.74787,4656.605153269023
41.773859,4241.094867855374
41.799847,3855.160568156808
41.825836,3496.612365099627
41.851825,3164.956752038867
41.877813,2858.853496650935
41.903802,2576.963976225133
41.929791,2317.954000794804
41.95578,2080.492629359273
41.981768,1863.257356982029
42.007757,1665.348182934742
42.033746,1485.028742207253
42.059734,1321.830985082407
42.085723,1173.606472129489
42.111712,1039.897602911393
42.137701,919.4073504520077
42.163689,811.2634755403116
42.189678,714.1790768375213
42.215667,627.2891038667503
42.241655,549.7334697592422
42.267644,481.073518812672
42.293633,419.6154116711366
42.319622,365.3452242801956
42.34561,317.4128651839142
42.371599,274.9696003888432
42.397588,238.0074078986853
42.423576,205.2616912347158
42.449565,176.7267627104291
42.475554,151.9786318531871
42.501543,130.1757086614084
42.527531,111.3146761979626
42.55352,94.97401275212928
42.579509,80.73302894559394
42.605497,68.58976192105644
42.631486,58.12436882635248
42.657475,49.33547007527098
42.683464,41.80393677080324
42.709452,35.11088818849971
42.735441,29.25573566253163
42.76143,24.65589893872369
42.787418,20.47508896549089
42.813407,17.13084820936305
42.839396,14.20508754000529
42.865385,12.1153883812543
42.891373,10.02603603252216
42.917362,8.354691022739461
42.943351,6.683543078577913
42.969339,5.8479701066501
42.995328,4.594766815463069
43.021317,3.759328724750635
43.047305,3.341630270625933
43.073294,2.506243522170755
43.099283,2.088569414736887
43.125272,2.088616796849372
43.15126,1.670942654261889
43.177249,1.253251514449746
43.203238,1.253303595303166
43.229226,0.8355760530321323
43.255215,0.8356208004335629
43.281204,0.8356705378775476
43.307193,0.8357252499992216
43.333181,0.8357837075998349
43.35917,0.4179235658575371
43.385159,0.4179571479983055
43.411147,0.4179928830439335
43.437136,0.4180307841124621
43.463125,0.4180702409201472
43.489114,0.4181118432530362
43.515102,0.41815527890194
43.541091,0.4182005621641511
43.56708,0.4182476785881206
43.593068,0.4182963178063572
43.619057,0.4183467908659357
43.645046,0.4183987880437111
43.671035,0.4184523055511328
43.697023,0.4185073300841579
43.723012,0.4185641719679618
43.749001,0.4186222281272132
43.774989,0.4186820748958604
43.800978,0.4187431389435039
43.826967,0.418805407939371
43.852956,0.4188691728888147
43.878944,0.4189344209281219
43.904933,0.8380017491777868
43.930922,0.8381376296757145
43.95691,0.8382752863613447
43.982899,0.8384159243906439
44.008888,0.8385589335509696
44.034877,0.8387043089929145
44.060865,0.8388520269039614
44.086854,0.839002120669723
44.112843,0.8391539831164704
44.138831,0.839308758047503
44.16482,0.8394653123728451
44.190809,0.8396236237289676
44.216797,0.8397848339686143
44.242786,0.839947230576372
44.268775,0.84011253654647
44.294764,0.840279003555941
44.320752,0.8404477719853897
44.346741,0.8406188757272356
44.37273,0.8407911317008648
44.398718,0.8409656784711046
44.424707,0.8411419706266925
44.450696,0.8413199863508283
44.476685,0.8415003016377648
44.502673,0.8416817368416182
44.528662,0.8418649061762329
44.554651,0.8420497880146833
44.580639,0.8422363607974555
44.606628,0.8424246596886744
44.632617,0.842614663200926
44.658606,0.842806368785188
44.684594,0.8429991785467101
44.710583,0.8431937048123109
44.736572,0.8433899262651771
44.76256,0.8435878216531979
44.788549,0.843786850850347
44.814538,0.8439869934449208
44.840527,0.8441893977817423
44.866515,0.8443923179319135
44.892504,0.8445975141321722
44.918493,0.8448032420051808
44.944481,0.8450106299480012
44.97047,0.8452197134170319
44.996459,0.8454298980017647
45.022448,0.845641182316732
45.048436,0.8458541192427309
45.074425,0.846068171509376
45.100414,0.8462833190079316
45.126402,0.8464995416709244
45.152391,0.8467174478673022
45.17838,0.8469364449888931
45.204369,0.8471565317848442
45.230357,0.8473776882862563
45.256346,0.8475999507507977
45.282335,0.8478238703290487
45.308323,0.8480482847327112
45.334312,0.8482743722226398
45.360301,1.272751457012248
45.386289,1.273093805173608
45.412278,1.273436946051458
45.438267,1.273782560559805
45.464256,1.274128937020267
45.490244,1.274477755304261
45.516233,1.274827360940118
45.542222,1.275178578947594
45.56821,1.27553137979845
45.594199,1.275885817971186
45.620188,1.276241863976185
45.646177,1.276599516347027
45.672165,0.8513052621250676
45.698154,0.8515452679951031
45.724143,0.8517863422588544
45.750131,0.8520284653693899
45.77612,0.8522716736708202
45.802109,0.852515380118171
45.828098,0.8527601516656758
45.854086,0.8530054016264353
45.880075,0.8532523009345485
45.906064,0.8534996958603246
45.932052,0.8537475674313997
45.958041,0.8539965190665593
45.98403,0.8542465313637025
46.010019,0.8544976035277969
46.036007,0.8547491500131885
46.061996,0.8550012076045297
46.087985,0.8552548892266543
46.113973,0.8555084778044018
46.139962,0.8557631418249906
46.165951,0.8560188620028183
46.19194,0.8562750722243136
46.217928,0.8565323189084989
46.243917,0.8567900732851229
46.269906,0.8570488815312114
46.295894,0.8573081595551035
46.321883,0.8575685088817464
46.347872,0.8578293456739338
46.37386,0.8580912156887082
46.399849,0.8583530264428741
46.425838,0.8586164524511731
46.451827,0.8588798001413271
46.477815,0.8591441792893568
46.503804,0.8594096262774982
46.529793,0.8596755581540805
46.555781,0.8599419561965737
46.58177,0.8602088571042295
46.607759,0.8604768057272681
46.633748,0.860745238051702
46.659736,0.8610146987613253
46.685725,0.8612840976967534
46.711714,0.8615545428195266
46.737702,0.8618260151809433
46.763691,0.8620974251916536
46.78968,0.8623698802664707
46.815669,0.8626428171180627
46.841657,0.8629162171218043
46.867646,0.8631906795542795
46.893635,0.8634656229921832
46.919623,0.8637410288374928
46.945612,0.8640169337267194
46.971601,0.8642933190642367
46.99759,0.8645707468795767
47.023578,0.8648486362365463
47.049567,0.865127023754019
47.075556,0.8654058908702531
47.101544,0.8656852190437481
47.127533,0.8659656067008741
47.153522,0.8662459115824935
47.179511,0.8665272571114004
47.205499,0.8668090629561765
47.231488,0.867091365703159
47.257477,0.8673741468462765
47.283465,0.8676573878991649
47.309454,0.8679411254331314
47.335443,0.8682253409641464
47.361432,0.8685105955721311
47.38742,0.8687957483237069
47.413409,0.8690819581237388
47.439398,0.8693686453139905
47.465386,0.8696552304977354
47.491375,0.8699428722012563
47.517364,0.8702309909714676
47.543352,0.8705195683971626
47.569341,0.870808080265034
47.59533,0.8710976296978797
47.621319,0.4356938279054269
47.647307,0.4358390701098858
47.673296,0.4359845597160967
47.699285,0.4361302875336612
47.725273,0.4362762443814472
47.751262,0.4364224485060019
47.777251,0.4365688907273444
47.80324,0.4367152908618169
47.829228,0.4368622000609475
47.855217,0.4370093563912283
47.881206,0.4371567506864248
47.907194,0.4373040937255378
47.933183,0.4374519638865639
47.959172,0.4376000719294031
47.985161,0.43774813782387
48.011149,0.4378964324687436
48.037138,0.438045254053066
48.063127,0.4381940334773842
48.089115,0.4383430415933769
48.115104,0.4384922966147169
48.141093,0.4386417894072442
48.167082,0.438791519955336
48.19307,0.4389414791368724
48.219059,0.4390916851569431
48.245048,0.4392418490522076
48.271036,0.4393925214085512
48.297025,0.4395431607529467
48.323014,0.4396940378150379
48.349003,0.4398451525879584
48.374991,0.439996495970768
48.40098,0.440148086152348
48.426969,0.4402996342776788
48.452957,0.4404516907762889
48.478946,0.4406037143303371
48.504935,0.4407559756033457
48.530924,0.4409084745970874
48.556912,0.4410612022313932
48.582901,0.4412138969819684
48.60889,0.4413671091725207
48.634878,0.441520270344794
48.660867,0.4416736783618877
48.686856,0.4418273241527057
48.712844,0.4419809189936693
48.738833,0.4421350403717645
48.764822,0.4422891199092322
48.790811,0.442443437279811
48.816799,0.4425979834314675
48.842788,0.442752496880763
48.868777,0.4429075278486714
48.894765,0.4430625080276788
48.920754,0.4432177351951663
48.946743,0.4433729206882978
48.972732,0.4435286237701829
48.99872,0.4436842761711537
49.024709,0.4438401756452843
49.050698,0.4439960335487858
49.076686,0.4441524000804646
49.102675,0.4443087341469886
49.128664,0.4444653063347133
49.154653,0.444621837063025
49.180641,0.4447788765348433
49.20663,0.4449358836515129
49.232619,0.4450931290074338
49.258607,0.4452503239835522
49.284596,0.4454077663018206
49.310585,0.4455654469552079
49.336574,0.4457233659786827
49.362562,0.4458812347546565
49.388551,0.4460393510024869
49.41454,0.4461977057254529
49.440528,0.4463562899344067
49.466517,0.4465148420916925
49.492506,0.4466736328356532
49.518495,0.4468323825630465
49.544483,0.4469913619292232
49.570472,0.4471505890226322
49.596461,0.4473100548639878
49.622449,0.4474694708141487
49.648438,0
49.674427,0
49.700416,0
49.726404,0
49.752393,0
49.778382,0
49.80437,0
49.830359,0
49.856348,0
49.882336,0
49.908325,0
49.934314,0
49.960303,0
49.986291,0
50.01228,0
50.038269,0
50.064257,0
50.090246,0
50.116235,0
50.142224,0
50.168212,0
50.194201,0
50.22019,0
50.246178,0
50.272167,0
50.298156,0
50.324145,0
50.350133,0
50.376122,0
50.402111,0
50.428099,0
50.454088,0
50.480077,0
50.506066,0
50.532054,0
50.558043,0
50.584032,0
50.61002,0
50.636009,0
50.661998,0
50.687987,0
50.713975,0
50.739964,0
50.765953,0
50.791941,0
50.81793,0
50.843919,0
50.869908,0
50.895896,0
50.921885,0
50.947874,0
50.973862,0
50.999851,0
51.02584,0
51.051828,0
51.077817,0
51.103806,0
51.129795,0
51.155783,0
51.181772,0
51.207761,0
51.233749,0
51.259738,0
51.285727,0
51.311716,0
51.337704,0
51.363693,0
51.389682,0
51.41567,0
51.441659,0
51.467648,0
51.493637,0
51.519625,0
51.545614,0
51.571603,0
51.597591,0
51.62358,0
51.649569,0
51.675558,0
51.701546,0
51.727535,0
51.753524,0
51.779512,0
51.805501,0
51.83149,0
51.857479,0
51.883467,0
51.909456,0
51.935445,0
51.961433,0
