0.01,24.381908,0.01,4.54017
0.035989,21.085152,0.035989,4.683664
0.061977,19.539446,0.061977,4.822707
0.087966,18.511957,0.087966,4.956763
0.113955,17.730116,0.113955,5.085312
0.139944,17.089828,0.139944,5.207868
0.165932,16.540537,0.165932,5.323972
0.191921,16.054035,0.191921,5.4332
0.21791,15.61311,0.21791,5.535164
0.243898,15.206588,0.243898,5.629518
0.269887,14.826894,0.269887,5.715954
0.295876,14.468725,0.295876,5.794209
0.321865,14.128288,0.321865,5.864061
0.347853,13.802831,0.347853,5.925337
0.373842,13.490335,0.373842,5.977909
0.399831,13.189325,0.399831,6.021694
0.425819,12.89872,0.425819,6.056654
0.451808,12.617742,0.451808,6.082799
0.477797,12.34584,0.477797,6.100181
0.503786,12.08264,0.503786,6.108897
0.529774,11.827903,0.529774,6.109085
0.555763,11.581491,0.555763,6.100925
0.581752,11.34335,0.581752,6.084637
0.6077399999999999,11.11348,0.6077399999999999,6.060476
0.633729,10.891925,0.633729,6.028732
0.659718,10.678761,0.659718,5.989732
0.685706,10.474084,0.685706,5.94383
0.711695,10.277999,0.711695,5.891407
0.737684,10.090613,0.737684,5.832877
0.763673,9.912032999999999,0.763673,5.768669
0.7896609999999999,9.742355,0.7896609999999999,5.699236
0.81565,9.581664999999999,0.81565,5.625049
0.841639,9.430033,0.841639,5.546596
0.867627,9.287504,0.867627,5.464375
0.893616,9.154107,0.893616,5.378895
0.919605,9.029845,0.919605,5.29067
0.945594,8.914697,0.945594,5.200221
0.9715819999999999,8.808612,0.9715819999999999,5.108068
0.997571,8.711513,0.997571,5.014731
1.02356,8.623294,1.02356,4.920724
1.049548,8.543824000000001,1.049548,4.826555
1.075537,8.472941,1.075537,4.732723
1.101526,8.410456,1.101526,4.639714
1.127515,8.356151000000001,1.127515,4.548
1.153503,8.309784000000001,1.153503,4.458036
1.179492,8.271087,1.179492,4.370257
1.205481,8.239768,1.205481,4.285077
1.231469,8.215514000000001,1.231469,4.202885
1.257458,8.197991,1.257458,4.124048
1.283447,8.186845,1.283447,4.048904
1.309436,8.181706999999999,1.309436,3.977763
1.335424,8.182194000000001,1.335424,3.910906
1.361413,8.187908999999999,1.361413,3.848583
1.387402,8.198449,1.387402,3.791012
1.41339,8.213400999999999,1.41339,3.738382
1.439379,8.232348,1.439379,3.69085
1.465368,8.254871,1.465368,3.648537
1.491357,8.280551000000001,1.491357,3.611537
1.517345,8.308972000000001,1.517345,3.57991
1.543334,8.339724,1.543334,3.553685
1.569323,8.372401,1.569323,3.532865
1.595311,8.406611,1.595311,3.517422
1.6213,8.441969,1.6213,3.5073
1.647289,8.478106,1.647289,3.502419
1.673278,8.514670000000001,1.673278,3.502671
1.699266,8.551321,1.699266,3.507933
1.725255,8.58774,1.725255,3.518056
1.751244,8.623627000000001,1.751244,3.532874
1.777232,8.6587,1.777232,3.552204
1.803221,8.692701,1.803221,3.575849
1.82921,8.725391999999999,1.82921,3.603602
1.855198,8.756557000000001,1.855198,3.635245
1.881187,8.786001000000001,1.881187,3.67055
1.907176,8.813552,1.907176,3.709288
1.933165,8.839059000000001,1.933165,3.75122
1.959153,8.862391000000001,1.959153,3.79611
1.985142,8.883442000000001,1.985142,3.843722
2.011131,8.902119000000001,2.011131,3.89382
2.037119,8.918352000000001,2.037119,3.946171
2.063108,8.932090000000001,2.063108,4.000547
2.089097,8.943296,2.089097,4.05673
2.115086,8.95195,2.115086,4.114503
2.141074,8.958046,2.141074,4.173663
2.167063,8.961589999999999,2.167063,4.23401
2.193052,8.962602,2.193052,4.295359
2.21904,8.96111,2.21904,4.357533
2.245029,8.957152000000001,2.245029,4.42036
2.271018,8.950773999999999,2.271018,4.483688
2.297007,8.942022,2.297007,4.547368
2.322995,8.930986000000001,2.322995,4.611206
2.348984,8.917725000000001,2.348984,4.675205
2.374973,8.902272999999999,2.374973,4.739171
2.400961,8.884712,2.400961,4.803007
2.42695,8.86511,2.42695,4.86661
2.452939,8.843548,2.452939,4.92988
2.478928,8.820098,2.478928,4.992749
2.504916,8.794835000000001,2.504916,5.055134
2.530905,8.767835,2.530905,5.116961
2.556894,8.739177,2.556894,5.178178
2.582882,8.708926999999999,2.582882,5.238736
2.608871,8.677155000000001,2.608871,5.298569
2.63486,8.643936,2.63486,5.357627
2.660849,8.609347,2.660849,5.415858
2.686837,8.573461999999999,2.686837,5.473238
2.712826,8.536352000000001,2.712826,5.529721
2.738815,8.498091000000001,2.738815,5.585281
2.764803,8.458750999999999,2.764803,5.639886
2.790792,8.418405999999999,2.790792,5.693513
2.816781,8.377129999999999,2.816781,5.746136
2.84277,8.334996,2.84277,5.79775
2.868758,8.292078999999999,2.868758,5.848327
2.894747,8.248457,2.894747,5.897871
2.920736,8.204203,2.920736,5.946372
2.946724,8.159390999999999,2.946724,5.993837
2.972713,8.114101,2.972713,6.040265
2.998702,8.06841,2.998702,6.08568
3.02469,8.022387999999999,3.02469,6.130102
3.050679,7.976109,3.050679,6.17355
3.076668,7.92964,3.076668,6.21608
3.102657,7.883045,3.102657,6.257708
3.128645,7.836389,3.128645,6.298495
3.154634,7.789725,3.154634,6.33849
3.180623,7.743111,3.180623,6.377744
3.206611,7.696592,3.206611,6.416336
3.2326,7.650208,3.2326,6.454328
3.258589,7.603992,3.258589,6.491797
3.284578,7.557966,3.284578,6.528825
3.310566,7.512146,3.310566,6.565492
3.336555,7.466542,3.336555,6.601882
3.362544,7.421146,3.362544,6.638089
3.388532,7.375945,3.388532,6.674191
3.414521,7.330916,3.414521,6.710278
3.44051,7.286025,3.44051,6.74643
3.466499,7.241228,3.466499,6.782729
3.492487,7.196471,3.492487,6.819252
3.518476,7.15169,3.518476,6.856064
3.544465,7.106813,3.544465,6.89323
3.570453,7.061759,3.570453,6.930803
3.596442,7.016441,3.596442,6.968829
3.622431,6.970763,3.622431,7.00734
3.64842,6.924625,3.64842,7.046359
3.674408,6.877925,3.674408,7.085896
3.700397,6.830556,3.700397,7.12595
3.726386,6.782409,3.726386,7.166508
3.752374,6.733376,3.752374,7.207541
3.778363,6.68335,3.778363,7.249009
3.804352,6.632226,3.804352,7.290854
3.830341,6.579906,3.830341,7.333011
3.856329,6.526294,3.856329,7.375398
3.882318,6.471304,3.882318,7.417924
3.908307,6.414858,3.908307,7.460483
3.934295,6.356886,3.934295,7.502963
3.960284,6.297333,3.960284,7.545237
3.986273,6.236151,3.986273,7.587174
4.012262,6.17331,4.012262,7.628635
4.03825,6.108792,4.03825,7.669477
4.064239,6.042593,4.064239,7.709551
4.090228,5.974722,4.090228,7.748709
4.116216,5.905207,4.116216,7.786799
4.142205,5.834088,4.142205,7.823674
4.168194,5.761422,4.168194,7.859186
4.194182,5.687282,4.194182,7.893194
4.220171,5.611753,4.220171,7.925564
4.24616,5.534935,4.24616,7.956171
4.272149,5.456943,4.272149,7.984898
4.298137,5.377898,4.298137,8.011640999999999
4.324126,5.297938,4.324126,8.036305
4.350115,5.217207,4.350115,8.058816
4.376103,5.135859,4.376103,8.079105
4.402092,5.054055,4.402092,8.097130999999999
4.428081,4.971957,4.428081,8.112863000000001
4.45407,4.889732,4.45407,8.126284
4.480058,4.807549,4.480058,8.137403000000001
4.506047,4.725574,4.506047,8.146240000000001
4.532036,4.643973,4.532036,8.152837999999999
4.558024,4.562906,4.558024,8.157252
4.584013,4.482527,4.584013,8.159557
4.610002,4.402981,4.610002,8.159846
4.635991,4.324404,4.635991,8.158220999999999
4.661979,4.246923,4.661979,8.154805
4.687968,4.170647,4.687968,8.149730999999999
4.713957,4.095675,4.713957,8.143141
4.739945,4.022088,4.739945,8.135189
4.765934,3.949954,4.765934,8.126037
4.791923,3.879322,4.791923,8.115852
4.817912,3.810223,4.817912,8.104808
4.8439,3.74267,4.8439,8.093076999999999
4.869889,3.676659,4.869889,8.080831999999999
4.895878,3.612168,4.895878,8.068246
4.921866,3.549156,4.921866,8.055486
4.947855,3.487567,4.947855,8.042714
4.973844,3.427325,4.973844,8.030086000000001
4.999833,3.368342,4.999833,8.017740999999999
5.025821,3.310514,5.025821,8.005815999999999
5.05181,3.253724,5.05181,7.994431
5.077799,3.197843,5.077799,7.983688
5.103787,3.142734,5.103787,7.97368
5.129776,3.088247,5.129776,7.964479
5.155765,3.03423,5.155765,7.956141
5.181753,2.980525,5.181753,7.948703
5.207742,2.926969,5.207742,7.942187
5.233731,2.873402,5.233731,7.936591
5.25972,2.819663,5.25972,7.931899
5.285708,2.765592,5.285708,7.928078
5.311697,2.711036,5.311697,7.925072
5.337686,2.655848,5.337686,7.922812
5.363674,2.59989,5.363674,7.921213
5.389663,2.543033,5.389663,7.920172
5.415652,2.485159,5.415652,7.919579
5.441641,2.426162,5.441641,7.919302
5.467629,2.36595,5.467629,7.919207
5.493618,2.304446,5.493618,7.919145
5.519607,2.241589,5.519607,7.918964
5.545595,2.17733,5.545595,7.918505
5.571584,2.111638,5.571584,7.917603
5.597573,2.044499,5.597573,7.916091
5.623562,1.975916,5.623562,7.913804
5.64955,1.905906,5.64955,7.910575
5.675539,1.834503,5.675539,7.906244
5.701528,1.761755,5.701528,7.900653
5.727516,1.687723,5.727516,7.89365
5.753505,1.612486,5.753505,7.88509
5.779494,1.536132,5.779494,7.874838
5.805483,1.458761,5.805483,7.86277
5.831471,1.380484,5.831471,7.848771
5.85746,1.301421,5.85746,7.832737
5.883449,1.221699,5.883449,7.814578
5.909437,1.141452,5.909437,7.794215
5.935426,1.06082,5.935426,7.771583
5.961415,0.979945,5.961415,7.746633
5.987404,0.898972,5.987404,7.719326
6.013392,0.818048,6.013392,7.689637
6.039381,0.7373189999999999,6.039381,7.657555
6.06537,0.656929,6.06537,7.623082
6.091358,0.577021,6.091358,7.586229
6.117347,0.497735,6.117347,7.547024
6.143336,0.419203,6.143336,7.505503
6.169325,0.341554,6.169325,7.461712
6.195313,0.264912,6.195313,7.415706
6.221302,0.189391,6.221302,7.367549
6.247291,0.115102,6.247291,7.317315
6.273279,0.042144,6.273279,7.265079
6.299268,-0.029391,6.299268,7.210929
6.325257,-0.09941700000000001,6.325257,7.154951
6.351245,-0.167858,6.351245,7.097237
6.377234,-0.234648,6.377234,7.037884
6.403223,-0.299726,6.403223,6.976986
6.429212,-0.363042,6.429212,6.914646
6.4552,-0.424553,6.4552,6.850958
6.481189,-0.484223,6.481189,6.786023
6.507178,-0.542024,6.507178,6.719935
6.533166,-0.597934,6.533166,6.652792
6.559155,-0.65194,6.559155,6.584687
6.585144,-0.704033,6.585144,6.515707
6.611133,-0.754207,6.611133,6.445942
6.637121,-0.802466,6.637121,6.375474
6.66311,-0.848814,6.66311,6.304384
6.689099,-0.893261,6.689099,6.232748
6.715087,-0.93582,6.715087,6.160637
6.741076,-0.976507,6.741076,6.088123
6.767065,-1.015339,6.767065,6.015265
6.793054,-1.052336,6.793054,5.942128
6.819042,-1.087519,6.819042,5.868766
6.845031,-1.120911,6.845031,5.795233
6.87102,-1.152534,6.87102,5.721576
6.897008,-1.18241,6.897008,5.647843
6.922997,-1.210561,6.922997,5.574077
6.948986,-1.237012,6.948986,5.500319
6.974975,-1.261782,6.974975,5.426602
7.000963,-1.284894,7.000963,5.352969
7.026952,-1.306368,7.026952,5.279449
7.052941,-1.326222,7.052941,5.206075
7.078929,-1.344475,7.078929,5.132877
7.104918,-1.361143,7.104918,5.059888
7.130907,-1.376243,7.130907,4.987135
7.156896,-1.389791,7.156896,4.914649
7.182884,-1.401801,7.182884,4.842456
7.208873,-1.412285,7.208873,4.770588
7.234862,-1.421257,7.234862,4.699071
7.26085,-1.428729,7.26085,4.627936
7.286839,-1.434712,7.286839,4.557214
7.312828,-1.439218,7.312828,4.486934
7.338817,-1.442259,7.338817,4.41713
7.364805,-1.443846,7.364805,4.347833
7.390794,-1.443991,7.390794,4.279079
7.416783,-1.442707,7.416783,4.210901
7.442771,-1.440009,7.442771,4.143337
7.46876,-1.43591,7.46876,4.076424
7.494749,-1.430428,7.494749,4.010197
7.520737,-1.423578,7.520737,3.944697
7.546726,-1.415381,7.546726,3.879963
7.572715,-1.405857,7.572715,3.816036
7.598704,-1.395029,7.598704,3.752956
7.624692,-1.382923,7.624692,3.690764
7.650681,-1.369565,7.650681,3.629501
7.67667,-1.354986,7.67667,3.569208
7.702658,-1.339218,7.702658,3.509925
7.728647,-1.322295,7.728647,3.451693
7.754636,-1.304255,7.754636,3.39455
7.780625,-1.285139,7.780625,3.338534
7.806613,-1.264988,7.806613,3.283683
7.832602,-1.243848,7.832602,3.230031
7.858591,-1.221766,7.858591,3.177609
7.884579,-1.198793,7.884579,3.126452
7.910568,-1.174981,7.910568,3.076586
7.936557,-1.150384,7.936557,3.028037
7.962546,-1.125058,7.962546,2.980826
7.988534,-1.099061,7.988534,2.934975
8.014523000000001,-1.072453,8.014523000000001,2.8905
8.040512,-1.045295,8.040512,2.847413
8.0665,-1.017649,8.0665,2.805722
8.092489,-0.989576,8.092489,2.765435
8.118478,-0.961139,8.118478,2.726552
8.144467000000001,-0.932402,8.144467000000001,2.689071
8.170455,-0.903428,8.170455,2.652986
8.196444,-0.874278,8.196444,2.618285
8.222433000000001,-0.845014,8.222433000000001,2.584955
8.248421,-0.815697,8.248421,2.552977
8.27441,-0.786385,8.27441,2.522329
8.300399000000001,-0.757135,8.300399000000001,2.492984
8.326388,-0.728002,8.326388,2.464915
8.352376,-0.699038,8.352376,2.438087
8.378365000000001,-0.6702939999999999,8.378365000000001,2.412464
8.404354,-0.6418160000000001,8.404354,2.388008
8.430342,-0.6136470000000001,8.430342,2.364677
8.456331,-0.585829,8.456331,2.342429
8.48232,-0.558399,8.48232,2.321216
8.508309000000001,-0.5313909999999999,8.508309000000001,2.300991
8.534297,-0.504834,8.534297,2.281705
8.560286,-0.478755,8.560286,2.263307
8.586275000000001,-0.453176,8.586275000000001,2.245747
8.612263,-0.428115,8.612263,2.228973
8.638252,-0.403587,8.638252,2.212935
8.664241000000001,-0.379603,8.664241000000001,2.197581
8.690229,-0.356172,8.690229,2.182861
8.716218,-0.333296,8.716218,2.168725
8.742207000000001,-0.310978,8.742207000000001,2.155125
8.768196,-0.289215,8.768196,2.142012
8.794184,-0.268,8.794184,2.129342
8.820173,-0.247327,8.820173,2.117071
8.846162,-0.227184,8.846162,2.105157
8.87215,-0.207559,8.87215,2.09356
8.898139,-0.188435,8.898139,2.082244
8.924128,-0.169797,8.924128,2.071173
8.950117000000001,-0.151626,8.950117000000001,2.060314
8.976105,-0.133901,8.976105,2.049638
9.002094,-0.116602,9.002094,2.039116
9.028083000000001,-0.099706,9.028083000000001,2.028724
9.054071,-0.083191,9.054071,2.01844
9.08006,-0.067034,9.08006,2.008243
9.106049000000001,-0.05121,9.106049000000001,1.998116
9.132038,-0.035698,9.132038,1.988043
9.158026,-0.020473,9.158026,1.97801
9.184015,-0.005511,9.184015,1.968007
9.210004,0.009209,9.210004,1.958024
9.235992,0.02371,9.235992,1.948054
9.261981,0.038014,9.261981,1.938091
9.28797,0.052143,9.28797,1.92813
9.313959000000001,0.06611599999999999,9.313959000000001,1.91817
9.339947,0.079954,9.339947,1.908207
9.365936,0.09367499999999999,9.365936,1.898244
9.391925000000001,0.107298,9.391925000000001,1.888281
9.417913,0.12084,9.417913,1.878318
9.443902,0.134316,9.443902,1.868361
9.469891000000001,0.147744,9.469891000000001,1.858412
9.49588,0.161137,9.49588,1.848475
9.521868,0.174508,9.521868,1.838557
9.547857,0.187872,9.547857,1.828662
9.573846,0.20124,9.573846,1.818798
9.599834,0.214622,9.599834,1.808969
9.625823,0.228031,9.625823,1.799185
9.651812,0.241474,9.651812,1.789452
9.677801000000001,0.254962,9.677801000000001,1.779777
9.703789,0.268502,9.703789,1.770171
9.729778,0.282101,9.729778,1.760639
9.755767000000001,0.295766,9.755767000000001,1.751192
9.781755,0.309502,9.781755,1.741837
9.807744,0.323315,9.807744,1.732583
9.833733000000001,0.337209,9.833733000000001,1.72344
9.859721,0.351187,9.859721,1.714415
9.88571,0.365252,9.88571,1.705518
9.911699,0.379406,9.911699,1.696757
9.937688,0.39365,9.937688,1.68814
9.963676,0.407987,9.963676,1.679677
9.989665,0.422415,9.989665,1.671375
10.015654,0.436934,10.015654,1.663242
10.041642,0.451544,10.041642,1.655285
10.067631,0.466244,10.067631,1.647512
10.09362,0.481031,10.09362,1.63993
10.119609,0.495904,10.119609,1.632544
10.145597,0.51086,10.145597,1.625362
10.171586,0.525896,10.171586,1.618389
10.197575,0.541009,10.197575,1.611631
10.223563,0.5561970000000001,10.223563,1.605092
10.249552,0.571454,10.249552,1.598777
10.275541,0.5867790000000001,10.275541,1.59269
10.30153,0.602167,10.30153,1.586833
10.327518,0.617615,10.327518,1.581212
10.353507,0.633119,10.353507,1.575828
10.379496,0.6486769999999999,10.379496,1.570685
10.405484,0.664284,10.405484,1.565785
10.431473,0.679938,10.431473,1.561131
10.457462,0.695635,10.457462,1.556723
10.483451,0.711372,10.483451,1.552566
10.509439,0.727147,10.509439,1.548659
10.535428,0.742957,10.535428,1.545006
10.561417,0.758799,10.561417,1.541607
10.587405,0.774671,10.587405,1.538466
10.613394,0.79057,10.613394,1.535583
10.639383,0.806494,10.639383,1.532962
10.665372,0.8224399999999999,10.665372,1.530604
10.69136,0.838406,10.69136,1.528511
10.717349,0.85439,10.717349,1.526686
10.743338,0.870389,10.743338,1.525131
10.769326,0.886401,10.769326,1.523849
10.795315,0.9024219999999999,10.795315,1.522843
10.821304,0.91845,10.821304,1.522116
10.847293,0.934481,10.847293,1.521669
10.873281,0.9505130000000001,10.873281,1.521507
10.89927,0.966541,10.89927,1.521632
10.925259,0.982563,10.925259,1.522047
10.951247,0.998573,10.951247,1.522755
10.977236,1.014567,10.977236,1.523758
11.003225,1.030542,11.003225,1.52506
11.029213,1.046492,11.029213,1.526661
11.055202,1.062413,11.055202,1.528564
11.081191,1.0783,11.081191,1.530772
11.10718,1.094148,11.10718,1.533285
11.133168,1.109951,11.133168,1.536105
11.159157,1.125705,11.159157,1.539234
11.185146,1.141404,11.185146,1.542672
11.211134,1.157043,11.211134,1.54642
11.237123,1.172618,11.237123,1.550478
11.263112,1.188123,11.263112,1.554847
11.289101,1.203553,11.289101,1.559526
11.315089,1.218905,11.315089,1.564515
11.341078,1.234173,11.341078,1.569814
11.367067,1.249353,11.367067,1.575424
11.393055,1.264442,11.393055,1.581342
11.419044,1.279436,11.419044,1.587569
11.445033,1.294331,11.445033,1.594106
11.471022,1.309124,11.471022,1.600951
11.49701,1.323812,11.49701,1.608106
11.522999,1.338392,11.522999,1.61557
11.548988,1.35286,11.548988,1.623345
11.574976,1.367215,11.574976,1.631431
11.600965,1.381453,11.600965,1.639831
11.626954,1.395571,11.626954,1.648546
11.652943,1.409566,11.652943,1.657578
11.678931,1.423434,11.678931,1.666931
11.70492,1.437173,11.70492,1.676607
11.730909,1.450778,11.730909,1.686611
11.756897,1.464245,11.756897,1.696946
11.782886,1.477568,11.782886,1.707617
11.808875,1.490743,11.808875,1.718629
11.834864,1.503762,11.834864,1.729986
11.860852,1.516619,11.860852,1.741695
11.886841,1.529306,11.886841,1.753759
11.91283,1.541814,11.91283,1.766184
11.938818,1.554135,11.938818,1.778976
11.964807,1.566257,11.964807,1.792141
11.990796,1.578169,11.990796,1.805681
12.016785,1.589859,12.016785,1.819603
12.042773,1.601313,12.042773,1.833909
12.068762,1.612518,12.068762,1.848602
12.094751,1.623459,12.094751,1.863685
12.120739,1.634119,12.120739,1.87916
12.146728,1.644483,12.146728,1.895027
12.172717,1.654533,12.172717,1.911285
12.198705,1.664252,12.198705,1.927933
12.224694,1.67362,12.224694,1.944967
12.250683,1.682619,12.250683,1.962383
12.276672,1.69123,12.276672,1.980174
12.30266,1.699434,12.30266,1.998334
12.328649,1.707213,12.328649,2.016853
12.354638,1.714546,12.354638,2.035719
12.380626,1.721415,12.380626,2.054922
12.406615,1.727802,12.406615,2.074446
12.432604,1.733689,12.432604,2.094275
12.458593,1.739059,12.458593,2.114393
12.484581,1.743898,12.484581,2.134779
12.51057,1.748188,12.51057,2.155414
12.536559,1.751919,12.536559,2.176275
12.562547,1.755076,12.562547,2.197338
12.588536,1.757651,12.588536,2.218579
12.614525,1.759634,12.614525,2.239972
12.640514,1.76102,12.640514,2.26149
12.666502,1.761802,12.666502,2.283105
12.692491,1.761979,12.692491,2.30479
12.71848,1.76155,12.71848,2.326515
12.744468,1.760517,12.744468,2.348251
12.770457,1.758884,12.770457,2.36997
12.796446,1.756659,12.796446,2.391644
12.822435,1.753851,12.822435,2.413244
12.848423,1.75047,12.848423,2.434743
12.874412,1.746531,12.874412,2.456115
12.900401,1.742049,12.900401,2.477336
12.926389,1.737044,12.926389,2.498381
12.952378,1.731535,12.952378,2.51923
12.978367,1.725544,12.978367,2.539863
13.004356,1.719097,13.004356,2.560264
13.030344,1.712217,13.030344,2.580418
13.056333,1.704933,13.056333,2.600313
13.082322,1.697271,13.082322,2.619942
13.10831,1.68926,13.10831,2.639298
13.134299,1.680929,13.134299,2.65838
13.160288,1.672306,13.160288,2.677188
13.186276,1.66342,13.186276,2.695727
13.212265,1.654299,13.212265,2.714005
13.238254,1.64497,13.238254,2.732034
13.264243,1.635458,13.264243,2.749827
13.290231,1.625787,13.290231,2.767404
13.31622,1.615977,13.31622,2.784784
13.342209,1.606049,13.342209,2.801992
13.368197,1.596017,13.368197,2.819054
13.394186,1.585896,13.394186,2.835999
13.420175,1.575694,13.420175,2.852857
13.446164,1.565416,13.446164,2.869661
13.472152,1.555066,13.472152,2.886445
13.498141,1.544639,13.498141,2.903243
13.52413,1.53413,13.52413,2.920089
13.550118,1.523528,13.550118,2.937019
13.576107,1.512816,13.576107,2.954065
13.602096,1.501975,13.602096,2.971262
13.628085,1.490981,13.628085,2.988638
13.654073,1.479806,13.654073,3.006224
13.680062,1.468417,13.680062,3.024046
13.706051,1.456778,13.706051,3.042126
13.732039,1.444849,13.732039,3.060483
13.758028,1.432587,13.758028,3.079133
13.784017,1.419947,13.784017,3.098084
13.810006,1.406882,13.810006,3.117345
13.835994,1.393342,13.835994,3.136915
13.861983,1.379275,13.861983,3.156789
13.887972,1.364631,13.887972,3.176955
13.91396,1.349358,13.91396,3.197399
13.939949,1.333405,13.939949,3.218099
13.965938,1.316721,13.965938,3.239025
13.991927,1.299258,13.991927,3.260146
14.017915,1.280969,14.017915,3.281421
14.043904,1.26181,14.043904,3.302806
14.069893,1.241741,14.069893,3.324252
14.095881,1.220726,14.095881,3.345705
14.12187,1.198731,14.12187,3.367104
14.147859,1.175729,14.147859,3.388389
14.173848,1.151698,14.173848,3.409491
14.199836,1.126621,14.199836,3.430343
14.225825,1.100485,14.225825,3.450872
14.251814,1.073287,14.251814,3.471004
14.277802,1.045027,14.277802,3.490667
14.303791,1.015711,14.303791,3.509783
14.32978,0.985353,14.32978,3.528277
14.355768,0.953973,14.355768,3.546077
14.381757,0.921597,14.381757,3.563107
14.407746,0.888256,14.407746,3.579296
14.433735,0.853988,14.433735,3.594577
14.459723,0.818836,14.459723,3.608883
14.485712,0.782849,14.485712,3.622151
14.511701,0.74608,14.511701,3.634325
14.537689,0.708587,14.537689,3.645349
14.563678,0.670431,14.563678,3.655176
14.589667,0.631679,14.589667,3.663762
14.615656,0.592399,14.615656,3.671069
14.641644,0.55266,14.641644,3.677064
14.667633,0.512537,14.667633,3.681721
14.693622,0.472104,14.693622,3.68502
14.71961,0.431435,14.71961,3.686947
14.745599,0.390607,14.745599,3.687494
14.771588,0.349694,14.771588,3.686658
14.797577,0.308771,14.797577,3.684443
14.823565,0.267911,14.823565,3.680858
14.849554,0.227186,14.849554,3.675919
14.875543,0.186664,14.875543,3.669645
14.901531,0.146412,14.901531,3.662061
14.92752,0.106493,14.92752,3.653198
14.953509,0.066968,14.953509,3.643088
14.979498,0.027892,14.979498,3.631769
15.005486,-0.010681,15.005486,3.619282
15.031475,-0.048703,15.031475,3.60567
15.057464,-0.086131,15.057464,3.59098
15.083452,-0.122924,15.083452,3.575257
15.109441,-0.159048,15.109441,3.558553
15.13543,-0.194471,15.13543,3.540916
15.161419,-0.229167,15.161419,3.522398
15.187407,-0.263114,15.187407,3.503047
15.213396,-0.296292,15.213396,3.482915
15.239385,-0.328689,15.239385,3.462049
15.265373,-0.360294,15.265373,3.440499
15.291362,-0.391098,15.291362,3.418309
15.317351,-0.421097,15.317351,3.395525
15.34334,-0.450291,15.34334,3.372189
15.369328,-0.47868,15.369328,3.34834
15.395317,-0.506267,15.395317,3.324017
15.421306,-0.533056,15.421306,3.299253
15.447294,-0.5590540000000001,15.447294,3.274083
15.473283,-0.584267,15.473283,3.248535
15.499272,-0.608702,15.499272,3.222637
15.52526,-0.632367,15.52526,3.196416
15.551249,-0.65527,15.551249,3.169892
15.577238,-0.677418,15.577238,3.143088
15.603227,-0.6988180000000001,15.603227,3.116022
15.629215,-0.719475,15.629215,3.088711
15.655204,-0.739395,15.655204,3.061172
15.681193,-0.7585809999999999,15.681193,3.033419
15.707181,-0.777035,15.707181,3.005469
15.73317,-0.794759,15.73317,2.977334
15.759159,-0.811754,15.759159,2.949028
15.785148,-0.828018,15.785148,2.920567
15.811136,-0.843549,15.811136,2.891964
15.837125,-0.858344,15.837125,2.863235
15.863114,-0.872399,15.863114,2.834398
15.889102,-0.88571,15.889102,2.805469
15.915091,-0.898273,15.915091,2.776469
15.94108,-0.9100819999999999,15.94108,2.747417
15.967069,-0.921134,15.967069,2.718336
15.993057,-0.931423,15.993057,2.689251
16.019046,-0.940947,16.019046,2.660187
16.045035,-0.949703,16.045035,2.631172
16.071023,-0.95769,16.071023,2.602235
16.097012,-0.964909,16.097012,2.573406
16.123001,-0.971363,16.123001,2.544716
16.14899,-0.977055,16.14899,2.516199
16.174978,-0.981993,16.174978,2.487888
16.200967,-0.986185,16.200967,2.459818
16.226956,-0.9896430000000001,16.226956,2.432022
16.252944,-0.992381,16.252944,2.404535
16.278933,-0.994416,16.278933,2.377392
16.304922,-0.995767,16.304922,2.350625
16.330911,-0.996457,16.330911,2.324268
16.356899,-0.99651,16.356899,2.298352
16.382888,-0.995954,16.382888,2.272905
16.408877,-0.994818,16.408877,2.247958
16.434865,-0.993134,16.434865,2.223534
16.460854,-0.990936,16.460854,2.199658
16.486843,-0.988259,16.486843,2.176351
16.512832,-0.98514,16.512832,2.15363
16.53882,-0.981618,16.53882,2.131511
16.564809,-0.977731,16.564809,2.110007
16.590798,-0.973521,16.590798,2.089126
16.616786,-0.969027,16.616786,2.068874
16.642775,-0.96429,16.642775,2.049254
16.668764,-0.95935,16.668764,2.030266
16.694752,-0.954247,16.694752,2.011906
16.720741,-0.949021,16.720741,1.994167
16.74673,-0.943709,16.74673,1.97704
16.772719,-0.938348,16.772719,1.960513
16.798707,-0.932975,16.798707,1.94457
16.824696,-0.9276219999999999,16.824696,1.929194
16.850685,-0.922322,16.850685,1.914365
16.876673,-0.9171049999999999,16.876673,1.900061
16.902662,-0.911998,16.902662,1.886258
16.928651,-0.907026,16.928651,1.872932
16.95464,-0.902213,16.95464,1.860053
16.980628,-0.897579,16.980628,1.847596
17.006617,-0.893142,17.006617,1.835531
17.032606,-0.888917,17.032606,1.823828
17.058594,-0.884917,17.058594,1.812458
17.084583,-0.881152,17.084583,1.801389
17.110572,-0.87763,17.110572,1.790592
17.136561,-0.874356,17.136561,1.780037
17.162549,-0.871333,17.162549,1.769694
17.188538,-0.8685619999999999,17.188538,1.759535
17.214527,-0.8660409999999999,17.214527,1.749531
17.240515,-0.863766,17.240515,1.739655
17.266504,-0.8617320000000001,17.266504,1.729883
17.292493,-0.859931,17.292493,1.720188
17.318482,-0.858355,17.318482,1.710548
17.34447,-0.856992,17.34447,1.700942
17.370459,-0.855832,17.370459,1.691349
17.396448,-0.854861,17.396448,1.681751
17.422436,-0.854065,17.422436,1.672132
17.448425,-0.85343,17.448425,1.662477
17.474414,-0.85294,17.474414,1.652772
17.500403,-0.852579,17.500403,1.643008
17.526391,-0.852332,17.526391,1.633173
17.55238,-0.852183,17.55238,1.623261
17.578369,-0.852114,17.578369,1.613266
17.604357,-0.85211,17.604357,1.603183
17.630346,-0.852156,17.630346,1.59301
17.656335,-0.852235,17.656335,1.582744
17.682324,-0.852334,17.682324,1.572388
17.708312,-0.852437,17.708312,1.561941
17.734301,-0.852531,17.734301,1.551408
17.76029,-0.852604,17.76029,1.54079
17.786278,-0.852644,17.786278,1.530095
17.812267,-0.85264,17.812267,1.519327
17.838256,-0.852582,17.838256,1.508493
17.864244,-0.852461,17.864244,1.4976
17.890233,-0.8522690000000001,17.890233,1.486656
17.916222,-0.852,17.916222,1.475669
17.942211,-0.851649,17.942211,1.464647
17.968199,-0.851209,17.968199,1.453601
17.994188,-0.850679,17.994188,1.442536
18.020177,-0.850054,18.020177,1.431464
18.046165,-0.849334,18.046165,1.420392
18.072154,-0.848519,18.072154,1.409329
18.098143,-0.847607,18.098143,1.398282
18.124132,-0.846601,18.124132,1.38726
18.15012,-0.845502,18.15012,1.37627
18.176109,-0.844311,18.176109,1.365317
18.202098,-0.843033,18.202098,1.354409
18.228086,-0.8416709999999999,18.228086,1.343552
18.254075,-0.840229,18.254075,1.33275
18.280064,-0.838712,18.280064,1.322008
18.306053,-0.837124,18.306053,1.311329
18.332041,-0.835471,18.332041,1.300715
18.35803,-0.833757,18.35803,1.29017
18.384019,-0.8319879999999999,18.384019,1.279695
18.410007,-0.83017,18.410007,1.26929
18.435996,-0.828307,18.435996,1.258955
18.461985,-0.826404,18.461985,1.24869
18.487974,-0.8244669999999999,18.487974,1.238493
18.513962,-0.822499,18.513962,1.228362
18.539951,-0.820505,18.539951,1.218295
18.56594,-0.818488,18.56594,1.20829
18.591928,-0.816452,18.591928,1.198342
18.617917,-0.8144,18.617917,1.188449
18.643906,-0.812333,18.643906,1.178606
18.669895,-0.810253,18.669895,1.168809
18.695883,-0.808162,18.695883,1.159054
18.721872,-0.806059,18.721872,1.149336
18.747861,-0.803946,18.747861,1.139652
18.773849,-0.80182,18.773849,1.129997
18.799838,-0.799681,18.799838,1.120367
18.825827,-0.797527,18.825827,1.110759
18.851816,-0.795356,18.851816,1.101169
18.877804,-0.793165,18.877804,1.091594
18.903793,-0.79095,18.903793,1.082032
18.929782,-0.788709,18.929782,1.072481
18.95577,-0.786438,18.95577,1.06294
18.981759,-0.784134,18.981759,1.053408
19.007748,-0.781791,19.007748,1.043884
19.033736,-0.779407,19.033736,1.03437
19.059725,-0.776977,19.059725,1.024867
19.085714,-0.774498,19.085714,1.015376
19.111703,-0.771967,19.111703,1.0059
19.137691,-0.769381,19.137691,0.996442
19.16368,-0.766736,19.16368,0.987006
19.189669,-0.764032,19.189669,0.977597
19.215657,-0.761267,19.215657,0.968217
19.241646,-0.75844,19.241646,0.958873
19.267635,-0.7555500000000001,19.267635,0.949569
19.293624,-0.7526,19.293624,0.94031
19.319612,-0.74959,19.319612,0.931102
19.345601,-0.746523,19.345601,0.92195
19.37159,-0.743401,19.37159,0.912859
19.397578,-0.740229,19.397578,0.903832
19.423567,-0.737011,19.423567,0.894875
19.449556,-0.733753,19.449556,0.8859900000000001
19.475545,-0.73046,19.475545,0.877181
19.501533,-0.727139,19.501533,0.8684500000000001
19.527522,-0.723797,19.527522,0.859797
19.553511,-0.720442,19.553511,0.851222
19.579499,-0.7170800000000001,19.579499,0.842726
19.605488,-0.713719,19.605488,0.834305
19.631477,-0.710368,19.631477,0.8259570000000001
19.657466,-0.707033,19.657466,0.817676
19.683454,-0.703721,19.683454,0.809459
19.709443,-0.700439,19.709443,0.801297
19.735432,-0.697193,19.735432,0.793184
19.76142,-0.693988,19.76142,0.785112
19.787409,-0.690829,19.787409,0.777068
19.813398,-0.6877180000000001,19.813398,0.769045
19.839387,-0.684657,19.839387,0.761029
19.865375,-0.681647,19.865375,0.753011
19.891364,-0.678688,19.891364,0.744976
19.917353,-0.675777,19.917353,0.736913
19.943341,-0.672911,19.943341,0.72881
19.96933,-0.670084,19.96933,0.720654
19.995319,-0.66729,19.995319,0.712432
20.021308,-0.66452,20.021308,0.704135
20.047296,-0.661766,20.047296,0.69575
20.073285,-0.659015,20.073285,0.687268
20.099274,-0.656256,20.099274,0.678681
20.125262,-0.653475,20.125262,0.669981
20.151251,-0.650659,20.151251,0.661162
20.17724,-0.64779,20.17724,0.65222
20.203228,-0.644854,20.203228,0.643151
20.229217,-0.641834,20.229217,0.633956
20.255206,-0.6387119999999999,20.255206,0.624634
20.281195,-0.635473,20.281195,0.61519
20.307183,-0.632098,20.307183,0.605627
20.333172,-0.628572,20.333172,0.595952
20.359161,-0.624878,20.359161,0.5861730000000001
20.385149,-0.621,20.385149,0.576302
20.411138,-0.6169249999999999,20.411138,0.56635
20.437127,-0.612639,20.437127,0.556332
20.463116,-0.608129,20.463116,0.546261
20.489104,-0.603386,20.489104,0.536155
20.515093,-0.598399,20.515093,0.526031
20.541082,-0.593162,20.541082,0.515909
20.56707,-0.587668,20.56707,0.505807
20.593059,-0.581914,20.593059,0.495746
20.619048,-0.575897,20.619048,0.485746
20.645037,-0.569618,20.645037,0.475829
20.671025,-0.563077,20.671025,0.466014
20.697014,-0.556279,20.697014,0.456322
20.723003,-0.549228,20.723003,0.446774
20.748991,-0.541933,20.748991,0.43739
20.77498,-0.534401,20.77498,0.428187
20.800969,-0.526643,20.800969,0.419185
20.826958,-0.51867,20.826958,0.410399
20.852946,-0.510497,20.852946,0.401845
20.878935,-0.5021370000000001,20.878935,0.393539
20.904924,-0.493605,20.904924,0.385493
20.930912,-0.484919,20.930912,0.377719
20.956901,-0.476096,20.956901,0.370227
20.98289,-0.467153,20.98289,0.363026
21.008879,-0.458109,21.008879,0.356123
21.034867,-0.448983,21.034867,0.349522
21.060856,-0.439793,21.060856,0.343229
21.086845,-0.43056,21.086845,0.337245
21.112833,-0.421303,21.112833,0.331571
21.138822,-0.41204,21.138822,0.326206
21.164811,-0.40279,21.164811,0.321148
21.190799,-0.393573,21.190799,0.316393
21.216788,-0.384405,21.216788,0.311936
21.242777,-0.375306,21.242777,0.30777
21.268766,-0.36629,21.268766,0.303888
21.294754,-0.357376,21.294754,0.30028
21.320743,-0.348577,21.320743,0.296936
21.346732,-0.339909,21.346732,0.293844
21.37272,-0.331385,21.37272,0.290993
21.398709,-0.323018,21.398709,0.28837
21.424698,-0.314819,21.424698,0.285959
21.450687,-0.306798,21.450687,0.283746
21.476675,-0.298966,21.476675,0.281716
21.502664,-0.291328,21.502664,0.279852
21.528653,-0.283893,21.528653,0.278137
21.554641,-0.276666,21.554641,0.276555
21.58063,-0.26965,21.58063,0.275087
21.606619,-0.262849,21.606619,0.273717
21.632608,-0.256263,21.632608,0.272427
21.658596,-0.249893,21.658596,0.271198
21.684585,-0.243737,21.684585,0.270013
21.710574,-0.237792,21.710574,0.268856
21.736562,-0.232054,21.736562,0.267708
21.762551,-0.226517,21.762551,0.266554
21.78854,-0.221175,21.78854,0.265378
21.814529,-0.216019,21.814529,0.264165
21.840517,-0.211041,21.840517,0.262901
21.866506,-0.20623,21.866506,0.261572
21.892495,-0.201575,21.892495,0.260166
21.918483,-0.197063,21.918483,0.258673
21.944472,-0.192681,21.944472,0.257082
21.970461,-0.188417,21.970461,0.255386
21.99645,-0.184255,21.99645,0.253576
22.022438,-0.180181,22.022438,0.251648
22.048427,-0.17618,22.048427,0.249597
22.074416,-0.172238,22.074416,0.24742
22.100404,-0.168338,22.100404,0.245117
22.126393,-0.164466,22.126393,0.242687
22.152382,-0.160608,22.152382,0.240132
22.178371,-0.156749,22.178371,0.237455
22.204359,-0.152875,22.204359,0.234661
22.230348,-0.148974,22.230348,0.231754
22.256337,-0.145033,22.256337,0.228742
22.282325,-0.14104,22.282325,0.225632
22.308314,-0.136985,22.308314,0.222433
22.334303,-0.13286,22.334303,0.219155
22.360291,-0.128654,22.360291,0.215808
22.38628,-0.124362,22.38628,0.212403
22.412269,-0.119976,22.412269,0.20895
22.438258,-0.115493,22.438258,0.205462
22.464246,-0.110908,22.464246,0.20195
22.490235,-0.10622,22.490235,0.198427
22.516224,-0.101425,22.516224,0.194904
22.542212,-0.096526,22.542212,0.191393
22.568201,-0.09152100000000001,22.568201,0.187904
22.59419,-0.086413,22.59419,0.184449
22.620179,-0.081205,22.620179,0.181039
22.646167,-0.075901,22.646167,0.177683
22.672156,-0.070505,22.672156,0.17439
22.698145,-0.065022,22.698145,0.17117
22.724133,-0.059458,22.724133,0.168029
22.750122,-0.05382,22.750122,0.164975
22.776111,-0.048115,22.776111,0.162014
22.8021,-0.042348,22.8021,0.159152
22.828088,-0.036529,22.828088,0.156392
22.854077,-0.030665,22.854077,0.153739
22.880066,-0.024763,22.880066,0.151196
22.906054,-0.018831,22.906054,0.148764
22.932043,-0.012878,22.932043,0.146445
22.958032,-0.006911,22.958032,0.14424
22.984021,-0.000937,22.984021,0.142148
23.010009,0.005035,23.010009,0.140169
23.035998,0.011,23.035998,0.138301
23.061987,0.016949,23.061987,0.136542
23.087975,0.022877,23.087975,0.134889
23.113964,0.028777,23.113964,0.13334
23.139953,0.034643,23.139953,0.13189
23.165942,0.040471,23.165942,0.130535
23.19193,0.046254,23.19193,0.129272
23.217919,0.05199,23.217919,0.128095
23.243908,0.057673,23.243908,0.126999
23.269896,0.063301,23.269896,0.125979
23.295885,0.06887,23.295885,0.125029
23.321874,0.074377,23.321874,0.124145
23.347863,0.079822,23.347863,0.123318
23.373851,0.085202,23.373851,0.122545
23.39984,0.090516,23.39984,0.121819
23.425829,0.095764,23.425829,0.121133
23.451817,0.100946,23.451817,0.120482
23.477806,0.106063,23.477806,0.11986
23.503795,0.111115,23.503795,0.119261
23.529783,0.116105,23.529783,0.118679
23.555772,0.121033,23.555772,0.118109
23.581761,0.125904,23.581761,0.117546
23.60775,0.130718,23.60775,0.116984
23.633738,0.135481,23.633738,0.116419
23.659727,0.140195,23.659727,0.115846
23.685716,0.144864,23.685716,0.115261
23.711704,0.149493,23.711704,0.11466
23.737693,0.154088,23.737693,0.11404
23.763682,0.158652,23.763682,0.113397
23.789671,0.16319,23.789671,0.112731
23.815659,0.16771,23.815659,0.112037
23.841648,0.172216,23.841648,0.111316
23.867637,0.176714,23.867637,0.110565
23.893625,0.181209,23.893625,0.109784
23.919614,0.185709,23.919614,0.108974
23.945603,0.190218,23.945603,0.108135
23.971592,0.194742,23.971592,0.107268
23.99758,0.199289,23.99758,0.106374
24.023569,0.203862,24.023569,0.105456
24.049558,0.208468,24.049558,0.104515
24.075546,0.213112,24.075546,0.103556
24.101535,0.2178,24.101535,0.102581
24.127524,0.222535,24.127524,0.101594
24.153513,0.227323,24.153513,0.100599
24.179501,0.232169,24.179501,0.099602
24.20549,0.237075,24.20549,0.098607
24.231479,0.242046,24.231479,0.097619
24.257467,0.247085,24.257467,0.09664300000000001
24.283456,0.252195,24.283456,0.09568699999999999
24.309445,0.257378,24.309445,0.094754
24.335434,0.262636,24.335434,0.09385300000000001
24.361422,0.267972,24.361422,0.092988
24.387411,0.273386,24.387411,0.092167
24.4134,0.278879,24.4134,0.09139600000000001
24.439388,0.284452,24.439388,0.090681
24.465377,0.290105,24.465377,0.090029
24.491366,0.295839,24.491366,0.089447
24.517355,0.301651,24.517355,0.08894199999999999
24.543343,0.307542,24.543343,0.08852
24.569332,0.313509,24.569332,0.088187
24.595321,0.319552,24.595321,0.087952
24.621309,0.325668,24.621309,0.08781899999999999
24.647298,0.331856,24.647298,0.087797
24.673287,0.338111,24.673287,0.08789
24.699275,0.344431,24.699275,0.088107
24.725264,0.350814,24.725264,0.088453
24.751253,0.357253,24.751253,0.088935
24.777242,0.363747,24.777242,0.089558
24.80323,0.37029,24.80323,0.09032999999999999
24.829219,0.376877,24.829219,0.091256
24.855208,0.383503,24.855208,0.09234299999999999
24.881196,0.390162,24.881196,0.093595
24.907185,0.396848,24.907185,0.09501999999999999
24.933174,0.403555,24.933174,0.096621
24.959163,0.410275,24.959163,0.09840500000000001
24.985151,0.417001,24.985151,0.100377
25.01114,0.423725,25.01114,0.102541
25.037129,0.430439,25.037129,0.104901
25.063117,0.437134,25.063117,0.107462
25.089106,0.443801,25.089106,0.110227
25.115095,0.450431,25.115095,0.1132
25.141084,0.457012,25.141084,0.116382
25.167072,0.463535,25.167072,0.119776
25.193061,0.469989,25.193061,0.123383
25.21905,0.476363,25.21905,0.127204
25.245038,0.482646,25.245038,0.131239
25.271027,0.488826,25.271027,0.135487
25.297016,0.49489,25.297016,0.139946
25.323005,0.5008280000000001,25.323005,0.144614
25.348993,0.506628,25.348993,0.149487
25.374982,0.512277,25.374982,0.154562
25.400971,0.517764,25.400971,0.159832
25.426959,0.523077,25.426959,0.165291
25.452948,0.528206,25.452948,0.170933
25.478937,0.533139,25.478937,0.176748
25.504926,0.537867,25.504926,0.182729
25.530914,0.5423789999999999,25.530914,0.188864
25.556903,0.546667,25.556903,0.195144
25.582892,0.550722,25.582892,0.201556
25.60888,0.554538,25.60888,0.208089
25.634869,0.558107,25.634869,0.214728
25.660858,0.561424,25.660858,0.221461
25.686847,0.564484,25.686847,0.228274
25.712835,0.567286,25.712835,0.235152
25.738824,0.5698260000000001,25.738824,0.24208
25.764813,0.572103,25.764813,0.249044
25.790801,0.574119,25.790801,0.256028
25.81679,0.575874,25.81679,0.263019
25.842779,0.577371,25.842779,0.270002
25.868767,0.578615,25.868767,0.276963
25.894756,0.57961,25.894756,0.283888
25.920745,0.580362,25.920745,0.290765
25.946734,0.58088,25.946734,0.297581
25.972722,0.58117,25.972722,0.304326
25.998711,0.581243,25.998711,0.310989
26.0247,0.581108,26.0247,0.31756
26.050688,0.580775,26.050688,0.324033
26.076677,0.580256,26.076677,0.3304
26.102666,0.579562,26.102666,0.336657
26.128655,0.578704,26.128655,0.342798
26.154643,0.577695,26.154643,0.348821
26.180632,0.576546,26.180632,0.354725
26.206621,0.575269,26.206621,0.360511
26.232609,0.573875,26.232609,0.366178
26.258598,0.572375,26.258598,0.371731
26.284587,0.570779,26.284587,0.377173
26.310576,0.569096,26.310576,0.382509
26.336564,0.567335,26.336564,0.387746
26.362553,0.565504,26.362553,0.39289
26.388542,0.563609,26.388542,0.397951
26.41453,0.561656,26.41453,0.402936
26.440519,0.559648,26.440519,0.407856
26.466508,0.557588,26.466508,0.412721
26.492497,0.555477,26.492497,0.41754
26.518485,0.553316,26.518485,0.422326
26.544474,0.551102,26.544474,0.427087
26.570463,0.548832,26.570463,0.431835
26.596451,0.546502,26.596451,0.436579
26.62244,0.5441049999999999,26.62244,0.44133
26.648429,0.5416339999999999,26.648429,0.446096
26.674418,0.53908,26.674418,0.450885
26.700406,0.536433,26.700406,0.455704
26.726395,0.533681,26.726395,0.460559
26.752384,0.530811,26.752384,0.465455
26.778372,0.527811,26.778372,0.470395
26.804361,0.524665,26.804361,0.47538
26.83035,0.52136,26.83035,0.480409
26.856339,0.5178779999999999,26.856339,0.485482
26.882327,0.514205,26.882327,0.490595
26.908316,0.510324,26.908316,0.49574
26.934305,0.50622,26.934305,0.500912
26.960293,0.501876,26.960293,0.506099
26.986282,0.497277,26.986282,0.51129
27.012271,0.492409,27.012271,0.516471
27.038259,0.487257,27.038259,0.521627
27.064248,0.481809,27.064248,0.526739
27.090237,0.476053,27.090237,0.531788
27.116226,0.46998,27.116226,0.536753
27.142214,0.46358,27.142214,0.541611
27.168203,0.456847,27.168203,0.546337
27.194192,0.449776,27.194192,0.550905
27.22018,0.442365,27.22018,0.55529
27.246169,0.434615,27.246169,0.559462
27.272158,0.426526,27.272158,0.563393
27.298147,0.418103,27.298147,0.567056
27.324135,0.409355,27.324135,0.57042
27.350124,0.40029,27.350124,0.573456
27.376113,0.390921,27.376113,0.576136
27.402101,0.381263,27.402101,0.5784319999999999
27.42809,0.371334,27.42809,0.5803160000000001
27.454079,0.361154,27.454079,0.581761
27.480068,0.350745,27.480068,0.582744
27.506056,0.340133,27.506056,0.58324
27.532045,0.329344,27.532045,0.583229
27.558034,0.318408,27.558034,0.58269
27.584022,0.307355,27.584022,0.581607
27.610011,0.296219,27.610011,0.579965
27.636,0.285034,27.636,0.577752
27.661989,0.273834,27.661989,0.57496
27.687977,0.262656,27.687977,0.57158
27.713966,0.251536,27.713966,0.567611
27.739955,0.240513,27.739955,0.563051
27.765943,0.229624,27.765943,0.557905
27.791932,0.218905,27.791932,0.552177
27.817921,0.208395,27.817921,0.545876
27.84391,0.198128,27.84391,0.539015
27.869898,0.18814,27.869898,0.531609
27.895887,0.178466,27.895887,0.523674
27.921876,0.169137,27.921876,0.515232
27.947864,0.160186,27.947864,0.506306
27.973853,0.15164,27.973853,0.496921
27.999842,0.143527,27.999842,0.487104
28.025831,0.135872,28.025831,0.476886
28.051819,0.128696,28.051819,0.466296
28.077808,0.12202,28.077808,0.455369
28.103797,0.115862,28.103797,0.444137
28.129785,0.110235,28.129785,0.432636
28.155774,0.105151,28.155774,0.420902
28.181763,0.10062,28.181763,0.40897
28.207751,0.096648,28.207751,0.396877
28.23374,0.093239,28.23374,0.38466
28.259729,0.090393,28.259729,0.372355
28.285718,0.08810999999999999,28.285718,0.359997
28.311706,0.086384,28.311706,0.347622
28.337695,0.08520999999999999,28.337695,0.335263
28.363684,0.084579,28.363684,0.322954
28.389672,0.084479,28.389672,0.310726
28.415661,0.084898,28.415661,0.298609
28.44165,0.08581999999999999,28.44165,0.286633
28.467639,0.087231,28.467639,0.274824
28.493627,0.08910999999999999,28.493627,0.263208
28.519616,0.09143999999999999,28.519616,0.251808
28.545605,0.09420000000000001,28.545605,0.240646
28.571593,0.097367,28.571593,0.229741
28.597582,0.100921,28.597582,0.219112
28.623571,0.104837,28.623571,0.208774
28.64956,0.109093,28.64956,0.19874
28.675548,0.113666,28.675548,0.189022
28.701537,0.11853,28.701537,0.179631
28.727526,0.123663,28.727526,0.170574
28.753514,0.12904,28.753514,0.161857
28.779503,0.134639,28.779503,0.153485
28.805492,0.140436,28.805492,0.14546
28.831481,0.146409,28.831481,0.137784
28.857469,0.152536,28.857469,0.130456
28.883458,0.158796,28.883458,0.123475
28.909447,0.165167,28.909447,0.116838
28.935435,0.171631,28.935435,0.11054
28.961424,0.178169,28.961424,0.104577
28.987413,0.184762,28.987413,0.098941
29.013402,0.191394,29.013402,0.093626
29.03939,0.198048,29.03939,0.088625
29.065379,0.204711,29.065379,0.083927
29.091368,0.211367,29.091368,0.079525
29.117356,0.218004,29.117356,0.075408
29.143345,0.224609,29.143345,0.07156700000000001
29.169334,0.231173,29.169334,0.06798999999999999
29.195322,0.237684,29.195322,0.064668
29.221311,0.244134,29.221311,0.061589
29.2473,0.250514,29.2473,0.058743
29.273289,0.256817,29.273289,0.056118
29.299277,0.263038,29.299277,0.053704
29.325266,0.269169,29.325266,0.05149
29.351255,0.275207,29.351255,0.049465
29.377243,0.281148,29.377243,0.047619
29.403232,0.286987,29.403232,0.045941
29.429221,0.292723,29.429221,0.044421
29.45521,0.298353,29.45521,0.04305
29.481198,0.303875,29.481198,0.041819
29.507187,0.309289,29.507187,0.040717
29.533176,0.314594,29.533176,0.039737
29.559164,0.319791,29.559164,0.03887
29.585153,0.324878,29.585153,0.038108
29.611142,0.329857,29.611142,0.037443
29.637131,0.334729,29.637131,0.036869
29.663119,0.339495,29.663119,0.036378
29.689108,0.344156,29.689108,0.035965
29.715097,0.348714,29.715097,0.035622
29.741085,0.353171,29.741085,0.035344
29.767074,0.357528,29.767074,0.035126
29.793063,0.361788,29.793063,0.034962
29.819052,0.365953,29.819052,0.034849
29.84504,0.370025,29.84504,0.034781
29.871029,0.374005,29.871029,0.034754
29.897018,0.377897,29.897018,0.034765
29.923006,0.381702,29.923006,0.034809
29.948995,0.385423,29.948995,0.034884
29.974984,0.389063,29.974984,0.034986
30.000973,0.392622,30.000973,0.035111
30.026961,0.396104,30.026961,0.035258
30.05295,0.39951,30.05295,0.035423
30.078939,0.402843,30.078939,0.035604
30.104927,0.406105,30.104927,0.035798
30.130916,0.409299,30.130916,0.036004
30.156905,0.412425,30.156905,0.036218
30.182894,0.415487,30.182894,0.036439
30.208882,0.418487,30.208882,0.036664
30.234871,0.421426,30.234871,0.036893
30.26086,0.424307,30.26086,0.037122
30.286848,0.427132,30.286848,0.037351
30.312837,0.429904,30.312837,0.037578
30.338826,0.432623,30.338826,0.037801
30.364814,0.435294,30.364814,0.038019
30.390803,0.437917,30.390803,0.03823
30.416792,0.440495,30.416792,0.038434
30.442781,0.44303,30.442781,0.038629
30.468769,0.445525,30.468769,0.038814
30.494758,0.447982,30.494758,0.038988
30.520747,0.450403,30.520747,0.039152
30.546735,0.45279,30.546735,0.039303
30.572724,0.455146,30.572724,0.039442
30.598713,0.457472,30.598713,0.039568
30.624702,0.459772,30.624702,0.039682
30.65069,0.462048,30.65069,0.039782
30.676679,0.4643,30.676679,0.039869
30.702668,0.466533,30.702668,0.039944
30.728656,0.468747,30.728656,0.040006
30.754645,0.470945,30.754645,0.040057
30.780634,0.473128,30.780634,0.040096
30.806623,0.475299,30.806623,0.040124
30.832611,0.477459,30.832611,0.040143
30.8586,0.47961,30.8586,0.040152
30.884589,0.481753,30.884589,0.040154
30.910577,0.483889,30.910577,0.040148
30.936566,0.486021,30.936566,0.040138
30.962555,0.488149,30.962555,0.040122
30.988544,0.490273,30.988544,0.040103
31.014532,0.492396,31.014532,0.040082
31.040521,0.494518,31.040521,0.040061
31.06651,0.496639,31.06651,0.04004
31.092498,0.49876,31.092498,0.04002
31.118487,0.500881,31.118487,0.040004
31.144476,0.503003,31.144476,0.039993
31.170465,0.505126,31.170465,0.039987
31.196453,0.50725,31.196453,0.039987
31.222442,0.509375,31.222442,0.039996
31.248431,0.511501,31.248431,0.040014
31.274419,0.5136269999999999,31.274419,0.040042
31.300408,0.515754,31.300408,0.040082
31.326397,0.517882,31.326397,0.040133
31.352386,0.5200090000000001,31.352386,0.040197
31.378374,0.522135,31.378374,0.040275
31.404363,0.524261,31.404363,0.040367
31.430352,0.526385,31.430352,0.040474
31.45634,0.5285069999999999,31.45634,0.040597
31.482329,0.530627,31.482329,0.040736
31.508318,0.532744,31.508318,0.040892
31.534306,0.5348579999999999,31.534306,0.041064
31.560295,0.536967,31.560295,0.041254
31.586284,0.539073,31.586284,0.041462
31.612273,0.541173,31.612273,0.041687
31.638261,0.543268,31.638261,0.04193
31.66425,0.545357,31.66425,0.042192
31.690239,0.547441,31.690239,0.042472
31.716227,0.549517,31.716227,0.042771
31.742216,0.551587,31.742216,0.043088
31.768205,0.5536489999999999,31.768205,0.043425
31.794194,0.555704,31.794194,0.04378
31.820182,0.55775,31.820182,0.044155
31.846171,0.559789,31.846171,0.044549
31.87216,0.561818,31.87216,0.044962
31.898148,0.563839,31.898148,0.045396
31.924137,0.56585,31.924137,0.045849
31.950126,0.567851,31.950126,0.046323
31.976115,0.569842,31.976115,0.046816
32.002103,0.5718220000000001,32.002103,0.047331
32.028092,0.573792,32.028092,0.047866
32.054081,0.575749,32.054081,0.048423
32.080069,0.577695,32.080069,0.049001
32.106058,0.579628,32.106058,0.049601
32.132047,0.581547,32.132047,0.050223
32.158036,0.583453,32.158036,0.050867
32.184024,0.5853429999999999,32.184024,0.051533
32.210013,0.587218,32.210013,0.052222
32.236002,0.589076,32.236002,0.052933
32.26199,0.590917,32.26199,0.053668
32.287979,0.592739,32.287979,0.054424
32.313968,0.594543,32.313968,0.055204
32.339957,0.596325,32.339957,0.056005
32.365945,0.598086,32.365945,0.056829
32.391934,0.5998250000000001,32.391934,0.057674
32.417923,0.601539,32.417923,0.058541
32.443911,0.60323,32.443911,0.059428
32.4699,0.604894,32.4699,0.060335
32.495889,0.606531,32.495889,0.061261
32.521878,0.608141,32.521878,0.062204
32.547866,0.609722,32.547866,0.063165
32.573855,0.611274,32.573855,0.064141
32.599844,0.612795,32.599844,0.065132
32.625832,0.614286,32.625832,0.066136
32.651821,0.615745,32.651821,0.067152
32.67781,0.617173,32.67781,0.068177
32.703798,0.618568,32.703798,0.06921099999999999
32.729787,0.619932,32.729787,0.070252
32.755776,0.621264,32.755776,0.071298
32.781765,0.622564,32.781765,0.072348
32.807753,0.623833,32.807753,0.07340000000000001
32.833742,0.625072,32.833742,0.074452
32.859731,0.6262799999999999,32.859731,0.075503
32.885719,0.62746,32.885719,0.076552
32.911708,0.628611,32.911708,0.077597
32.937697,0.629736,32.937697,0.078636
32.963686,0.630835,32.963686,0.07967
32.989674,0.63191,32.989674,0.080697
33.015663,0.632962,33.015663,0.081717
33.041652,0.6339939999999999,33.041652,0.082728
33.06764,0.635006,33.06764,0.083731
33.093629,0.636,33.093629,0.084726
33.119618,0.636978,33.119618,0.085712
33.145607,0.637941,33.145607,0.08669
33.171595,0.638891,33.171595,0.087661
33.197584,0.63983,33.197584,0.088625
33.223573,0.640758,33.223573,0.089583
33.249561,0.641678,33.249561,0.09053700000000001
33.27555,0.642589,33.27555,0.091488
33.301539,0.643494,33.301539,0.09243800000000001
33.327528,0.644392,33.327528,0.093387
33.353516,0.645284,33.353516,0.09433800000000001
33.379505,0.6461710000000001,33.379505,0.095293
33.405494,0.647053,33.405494,0.09625400000000001
33.431482,0.6479279999999999,33.431482,0.097222
33.457471,0.648797,33.457471,0.0982
33.48346,0.64966,33.48346,0.099189
33.509449,0.650514,33.509449,0.100192
33.535437,0.651359,33.535437,0.101211
33.561426,0.652193,33.561426,0.102246
33.587415,0.653014,33.587415,0.1033
33.613403,0.653821,33.613403,0.104373
33.639392,0.65461,33.639392,0.105468
33.665381,0.655381,33.665381,0.106585
33.69137,0.65613,33.69137,0.107724
33.717358,0.656854,33.717358,0.108886
33.743347,0.65755,33.743347,0.110072
33.769336,0.6582170000000001,33.769336,0.11128
33.795324,0.65885,33.795324,0.11251
33.821313,0.659447,33.821313,0.113761
33.847302,0.660004,33.847302,0.115032
33.87329,0.66052,33.87329,0.116322
33.899279,0.660991,33.899279,0.117628
33.925268,0.6614139999999999,33.925268,0.118948
33.951257,0.661788,33.951257,0.120279
33.977245,0.6621089999999999,33.977245,0.121619
34.003234,0.662376,34.003234,0.122964
34.029223,0.662587,34.029223,0.124311
34.055211,0.66274,34.055211,0.125656
34.0812,0.662834,34.0812,0.126995
34.107189,0.662869,34.107189,0.128323
34.133178,0.662843,34.133178,0.129637
34.159166,0.662757,34.159166,0.130933
34.185155,0.662611,34.185155,0.132204
34.211144,0.6624060000000001,34.211144,0.133448
34.237132,0.662142,34.237132,0.13466
34.263121,0.661822,34.263121,0.135834
34.28911,0.661446,34.28911,0.136967
34.315099,0.661018,34.315099,0.138055
34.341087,0.660539,34.341087,0.139092
34.367076,0.660014,34.367076,0.140076
34.393065,0.6594449999999999,34.393065,0.141003
34.419053,0.658837,34.419053,0.141868
34.445042,0.658192,34.445042,0.14267
34.471031,0.657516,34.471031,0.143405
34.49702,0.656813,34.49702,0.14407
34.523008,0.656088,34.523008,0.144665
34.548997,0.655346,34.548997,0.145187
34.574986,0.654592,34.574986,0.145635
34.600974,0.653832,34.600974,0.146008
34.626963,0.65307,34.626963,0.146306
34.652952,0.652312,34.652952,0.14653
34.678941,0.651563,34.678941,0.14668
34.704929,0.650828,34.704929,0.146757
34.730918,0.650114,34.730918,0.146762
34.756907,0.649424,34.756907,0.146698
34.782895,0.648764,34.782895,0.146567
34.808884,0.648138,34.808884,0.146372
34.834873,0.647551,34.834873,0.146116
34.860862,0.647007,34.860862,0.145803
34.88685,0.646509,34.88685,0.145437
34.912839,0.646062,34.912839,0.145021
34.938828,0.645668,34.938828,0.144561
34.964816,0.645331,34.964816,0.144062
34.990805,0.645052,34.990805,0.143527
35.016794,0.644833,35.016794,0.142963
35.042782,0.644676,35.042782,0.142375
35.068771,0.644583,35.068771,0.141767
35.09476,0.644553,35.09476,0.141146
35.120749,0.644588,35.120749,0.140517
35.146737,0.644686,35.146737,0.139885
35.172726,0.6448469999999999,35.172726,0.139255
35.198715,0.6450709999999999,35.198715,0.138633
35.224703,0.645355,35.224703,0.138024
35.250692,0.645698,35.250692,0.137433
35.276681,0.646098,35.276681,0.136864
35.30267,0.646552,35.30267,0.136321
35.328658,0.647057,35.328658,0.135809
35.354647,0.647611,35.354647,0.135333
35.380636,0.648209,35.380636,0.134894
35.406624,0.648847,35.406624,0.134497
35.432613,0.649524,35.432613,0.134144
35.458602,0.6502329999999999,35.458602,0.133838
35.484591,0.650971,35.484591,0.133581
35.510579,0.651734,35.510579,0.133374
35.536568,0.652517,35.536568,0.133219
35.562557,0.653316,35.562557,0.133117
35.588545,0.654127,35.588545,0.133069
35.614534,0.654946,35.614534,0.133074
35.640523,0.655767,35.640523,0.133132
35.666512,0.656587,35.666512,0.133243
35.6925,0.657403,35.6925,0.133406
35.718489,0.65821,35.718489,0.133619
35.744478,0.659004,35.744478,0.133882
35.770466,0.659782,35.770466,0.134192
35.796455,0.660542,35.796455,0.134547
35.822444,0.661279,35.822444,0.134946
35.848433,0.661991,35.848433,0.135385
35.874421,0.662676,35.874421,0.135863
35.90041,0.663331,35.90041,0.136376
35.926399,0.663955,35.926399,0.136922
35.952387,0.664546,35.952387,0.137497
35.978376,0.665102,35.978376,0.1381
36.004365,0.665622,36.004365,0.138727
36.030354,0.666107,36.030354,0.139374
36.056342,0.666554,36.056342,0.14004
36.082331,0.666963,36.082331,0.140721
36.10832,0.667335,36.10832,0.141415
36.134308,0.66767,36.134308,0.142119
36.160297,0.667967,36.160297,0.14283
36.186286,0.668228,36.186286,0.143546
36.212274,0.668453,36.212274,0.144265
36.238263,0.668642,36.238263,0.144985
36.264252,0.668797,36.264252,0.145703
36.290241,0.668918,36.290241,0.146418
36.316229,0.669007,36.316229,0.147128
36.342218,0.669065,36.342218,0.147832
36.368207,0.669093,36.368207,0.148528
36.394195,0.669092,36.394195,0.149216
36.420184,0.669064,36.420184,0.149894
36.446173,0.669009,36.446173,0.150562
36.472162,0.668929,36.472162,0.151218
36.49815,0.668826,36.49815,0.151863
36.524139,0.6687,36.524139,0.152496
36.550128,0.668553,36.550128,0.153116
36.576116,0.668385,36.576116,0.153724
36.602105,0.668198,36.602105,0.154319
36.628094,0.667992,36.628094,0.154902
36.654083,0.6677689999999999,36.654083,0.155472
36.680071,0.66753,36.680071,0.15603
36.70606,0.667274,36.70606,0.156576
36.732049,0.667003,36.732049,0.15711
36.758037,0.666717,36.758037,0.157633
36.784026,0.666416,36.784026,0.158144
36.810015,0.666102,36.810015,0.158646
36.836004,0.6657729999999999,36.836004,0.159136
36.861992,0.665431,36.861992,0.159617
36.887981,0.665075,36.887981,0.160089
36.91397,0.664705,36.91397,0.160551
36.939958,0.6643210000000001,36.939958,0.161004
36.965947,0.663924,36.965947,0.161449
36.991936,0.663512,36.991936,0.161885
37.017925,0.663085,37.017925,0.162313
37.043913,0.662644,37.043913,0.162733
37.069902,0.662187,37.069902,0.163144
37.095891,0.661714,37.095891,0.163547
37.121879,0.661225,37.121879,0.163942
37.147868,0.660718,37.147868,0.164328
37.173857,0.6601939999999999,37.173857,0.164704
37.199846,0.659651,37.199846,0.165072
37.225834,0.65909,37.225834,0.165429
37.251823,0.658509,37.251823,0.165774
37.277812,0.657908,37.277812,0.166109
37.3038,0.657287,37.3038,0.16643
37.329789,0.656645,37.329789,0.166738
37.355778,0.655981,37.355778,0.16703
37.381766,0.655296,37.381766,0.167307
37.407755,0.654589,37.407755,0.167566
37.433744,0.65386,37.433744,0.167806
37.459733,0.6531090000000001,37.459733,0.168025
37.485721,0.652336,37.485721,0.168222
37.51171,0.651542,37.51171,0.168395
37.537699,0.6507270000000001,37.537699,0.168543
37.563687,0.649892,37.563687,0.168663
37.589676,0.649037,37.589676,0.168754
37.615665,0.648163,37.615665,0.168815
37.641654,0.647271,37.641654,0.168842
37.667642,0.646364,37.667642,0.168836
37.693631,0.645441,37.693631,0.168793
37.71962,0.644506,37.71962,0.168713
37.745608,0.643559,37.745608,0.168595
37.771597,0.642603,37.771597,0.168436
37.797586,0.64164,37.797586,0.168236
37.823575,0.640671,37.823575,0.167994
37.849563,0.639701,37.849563,0.167709
37.875552,0.63873,37.875552,0.16738
37.901541,0.637761,37.901541,0.167007
37.927529,0.636798,37.927529,0.16659
37.953518,0.635842,37.953518,0.166129
37.979507,0.634897,37.979507,0.165623
38.005496,0.633965,38.005496,0.165075
38.031484,0.633049,38.031484,0.164484
38.057473,0.632152,38.057473,0.163852
38.083462,0.631275,38.083462,0.163179
38.10945,0.630422,38.10945,0.162468
38.135439,0.629595,38.135439,0.16172
38.161428,0.628796,38.161428,0.160936
38.187417,0.628027,38.187417,0.16012
38.213405,0.62729,38.213405,0.159274
38.239394,0.626586,38.239394,0.158399
38.265383,0.6259169999999999,38.265383,0.157498
38.291371,0.625285,38.291371,0.156575
38.31736,0.624689,38.31736,0.155632
38.343349,0.624131,38.343349,0.154672
38.369337,0.623611,38.369337,0.153697
38.395326,0.623129,38.395326,0.152711
38.421315,0.622686,38.421315,0.151717
38.447304,0.6222800000000001,38.447304,0.150717
38.473292,0.621912,38.473292,0.149714
38.499281,0.6215810000000001,38.499281,0.14871
38.52527,0.621285,38.52527,0.147708
38.551258,0.621024,38.551258,0.146711
38.577247,0.620796,38.577247,0.145721
38.603236,0.6206,38.603236,0.144739
38.629225,0.620435,38.629225,0.143768
38.655213,0.620297,38.655213,0.142808
38.681202,0.620187,38.681202,0.141863
38.707191,0.620101,38.707191,0.140932
38.733179,0.620039,38.733179,0.140016
38.759168,0.619997,38.759168,0.139117
38.785157,0.6199750000000001,38.785157,0.138235
38.811146,0.61997,38.811146,0.137371
38.837134,0.619981,38.837134,0.136524
38.863123,0.6200059999999999,38.863123,0.135695
38.889112,0.620044,38.889112,0.134883
38.9151,0.620093,38.9151,0.134089
38.941089,0.620151,38.941089,0.133311
38.967078,0.620218,38.967078,0.132551
38.993067,0.620292,38.993067,0.131806
39.019055,0.620372,39.019055,0.131077
39.045044,0.620459,39.045044,0.130363
39.071033,0.620549,39.071033,0.129664
39.097021,0.620645,39.097021,0.128979
39.12301,0.620744,39.12301,0.128308
39.148999,0.620846,39.148999,0.127651
39.174988,0.620951,39.174988,0.127006
39.200976,0.6210599999999999,39.200976,0.126374
39.226965,0.62117,39.226965,0.125755
39.252954,0.621283,39.252954,0.12515
39.278942,0.621399,39.278942,0.124557
39.304931,0.621516,39.304931,0.123978
39.33092,0.621635,39.33092,0.123412
39.356909,0.6217549999999999,39.356909,0.122861
39.382897,0.621877,39.382897,0.122325
39.408886,0.6219980000000001,39.408886,0.121805
39.434875,0.622119,39.434875,0.121301
39.460863,0.622238,39.460863,0.120814
39.486852,0.622356,39.486852,0.120346
39.512841,0.6224690000000001,39.512841,0.119896
39.538829,0.622578,39.538829,0.119466
39.564818,0.62268,39.564818,0.119057
39.590807,0.622774,39.590807,0.118669
39.616796,0.622858,39.616796,0.118302
39.642784,0.622929,39.642784,0.117958
39.668773,0.622986,39.668773,0.117636
39.694762,0.6230250000000001,39.694762,0.117336
39.72075,0.623045,39.72075,0.117059
39.746739,0.623042,39.746739,0.116803
39.772728,0.623013,39.772728,0.116567
39.798717,0.622956,39.798717,0.116352
39.824705,0.622869,39.824705,0.116154
39.850694,0.6227470000000001,39.850694,0.115973
39.876683,0.622588,39.876683,0.115807
39.902671,0.622389,39.902671,0.115651
39.92866,0.622149,39.92866,0.115505
39.954649,0.6218630000000001,39.954649,0.115365
39.980638,0.6215309999999999,39.980638,0.115226
40.006626,0.621149,40.006626,0.115085
40.032615,0.620717,40.032615,0.114939
40.058604,0.620233,40.058604,0.114781
40.084592,0.619696,40.084592,0.114608
40.110581,0.619106,40.110581,0.114415
40.13657,0.618461,40.13657,0.114196
40.162559,0.617764,40.162559,0.113946
40.188547,0.617013,40.188547,0.113659
40.214536,0.616212,40.214536,0.113331
40.240525,0.61536,40.240525,0.112954
40.266513,0.614462,40.266513,0.112525
40.292502,0.613519,40.292502,0.112038
40.318491,0.6125350000000001,40.318491,0.111488
40.34448,0.611514,40.34448,0.110869
40.370468,0.61046,40.370468,0.110177
40.396457,0.609378,40.396457,0.109408
40.422446,0.608274,40.422446,0.108559
40.448434,0.607152,40.448434,0.107624
40.474423,0.606019,40.474423,0.106602
40.500412,0.604881,40.500412,0.10549
40.526401,0.603745,40.526401,0.104286
40.552389,0.602618,40.552389,0.102988
40.578378,0.601506,40.578378,0.101597
40.604367,0.600417,40.604367,0.100111
40.630355,0.599357,40.630355,0.09853199999999999
40.656344,0.598335,40.656344,0.096861
40.682333,0.597356,40.682333,0.095099
40.708321,0.596428,40.708321,0.093248
40.73431,0.595557,40.73431,0.09131300000000001
40.760299,0.594751,40.760299,0.089297
40.786288,0.594014,40.786288,0.087203
40.812276,0.593353,40.812276,0.085037
40.838265,0.592773,40.838265,0.082805
40.864254,0.59228,40.864254,0.08051
40.890242,0.591876,40.890242,0.07816099999999999
40.916231,0.591567,40.916231,0.075764
40.94222,0.591356,40.94222,0.073324
40.968209,0.591245,40.968209,0.07085
40.994197,0.591237,40.994197,0.06834899999999999
41.020186,0.591332,41.020186,0.065828
41.046175,0.591533,41.046175,0.063294
41.072163,0.591839,41.072163,0.060755
41.098152,0.5922500000000001,41.098152,0.058218
41.124141,0.592765,41.124141,0.05569
41.15013,0.593383,41.15013,0.053179
41.176118,0.594102,41.176118,0.050692
41.202107,0.5949179999999999,41.202107,0.048235
41.228096,0.595831,41.228096,0.045814
41.254084,0.596834,41.254084,0.043436
41.280073,0.597926,41.280073,0.041105
41.306062,0.599102,41.306062,0.038827
41.332051,0.600357,41.332051,0.036608
41.358039,0.6016860000000001,41.358039,0.03445
41.384028,0.603085,41.384028,0.032358
41.410017,0.604549,41.410017,0.030335
41.436005,0.606071,41.436005,0.028384
41.461994,0.607646,41.461994,0.026506
41.487983,0.60927,41.487983,0.024705
41.513972,0.610937,41.513972,0.022981
41.53996,0.61264,41.53996,0.021335
41.565949,0.614376,41.565949,0.019768
41.591938,0.616138,41.591938,0.018279
41.617926,0.6179210000000001,41.617926,0.016869
41.643915,0.619722,41.643915,0.015536
41.669904,0.621534,41.669904,0.014279
41.695893,0.623354,41.695893,0.013097
41.721881,0.625177,41.721881,0.011988
41.74787,0.626999,41.74787,0.010951
41.773859,0.628816,41.773859,0.009982
41.799847,0.630626,41.799847,0.009081000000000001
41.825836,0.632425,41.825836,0.008243
41.851825,0.6342100000000001,41.851825,0.007467
41.877813,0.635978,41.877813,0.00675
41.903802,0.637727,41.903802,0.006089
41.929791,0.639455,41.929791,0.005481
41.95578,0.641161,41.95578,0.004923
41.981768,0.642842,41.981768,0.004412
42.007757,0.644498,42.007757,0.003946
42.033746,0.646127,42.033746,0.003521
42.059734,0.647729,42.059734,0.003136
42.085723,0.649303,42.085723,0.002786
42.111712,0.650848,42.111712,0.00247
42.137701,0.6523640000000001,42.137701,0.002185
42.163689,0.653852,42.163689,0.001929
42.189678,0.6553099999999999,42.189678,0.001699
42.215667,0.65674,42.215667,0.001493
42.241655,0.658141,42.241655,0.001309
42.267644,0.659515,42.267644,0.001146
42.293633,0.66086,42.293633,0.001
42.319622,0.662179,42.319622,0.000871
42.34561,0.663471,42.34561,0.000757
42.371599,0.6647380000000001,42.371599,0.000656
42.397588,0.665979,42.397588,0.000568
42.423576,0.667196,42.423576,0.00049
42.449565,0.668389,42.449565,0.000422
42.475554,0.669559,42.475554,0.000363
42.501543,0.6707070000000001,42.501543,0.000311
42.527531,0.671833,42.527531,0.000266
42.55352,0.672939,42.55352,0.000227
42.579509,0.674025,42.579509,0.000193
42.605497,0.675092,42.605497,0.000164
42.631486,0.67614,42.631486,0.000139
42.657475,0.677171,42.657475,0.000118
42.683464,0.678184,42.683464,0.0001
42.709452,0.679181,42.709452,8.4e-05
42.735441,0.680163,42.735441,6.999999999999999e-05
42.76143,0.681129,42.76143,5.9e-05
42.787418,0.68208,42.787418,4.9e-05
42.813407,0.683018,42.813407,4.1e-05
42.839396,0.683942,42.839396,3.4e-05
42.865385,0.684853,42.865385,2.9e-05
42.891373,0.685751,42.891373,2.4e-05
42.917362,0.686638,42.917362,2e-05
42.943351,0.687513,42.943351,1.6e-05
42.969339,0.688376,42.969339,1.4e-05
42.995328,0.689229,42.995328,1.1e-05
43.021317,0.690072,43.021317,9e-06
43.047305,0.690904,43.047305,8e-06
43.073294,0.691727,43.073294,6e-06
43.099283,0.69254,43.099283,5e-06
43.125272,0.693344,43.125272,5e-06
43.15126,0.694139,43.15126,4e-06
43.177249,0.694926,43.177249,3e-06
43.203238,0.695705,43.203238,3e-06
43.229226,0.696475,43.229226,2e-06
43.255215,0.697238,43.255215,2e-06
43.281204,0.697993,43.281204,2e-06
43.307193,0.69874,43.307193,2e-06
43.333181,0.699481,43.333181,2e-06
43.35917,0.700214,43.35917,1e-06
43.385159,0.700941,43.385159,1e-06
43.411147,0.701661,43.411147,1e-06
43.437136,0.7023740000000001,43.437136,1e-06
43.463125,0.703082,43.463125,1e-06
43.489114,0.703783,43.489114,1e-06
43.515102,0.704478,43.515102,1e-06
43.541091,0.705167,43.541091,1e-06
43.56708,0.70585,43.56708,1e-06
43.593068,0.706528,43.593068,1e-06
43.619057,0.7072000000000001,43.619057,1e-06
43.645046,0.707867,43.645046,1e-06
43.671035,0.708529,43.671035,1e-06
43.697023,0.709186,43.697023,1e-06
43.723012,0.7098370000000001,43.723012,1e-06
43.749001,0.710484,43.749001,1e-06
43.774989,0.711125,43.774989,1e-06
43.800978,0.711762,43.800978,1e-06
43.826967,0.712395,43.826967,1e-06
43.852956,0.713023,43.852956,1e-06
43.878944,0.713646,43.878944,1e-06
43.904933,0.714265,43.904933,2e-06
43.930922,0.714879,43.930922,2e-06
43.95691,0.71549,43.95691,2e-06
43.982899,0.716096,43.982899,2e-06
44.008888,0.7166979999999999,44.008888,2e-06
44.034877,0.717296,44.034877,2e-06
44.060865,0.71789,44.060865,2e-06
44.086854,0.71848,44.086854,2e-06
44.112843,0.719067,44.112843,2e-06
44.138831,0.719649,44.138831,2e-06
44.16482,0.720228,44.16482,2e-06
44.190809,0.720804,44.190809,2e-06
44.216797,0.721375,44.216797,2e-06
44.242786,0.721944,44.242786,2e-06
44.268775,0.722508,44.268775,2e-06
44.294764,0.72307,44.294764,2e-06
44.320752,0.723628,44.320752,2e-06
44.346741,0.724182,44.346741,2e-06
44.37273,0.724734,44.37273,2e-06
44.398718,0.725282,44.398718,2e-06
44.424707,0.725827,44.424707,2e-06
44.450696,0.726369,44.450696,2e-06
44.476685,0.726907,44.476685,2e-06
44.502673,0.727443,44.502673,2e-06
44.528662,0.727976,44.528662,2e-06
44.554651,0.728506,44.554651,2e-06
44.580639,0.729033,44.580639,2e-06
44.606628,0.729557,44.606628,2e-06
44.632617,0.730078,44.632617,2e-06
44.658606,0.730596,44.658606,2e-06
44.684594,0.731112,44.684594,2e-06
44.710583,0.731625,44.710583,2e-06
44.736572,0.732135,44.736572,2e-06
44.76256,0.732642,44.76256,2e-06
44.788549,0.733147,44.788549,2e-06
44.814538,0.73365,44.814538,2e-06
44.840527,0.7341490000000001,44.840527,2e-06
44.866515,0.734647,44.866515,2e-06
44.892504,0.735141,44.892504,2e-06
44.918493,0.735634,44.918493,2e-06
44.944481,0.736124,44.944481,2e-06
44.97047,0.736611,44.97047,2e-06
44.996459,0.737096,44.996459,2e-06
45.022448,0.737579,45.022448,2e-06
45.048436,0.738059,45.048436,2e-06
45.074425,0.738537,45.074425,2e-06
45.100414,0.739013,45.100414,2e-06
45.126402,0.739487,45.126402,2e-06
45.152391,0.739958,45.152391,2e-06
45.17838,0.7404269999999999,45.17838,2e-06
45.204369,0.7408940000000001,45.204369,2e-06
45.230357,0.741359,45.230357,2e-06
45.256346,0.741822,45.256346,2e-06
45.282335,0.742282,45.282335,2e-06
45.308323,0.742741,45.308323,2e-06
45.334312,0.743197,45.334312,2e-06
45.360301,0.743652,45.360301,3e-06
45.386289,0.744104,45.386289,3e-06
45.412278,0.744555,45.412278,3e-06
45.438267,0.745003,45.438267,3e-06
45.464256,0.7454499999999999,45.464256,3e-06
45.490244,0.7458939999999999,45.490244,3e-06
45.516233,0.746337,45.516233,3e-06
45.542222,0.7467780000000001,45.542222,3e-06
45.56821,0.747217,45.56821,3e-06
45.594199,0.747654,45.594199,3e-06
45.620188,0.748089,45.620188,3e-06
45.646177,0.748522,45.646177,3e-06
45.672165,0.748954,45.672165,2e-06
45.698154,0.7493840000000001,45.698154,2e-06
45.724143,0.749812,45.724143,2e-06
45.750131,0.750238,45.750131,2e-06
45.77612,0.7506620000000001,45.77612,2e-06
45.802109,0.751085,45.802109,2e-06
45.828098,0.751506,45.828098,2e-06
45.854086,0.751926,45.854086,2e-06
45.880075,0.752343,45.880075,2e-06
45.906064,0.752759,45.906064,2e-06
45.932052,0.753174,45.932052,2e-06
45.958041,0.753587,45.958041,2e-06
45.98403,0.7539979999999999,45.98403,2e-06
46.010019,0.754407,46.010019,2e-06
46.036007,0.754815,46.036007,2e-06
46.061996,0.7552219999999999,46.061996,2e-06
46.087985,0.755626,46.087985,2e-06
46.113973,0.75603,46.113973,2e-06
46.139962,0.756432,46.139962,2e-06
46.165951,0.7568319999999999,46.165951,2e-06
46.19194,0.757231,46.19194,2e-06
46.217928,0.757628,46.217928,2e-06
46.243917,0.758024,46.243917,2e-06
46.269906,0.758418,46.269906,2e-06
46.295894,0.758811,46.295894,2e-06
46.321883,0.759202,46.321883,2e-06
46.347872,0.759592,46.347872,2e-06
46.37386,0.75998,46.37386,2e-06
46.399849,0.760368,46.399849,2e-06
46.425838,0.760753,46.425838,2e-06
46.451827,0.761138,46.451827,2e-06
46.477815,0.761521,46.477815,2e-06
46.503804,0.761902,46.503804,2e-06
46.529793,0.762282,46.529793,2e-06
46.555781,0.762661,46.555781,2e-06
46.58177,0.763039,46.58177,2e-06
46.607759,0.763415,46.607759,2e-06
46.633748,0.76379,46.633748,2e-06
46.659736,0.764163,46.659736,2e-06
46.685725,0.764536,46.685725,2e-06
46.711714,0.764907,46.711714,2e-06
46.737702,0.765276,46.737702,2e-06
46.763691,0.765645,46.763691,2e-06
46.78968,0.766012,46.78968,2e-06
46.815669,0.766378,46.815669,2e-06
46.841657,0.766743,46.841657,2e-06
46.867646,0.767106,46.867646,2e-06
46.893635,0.767468,46.893635,2e-06
46.919623,0.767829,46.919623,2e-06
46.945612,0.768189,46.945612,2e-06
46.971601,0.768548,46.971601,2e-06
46.99759,0.7689049999999999,46.99759,2e-06
47.023578,0.769261,47.023578,2e-06
47.049567,0.769616,47.049567,2e-06
47.075556,0.76997,47.075556,2e-06
47.101544,0.770323,47.101544,2e-06
47.127533,0.770674,47.127533,2e-06
47.153522,0.771025,47.153522,2e-06
47.179511,0.771374,47.179511,2e-06
47.205499,0.771722,47.205499,2e-06
47.231488,0.772069,47.231488,2e-06
47.257477,0.772415,47.257477,2e-06
47.283465,0.77276,47.283465,2e-06
47.309454,0.773104,47.309454,2e-06
47.335443,0.773447,47.335443,2e-06
47.361432,0.773788,47.361432,2e-06
47.38742,0.774129,47.38742,2e-06
47.413409,0.774468,47.413409,2e-06
47.439398,0.774806,47.439398,2e-06
47.465386,0.7751440000000001,47.465386,2e-06
47.491375,0.7754799999999999,47.491375,2e-06
47.517364,0.775815,47.517364,2e-06
47.543352,0.776149,47.543352,2e-06
47.569341,0.776483,47.569341,2e-06
47.59533,0.776815,47.59533,2e-06
47.621319,0.777146,47.621319,1e-06
47.647307,0.7774759999999999,47.647307,1e-06
47.673296,0.777805,47.673296,1e-06
47.699285,0.778133,47.699285,1e-06
47.725273,0.77846,47.725273,1e-06
47.751262,0.778786,47.751262,1e-06
47.777251,0.779111,47.777251,1e-06
47.80324,0.779436,47.80324,1e-06
47.829228,0.779759,47.829228,1e-06
47.855217,0.780081,47.855217,1e-06
47.881206,0.780402,47.881206,1e-06
47.907194,0.7807229999999999,47.907194,1e-06
47.933183,0.781042,47.933183,1e-06
47.959172,0.7813600000000001,47.959172,1e-06
47.985161,0.781678,47.985161,1e-06
48.011149,0.781995,48.011149,1e-06
48.037138,0.7823099999999999,48.037138,1e-06
48.063127,0.782625,48.063127,1e-06
48.089115,0.7829390000000001,48.089115,1e-06
48.115104,0.7832519999999999,48.115104,1e-06
48.141093,0.783564,48.141093,1e-06
48.167082,0.783875,48.167082,1e-06
48.19307,0.784185,48.19307,1e-06
48.219059,0.784494,48.219059,1e-06
48.245048,0.784803,48.245048,1e-06
48.271036,0.78511,48.271036,1e-06
48.297025,0.785417,48.297025,1e-06
48.323014,0.7857229999999999,48.323014,1e-06
48.349003,0.7860279999999999,48.349003,1e-06
48.374991,0.786332,48.374991,1e-06
48.40098,0.786635,48.40098,1e-06
48.426969,0.786938,48.426969,1e-06
48.452957,0.787239,48.452957,1e-06
48.478946,0.78754,48.478946,1e-06
48.504935,0.78784,48.504935,1e-06
48.530924,0.788139,48.530924,1e-06
48.556912,0.7884370000000001,48.556912,1e-06
48.582901,0.788735,48.582901,1e-06
48.60889,0.789031,48.60889,1e-06
48.634878,0.789327,48.634878,1e-06
48.660867,0.789622,48.660867,1e-06
48.686856,0.789916,48.686856,1e-06
48.712844,0.79021,48.712844,1e-06
48.738833,0.790502,48.738833,1e-06
48.764822,0.790794,48.764822,1e-06
48.790811,0.791085,48.790811,1e-06
48.816799,0.7913750000000001,48.816799,1e-06
48.842788,0.791665,48.842788,1e-06
48.868777,0.791953,48.868777,1e-06
48.894765,0.792241,48.894765,1e-06
48.920754,0.792528,48.920754,1e-06
48.946743,0.792815,48.946743,1e-06
48.972732,0.7931,48.972732,1e-06
48.99872,0.793385,48.99872,1e-06
49.024709,0.793669,49.024709,1e-06
49.050698,0.793953,49.050698,1e-06
49.076686,0.794235,49.076686,1e-06
49.102675,0.794517,49.102675,1e-06
49.128664,0.794798,49.128664,1e-06
49.154653,0.795079,49.154653,1e-06
49.180641,0.795358,49.180641,1e-06
49.20663,0.795637,49.20663,1e-06
49.232619,0.795915,49.232619,1e-06
49.258607,0.796193,49.258607,1e-06
49.284596,0.79647,49.284596,1e-06
49.310585,0.796746,49.310585,1e-06
49.336574,0.797021,49.336574,1e-06
49.362562,0.797296,49.362562,1e-06
49.388551,0.79757,49.388551,1e-06
49.41454,0.797843,49.41454,1e-06
49.440528,0.798115,49.440528,1e-06
49.466517,0.798387,49.466517,1e-06
49.492506,0.798658,49.492506,1e-06
49.518495,0.798929,49.518495,1e-06
49.544483,0.799199,49.544483,1e-06
49.570472,0.799468,49.570472,1e-06
49.596461,0.799736,49.596461,1e-06
49.622449,0.800004,49.622449,1e-06
49.648438,0.800271,49.648438,0
49.674427,0.800538,49.674427,0
49.700416,0.800803,49.700416,0
49.726404,0.801068,49.726404,0
49.752393,0.801333,49.752393,0
49.778382,0.801597,49.778382,0
49.80437,0.80186,49.80437,0
49.830359,0.802122,49.830359,0
49.856348,0.802384,49.856348,0
49.882336,0.8026450000000001,49.882336,0
49.908325,0.802906,49.908325,0
49.934314,0.803166,49.934314,0
49.960303,0.8034249999999999,49.960303,0
49.986291,0.803684,49.986291,0
50.01228,0.803942,50.01228,0
50.038269,0.804199,50.038269,0
50.064257,0.8044559999999999,50.064257,0
50.090246,0.804712,50.090246,0
50.116235,0.804968,50.116235,0
50.142224,0.805223,50.142224,0
50.168212,0.805477,50.168212,0
50.194201,0.8057299999999999,50.194201,0
50.22019,0.805984,50.22019,0
50.246178,0.806236,50.246178,0
50.272167,0.806488,50.272167,0
50.298156,0.806739,50.298156,0
50.324145,0.80699,50.324145,0
50.350133,0.80724,50.350133,0
50.376122,0.807489,50.376122,0
50.402111,0.807738,50.402111,0
50.428099,0.807987,50.428099,0
50.454088,0.808234,50.454088,0
50.480077,0.808481,50.480077,0
50.506066,0.808728,50.506066,0
50.532054,0.808974,50.532054,0
50.558043,0.809219,50.558043,0
50.584032,0.809464,50.584032,0
50.61002,0.809708,50.61002,0
50.636009,0.809952,50.636009,0
50.661998,0.810195,50.661998,0
50.687987,0.810438,50.687987,0
50.713975,0.81068,50.713975,0
50.739964,0.810921,50.739964,0
50.765953,0.811162,50.765953,0
50.791941,0.811402,50.791941,0
50.81793,0.811642,50.81793,0
50.843919,0.811881,50.843919,0
50.869908,0.81212,50.869908,0
50.895896,0.812358,50.895896,0
50.921885,0.812596,50.921885,0
50.947874,0.812833,50.947874,0
50.973862,0.813069,50.973862,0
50.999851,0.8133049999999999,50.999851,0
51.02584,0.813541,51.02584,0
51.051828,0.8137760000000001,51.051828,0
51.077817,0.81401,51.077817,0
51.103806,0.814244,51.103806,0
51.129795,0.814477,51.129795,0
51.155783,0.81471,51.155783,0
51.181772,0.8149420000000001,51.181772,0
51.207761,0.815174,51.207761,0
51.233749,0.815405,51.233749,0
51.259738,0.815636,51.259738,0
51.285727,0.815866,51.285727,0
51.311716,0.816095,51.311716,0
51.337704,0.816325,51.337704,0
51.363693,0.816553,51.363693,0
51.389682,0.816781,51.389682,0
51.41567,0.817009,51.41567,0
51.441659,0.817236,51.441659,0
51.467648,0.8174630000000001,51.467648,0
51.493637,0.817689,51.493637,0
51.519625,0.8179149999999999,51.519625,0
51.545614,0.81814,51.545614,0
51.571603,0.818364,51.571603,0
51.597591,0.818588,51.597591,0
51.62358,0.818812,51.62358,0
51.649569,0.819035,51.649569,0
51.675558,0.819258,51.675558,0
51.701546,0.81948,51.701546,0
51.727535,0.819702,51.727535,0
51.753524,0.819923,51.753524,0
51.779512,0.820144,51.779512,0
51.805501,0.820364,51.805501,0
51.83149,0.820584,51.83149,0
51.857479,0.8208029999999999,51.857479,0
51.883467,0.821022,51.883467,0
51.909456,0.82124,51.909456,0
51.935445,0.821458,51.935445,0
51.961433,0.821676,51.961433,0
