0.01,9.640496000000001,0.01,0.025209
0.031435,9.626326000000001,0.031435,0.02818
0.052871,9.621724,0.052871,0.031454
0.074306,9.621176999999999,0.074306,0.035057
0.09574199999999999,9.623310999999999,0.09574199999999999,0.039017
0.117177,9.627565000000001,0.117177,0.043359
0.138613,9.633652,0.138613,0.048116
0.160048,9.641398000000001,0.160048,0.053318
0.181484,9.650694,0.181484,0.058999
0.202919,9.66146,0.202919,0.065194
0.224354,9.673636,0.224354,0.071938
0.24579,9.687181000000001,0.24579,0.07927099999999999
0.267225,9.702054,0.267225,0.087231
0.288661,9.718227000000001,0.288661,0.09586
0.310096,9.735671999999999,0.310096,0.105202
0.331532,9.754363,0.331532,0.1153
0.352967,9.774278000000001,0.352967,0.126201
0.374403,9.795393000000001,0.374403,0.137952
0.395838,9.817684,0.395838,0.150601
0.417274,9.84113,0.417274,0.1642
0.438709,9.865705,0.438709,0.178799
0.460144,9.891382999999999,0.460144,0.194452
0.48158,9.918139,0.48158,0.211212
0.503015,9.945942000000001,0.503015,0.229134
0.524451,9.974761000000001,0.524451,0.248275
0.545886,10.004563,0.545886,0.268689
0.567322,10.035312,0.567322,0.290434
0.588757,10.06697,0.588757,0.313567
0.610193,10.099494,0.610193,0.338147
0.631628,10.132839,0.631628,0.36423
0.6530629999999999,10.16696,0.6530629999999999,0.391874
0.674499,10.201803,0.674499,0.421137
0.6959340000000001,10.237314,0.6959340000000001,0.452075
0.71737,10.273435,0.71737,0.484745
0.738805,10.310103,0.738805,0.519201
0.7602409999999999,10.347254,0.7602409999999999,0.555497
0.781676,10.384815,0.781676,0.593685
0.803112,10.422715,0.803112,0.633817
0.824547,10.460876,0.824547,0.67594
0.845982,10.499212,0.845982,0.720099
0.867418,10.537642,0.867418,0.766337
0.888853,10.576072,0.888853,0.814694
0.910289,10.61441,0.910289,0.865206
0.931724,10.65256,0.931724,0.917906
0.95316,10.690418,0.95316,0.972819
0.974595,10.72788,0.974595,1.029972
0.996031,10.764836,0.996031,1.08938
1.017466,10.801176,1.017466,1.151058
1.038902,10.836784,1.038902,1.215012
1.060337,10.871544,1.060337,1.281242
1.081772,10.905334,1.081772,1.349743
1.103208,10.938033,1.103208,1.420502
1.124643,10.969519,1.124643,1.493497
1.146079,10.999664,1.146079,1.568704
1.167514,11.028346,1.167514,1.646084
1.18895,11.055438,1.18895,1.725595
1.210385,11.080815,1.210385,1.807184
1.231821,11.104352,1.231821,1.890791
1.253256,11.125927,1.253256,1.976346
1.274691,11.145418,1.274691,2.063771
1.296127,11.162709,1.296127,2.152978
1.317562,11.177686,1.317562,2.24387
1.338998,11.190239,1.338998,2.336343
1.360433,11.200264,1.360433,2.430283
1.381869,11.207663,1.381869,2.525569
1.403304,11.212342,1.403304,2.622072
1.42474,11.214217,1.42474,2.719653
1.446175,11.213211,1.446175,2.818167
1.46761,11.209255,1.46761,2.917462
1.489046,11.20229,1.489046,3.01738
1.510481,11.192265,1.510481,3.117758
1.531917,11.179143,1.531917,3.218427
1.553352,11.162894,1.553352,3.319215
1.574788,11.143501,1.574788,3.419946
1.596223,11.120959,1.596223,3.520442
1.617659,11.095274,1.617659,3.620521
1.639094,11.066465,1.639094,3.720004
1.66053,11.034564,1.66053,3.818711
1.681965,10.999613,1.681965,3.916465
1.7034,10.961669,1.7034,4.013088
1.724836,10.920799,1.724836,4.10841
1.746271,10.877085,1.746271,4.202262
1.767707,10.830616,1.767707,4.294483
1.789142,10.781496,1.789142,4.384918
1.810578,10.72984,1.810578,4.47342
1.832013,10.67577,1.832013,4.55985
1.853449,10.619419,1.853449,4.64408
1.874884,10.560928,1.874884,4.725989
1.896319,10.500447,1.896319,4.805468
1.917755,10.438135,1.917755,4.882421
1.93919,10.374152,1.93919,4.956765
1.960626,10.308666,1.960626,5.028427
1.982061,10.24185,1.982061,5.097349
2.003497,10.173876,2.003497,5.163484
2.024932,10.104919,2.024932,5.226802
2.046368,10.035159,2.046368,5.287282
2.067803,9.964771000000001,2.067803,5.344917
2.089238,9.893929999999999,2.089238,5.399717
2.110674,9.822808999999999,2.110674,5.451705
2.132109,9.751576,2.132109,5.50091
2.153545,9.680395000000001,2.153545,5.54738
2.17498,9.609425999999999,2.17498,5.59117
2.196416,9.538823000000001,2.196416,5.632349
2.217851,9.468730000000001,2.217851,5.670996
2.239287,9.399286,2.239287,5.707199
2.260722,9.33062,2.260722,5.741053
2.282158,9.262854000000001,2.282158,5.772663
2.303593,9.196097,2.303593,5.802141
2.325028,9.130455,2.325028,5.829604
2.346464,9.066015999999999,2.346464,5.855176
2.367899,9.002864000000001,2.367899,5.878984
2.389335,8.941067,2.389335,5.901157
2.41077,8.880687,2.41077,5.921828
2.432206,8.821774,2.432206,5.941131
2.453641,8.764369,2.453641,5.959199
2.475077,8.708503,2.475077,5.976169
2.496512,8.654195,2.496512,5.992173
2.517947,8.601457999999999,2.517947,6.007342
2.539383,8.550293,2.539383,6.021807
2.560818,8.500695,2.560818,6.035693
2.582254,8.45265,2.582254,6.049122
2.603689,8.406135000000001,2.603689,6.062215
2.625125,8.361122,2.625125,6.075084
2.64656,8.317575,2.64656,6.087839
2.667996,8.275454999999999,2.667996,6.100584
2.689431,8.234712,2.689431,6.113416
2.710866,8.195297,2.710866,6.126431
2.732302,8.157154999999999,2.732302,6.139714
2.753737,8.120225,2.753737,6.153347
2.775173,8.084445000000001,2.775173,6.167408
2.796608,8.04975,2.796608,6.181965
2.818044,8.016071,2.818044,6.197083
2.839479,7.98334,2.839479,6.212821
2.860915,7.951485,2.860915,6.229232
2.88235,7.920433,2.88235,6.246364
2.903786,7.890113,2.903786,6.264262
2.925221,7.860449,2.925221,6.282962
2.946656,7.831368,2.946656,6.302499
2.968092,7.802795,2.968092,6.322903
2.989527,7.774657,2.989527,6.344198
3.010963,7.746878,3.010963,6.366404
3.032398,7.719386,3.032398,6.389537
3.053834,7.692106,3.053834,6.41361
3.075269,7.664968,3.075269,6.438634
3.096705,7.637897,3.096705,6.464614
3.11814,7.610823,3.11814,6.491552
3.139575,7.583674,3.139575,6.519448
3.161011,7.556381,3.161011,6.548296
3.182446,7.528874,3.182446,6.578093
3.203882,7.501083,3.203882,6.608825
3.225317,7.472941,3.225317,6.640481
3.246753,7.444381,3.246753,6.673044
3.268188,7.415334,3.268188,6.706496
3.289624,7.385736,3.289624,6.740815
3.311059,7.355521,3.311059,6.775974
3.332494,7.324625,3.332494,6.811945
3.35393,7.292984,3.35393,6.848697
3.375365,7.260538,3.375365,6.886195
3.396801,7.227224,3.396801,6.9244
3.418236,7.192985,3.418236,6.963271
3.439672,7.157762,3.439672,7.002762
3.461107,7.121499,3.461107,7.042826
3.482543,7.084142,3.482543,7.083409
3.503978,7.045639,3.503978,7.124458
3.525414,7.00594,3.525414,7.165913
3.546849,6.964999,3.546849,7.20771
3.568284,6.922771,3.568284,7.249785
3.58972,6.879213,3.58972,7.292068
3.611155,6.834289,3.611155,7.334484
3.632591,6.787965,3.632591,7.376956
3.654026,6.740212,3.654026,7.419407
3.675462,6.691004,3.675462,7.461752
3.696897,6.640321,3.696897,7.503908
3.718333,6.588145,3.718333,7.545786
3.739768,6.534468,3.739768,7.587295
3.761203,6.479282,3.761203,7.628344
3.782639,6.42259,3.782639,7.668839
3.804074,6.364397,3.804074,7.708683
3.82551,6.304717,3.82551,7.747783
3.846945,6.24357,3.846945,7.78604
3.868381,6.180982,3.868381,7.82336
3.889816,6.116984,3.889816,7.859648
3.911252,6.051617,3.911252,7.894809
3.932687,5.984926,3.932687,7.92875
3.954122,5.916965,3.954122,7.961379
3.975558,5.847794,3.975558,7.992611
3.996993,5.777477,3.996993,8.022361999999999
4.018429,5.706089,4.018429,8.050549999999999
4.039864,5.633709,4.039864,8.077099
4.0613,5.560422,4.0613,8.101938000000001
4.082735,5.486319,4.082735,8.125004000000001
4.104171,5.411497,4.104171,8.146236
4.125606,5.336056,4.125606,8.165585
4.147042,5.260102,4.147042,8.183004
4.168477,5.183745,4.168477,8.198458
4.189912,5.107099,4.189912,8.211914
4.211348,5.03028,4.211348,8.223355
4.232783,4.953405,4.232783,8.232773
4.254219,4.876593,4.254219,8.240161000000001
4.275654,4.799964,4.275654,8.245526999999999
4.29709,4.72364,4.29709,8.248889
4.318525,4.647739,4.318525,8.250272000000001
4.339961,4.572379,4.339961,8.249713
4.361396,4.497675,4.361396,8.247259
4.382831,4.423738,4.382831,8.242960999999999
4.404267,4.350678,4.404267,8.236886
4.425702,4.278597,4.425702,8.229105000000001
4.447138,4.207593,4.447138,8.219701000000001
4.468573,4.137758,4.468573,8.208762
4.490009,4.069177,4.490009,8.196384999999999
4.511444,4.001926,4.511444,8.182677
4.53288,3.936075,4.53288,8.167747
4.554315,3.871684,4.554315,8.15171
4.575751,3.808803,4.575751,8.134686
4.597186,3.747474,4.597186,8.116806
4.618621,3.687728,4.618621,8.098195
4.640057,3.629585,4.640057,8.078984
4.661492,3.573056,4.661492,8.059305999999999
4.682928,3.51814,4.682928,8.039294999999999
4.704363,3.464827,4.704363,8.019083
4.725799,3.413094,4.725799,7.998804
4.747234,3.362907,4.747234,7.978585
4.76867,3.314225,4.76867,7.958554
4.790105,3.266994,4.790105,7.938832
4.81154,3.221149,4.81154,7.919537
4.832976,3.17662,4.832976,7.900781
4.854411,3.133323,4.854411,7.882667
4.875847,3.09117,4.875847,7.865293
4.897282,3.050062,4.897282,7.848749
4.918718,3.009895,4.918718,7.833113
4.940153,2.970558,4.940153,7.818457
4.961589,2.931934,4.961589,7.804841
4.983024,2.893903,4.983024,7.792315
5.004459,2.856342,5.004459,7.780919
5.025895,2.819121,5.025895,7.770682
5.04733,2.782112,5.04733,7.761622
5.068766,2.745184,5.068766,7.753743
5.090201,2.708208,5.090201,7.747039
5.111637,2.671053,5.111637,7.741495
5.133072,2.633593,5.133072,7.737082
5.154508,2.595701,5.154508,7.73376
5.175943,2.557259,5.175943,7.731478
5.197379,2.51815,5.197379,7.730178
5.218814,2.478262,5.218814,7.729788
5.240249,2.43749,5.240249,7.730228
5.261685,2.395738,5.261685,7.731411
5.28312,2.352914,5.28312,7.733239
5.304556,2.308938,5.304556,7.73561
5.325991,2.263735,5.325991,7.738412
5.347427,2.217242,5.347427,7.741529
5.368862,2.169403,5.368862,7.744842
5.390298,2.120173,5.390298,7.748224
5.411733,2.069519,5.411733,7.751545
5.433168,2.017415,5.433168,7.754677
5.454604,1.963848,5.454604,7.757485
5.476039,1.908814,5.476039,7.759837
5.497475,1.852322,5.497475,7.7616
5.51891,1.794387,5.51891,7.762643
5.540346,1.735037,5.540346,7.762836
5.561781,1.67431,5.561781,7.762052
5.583217,1.612252,5.583217,7.76017
5.604652,1.548919,5.604652,7.757068
5.626087,1.484376,5.626087,7.752635
5.647523,1.418695,5.647523,7.746762
5.668958,1.351956,5.668958,7.739349
5.690394,1.284248,5.690394,7.730301
5.711829,1.215664,5.711829,7.71953
5.733265,1.146302,5.733265,7.706958
5.7547,1.076269,5.7547,7.692513
5.776136,1.005673,5.776136,7.676134
5.797571,0.934627,5.797571,7.657766
5.819007,0.863245,5.819007,7.637364
5.840442,0.791646,5.840442,7.614892
5.861877,0.71995,5.861877,7.590323
5.883313,0.648278,5.883313,7.56364
5.904748,0.576749,5.904748,7.534832
5.926184,0.505484,5.926184,7.503901
5.947619,0.434602,5.947619,7.470854
5.969055,0.36422,5.969055,7.43571
5.99049,0.294452,5.99049,7.398493
6.011926,0.225409,6.011926,7.359236
6.033361,0.157202,6.033361,7.31798
6.054796,0.089933,6.054796,7.274772
6.076232,0.023704,6.076232,7.229666
6.097667,-0.041392,6.097667,7.182724
6.119103,-0.105264,6.119103,7.134012
6.140538,-0.16783,6.140538,7.0836
6.161974,-0.229009,6.161974,7.031565
6.183409,-0.288729,6.183409,6.977986
6.204845,-0.346925,6.204845,6.922949
6.22628,-0.403536,6.22628,6.866539
6.247715,-0.45851,6.247715,6.808846
6.269151,-0.5118,6.269151,6.74996
6.290586,-0.563365,6.290586,6.689976
6.312022,-0.613171,6.312022,6.628984
6.333457,-0.6611900000000001,6.333457,6.567082
6.354893,-0.7074009999999999,6.354893,6.504362
6.376328,-0.75179,6.376328,6.44092
6.397764,-0.794349,6.397764,6.376847
6.419199,-0.835075,6.419199,6.312233
6.440635,-0.873968,6.440635,6.247169
6.46207,-0.911038,6.46207,6.18174
6.483505,-0.9462970000000001,6.483505,6.116033
6.504941,-0.9797630000000001,6.504941,6.050128
6.526376,-1.011457,6.526376,5.984105
6.547812,-1.041407,6.547812,5.918039
6.569247,-1.069643,6.569247,5.852003
6.590683,-1.096197,6.590683,5.78606
6.612118,-1.121106,6.612118,5.72028
6.633554,-1.144409,6.633554,5.654719
6.654989,-1.166147,6.654989,5.589435
6.676424,-1.186366,6.676424,5.524478
6.69786,-1.205108,6.69786,5.459896
6.719295,-1.222421,6.719295,5.395731
6.740731,-1.238352,6.740731,5.332025
6.762166,-1.252949,6.762166,5.268808
6.783602,-1.26626,6.783602,5.206115
6.805037,-1.278332,6.805037,5.14397
6.826473,-1.289215,6.826473,5.082396
6.847908,-1.298953,6.847908,5.021411
6.869343,-1.307594,6.869343,4.961034
6.890779,-1.315182,6.890779,4.901277
6.912214,-1.321762,6.912214,4.842148
6.93365,-1.327377,6.93365,4.783655
6.955085,-1.332066,6.955085,4.7258
6.976521,-1.33587,6.976521,4.668587
6.997956,-1.338824,6.997956,4.612012
7.019392,-1.340964,7.019392,4.556076
7.040827,-1.342322,7.040827,4.500772
7.062263,-1.342931,7.062263,4.446097
7.083698,-1.342817,7.083698,4.392042
7.105133,-1.342008,7.105133,4.3386
7.126569,-1.340529,7.126569,4.285763
7.148004,-1.338401,7.148004,4.233523
7.16944,-1.335644,7.16944,4.18187
7.190875,-1.332278,7.190875,4.130795
7.212311,-1.328318,7.212311,4.08029
7.233746,-1.32378,7.233746,4.030346
7.255182,-1.318676,7.255182,3.980954
7.276617,-1.313019,7.276617,3.932108
7.298052,-1.306819,7.298052,3.883801
7.319488,-1.300084,7.319488,3.836027
7.340923,-1.292824,7.340923,3.788781
7.362359,-1.285045,7.362359,3.742059
7.383794,-1.276754,7.383794,3.695858
7.40523,-1.267958,7.40523,3.650176
7.426665,-1.258661,7.426665,3.605013
7.448101,-1.248869,7.448101,3.560367
7.469536,-1.238586,7.469536,3.516241
7.490971,-1.227817,7.490971,3.472637
7.512407,-1.216569,7.512407,3.429559
7.533842,-1.204847,7.533842,3.387012
7.555278,-1.192656,7.555278,3.344997
7.576713,-1.180004,7.576713,3.303524
7.598149,-1.166897,7.598149,3.262598
7.619584,-1.153342,7.619584,3.222224
7.64102,-1.139349,7.64102,3.182413
7.662455,-1.124927,7.662455,3.143168
7.683891,-1.110083,7.683891,3.104501
7.705326,-1.094831,7.705326,3.066417
7.726761,-1.079182,7.726761,3.028927
7.748197,-1.063147,7.748197,2.992036
7.769632,-1.04674,7.769632,2.955752
7.791068,-1.029974,7.791068,2.920083
7.812503,-1.012865,7.812503,2.885036
7.833939,-0.995427,7.833939,2.850616
7.855374,-0.977677,7.855374,2.816831
7.87681,-0.959632,7.87681,2.783684
7.898245,-0.94131,7.898245,2.751182
7.91968,-0.922727,7.91968,2.719325
7.941116,-0.903902,7.941116,2.688116
7.962551,-0.884854,7.962551,2.657559
7.983987,-0.865602,7.983987,2.627653
8.005421999999999,-0.846163,8.005421999999999,2.598397
8.026858000000001,-0.826556,8.026858000000001,2.56979
8.048292999999999,-0.806802,8.048292999999999,2.541831
8.069729000000001,-0.786917,8.069729000000001,2.514515
8.091163999999999,-0.766922,8.091163999999999,2.48784
8.112598999999999,-0.746834,8.112598999999999,2.4618
8.134035000000001,-0.726671,8.134035000000001,2.436389
8.155469999999999,-0.706453,8.155469999999999,2.4116
8.176906000000001,-0.686195,8.176906000000001,2.387424
8.198340999999999,-0.665914,8.198340999999999,2.363853
8.219777000000001,-0.645627,8.219777000000001,2.340879
8.241212000000001,-0.625349,8.241212000000001,2.318489
8.262648,-0.605096,8.262648,2.296675
8.284083000000001,-0.58488,8.284083000000001,2.275424
8.305519,-0.564717,8.305519,2.254724
8.326954000000001,-0.544619,8.326954000000001,2.234562
8.348388999999999,-0.524598,8.348388999999999,2.214926
8.369825000000001,-0.504664,8.369825000000001,2.195801
8.391260000000001,-0.484829,8.391260000000001,2.177173
8.412696,-0.465101,8.412696,2.159029
8.434131000000001,-0.445489,8.434131000000001,2.141355
8.455567,-0.426,8.455567,2.124135
8.477002000000001,-0.406642,8.477002000000001,2.107356
8.498438,-0.38742,8.498438,2.091002
8.519873,-0.36834,8.519873,2.07506
8.541308000000001,-0.349407,8.541308000000001,2.059513
8.562744,-0.330623,8.562744,2.044349
8.584179000000001,-0.311991,8.584179000000001,2.029551
8.605615,-0.293513,8.605615,2.015106
8.627050000000001,-0.27519,8.627050000000001,2.001001
8.648486,-0.257022,8.648486,1.987223
8.669921,-0.23901,8.669921,1.973758
8.691357,-0.221152,8.691357,1.960592
8.712792,-0.203446,8.712792,1.947714
8.734227000000001,-0.18589,8.734227000000001,1.935113
8.755663,-0.168482,8.755663,1.922775
8.777098000000001,-0.151218,8.777098000000001,1.910692
8.798534,-0.134094,8.798534,1.898852
8.819969,-0.117105,8.819969,1.887246
8.841405,-0.100248,8.841405,1.875865
8.86284,-0.08351600000000001,8.86284,1.864701
8.884276,-0.06690500000000001,8.884276,1.853745
8.905711,-0.050409,8.905711,1.842992
8.927147,-0.034022,8.927147,1.832434
8.948582,-0.017738,8.948582,1.822066
8.970017,-0.001551,8.970017,1.811883
8.991453,0.014545,8.991453,1.801882
9.012888,0.030556,9.012888,1.792058
9.034324,0.046488,9.034324,1.782408
9.055759,0.062347,9.055759,1.77293
9.077195,0.078139,9.077195,1.763623
9.09863,0.09387,9.09863,1.754485
9.120066,0.109544,9.120066,1.745517
9.141501,0.125166,9.141501,1.736718
9.162936,0.140741,9.162936,1.728089
9.184372,0.156274,9.184372,1.719631
9.205807,0.171768,9.205807,1.711345
9.227243,0.187227,9.227243,1.703233
9.248678,0.202654,9.248678,1.695298
9.270114,0.218051,9.270114,1.687541
9.291549,0.23342,9.291549,1.679966
9.312984999999999,0.248763,9.312984999999999,1.672575
9.33442,0.264081,9.33442,1.665372
9.355855,0.279375,9.355855,1.65836
9.377291,0.294644,9.377291,1.651541
9.398726,0.309888,9.398726,1.644919
9.420161999999999,0.325105,9.420161999999999,1.638498
9.441597,0.340296,9.441597,1.632279
9.463032999999999,0.355456,9.463032999999999,1.626266
9.484468,0.370584,9.484468,1.620461
9.505903999999999,0.385678,9.505903999999999,1.614866
9.527339,0.400734,9.527339,1.609484
9.548774999999999,0.415749,9.548774999999999,1.604315
9.570209999999999,0.430719,9.570209999999999,1.59936
9.591645,0.445641,9.591645,1.594622
9.613080999999999,0.46051,9.613080999999999,1.5901
9.634516,0.475322,9.634516,1.585795
9.655951999999999,0.490072,9.655951999999999,1.581706
9.677387,0.504756,9.677387,1.577833
9.698823000000001,0.519369,9.698823000000001,1.574174
9.720257999999999,0.533907,9.720257999999999,1.570728
9.741694000000001,0.548365,9.741694000000001,1.567492
9.763128999999999,0.562738,9.763128999999999,1.564464
9.784564,0.577024,9.784564,1.561641
9.805999999999999,0.591216,9.805999999999999,1.559019
9.827434999999999,0.605313,9.827434999999999,1.556596
9.848871000000001,0.619309,9.848871000000001,1.554366
9.870305999999999,0.633202,9.870305999999999,1.552327
9.891742000000001,0.646989,9.891742000000001,1.550473
9.913176999999999,0.660667,9.913176999999999,1.548799
9.934613000000001,0.6742320000000001,9.934613000000001,1.547301
9.956047999999999,0.687685,9.956047999999999,1.545972
9.977482999999999,0.701022,9.977482999999999,1.544809
9.998919000000001,0.714242,9.998919000000001,1.543805
10.020354,0.727345,10.020354,1.542955
10.04179,0.74033,10.04179,1.542252
10.063225,0.753196,10.063225,1.541693
10.084661,0.765945,10.084661,1.54127
10.106096,0.778576,10.106096,1.540979
10.127532,0.791091,10.127532,1.540814
10.148967,0.803491,10.148967,1.54077
10.170403,0.815778,10.170403,1.540841
10.191838,0.827954,10.191838,1.541023
10.213273,0.840021,10.213273,1.541312
10.234709,0.851982,10.234709,1.541702
10.256144,0.8638400000000001,10.256144,1.542191
10.27758,0.875598,10.27758,1.542772
10.299015,0.887258,10.299015,1.543444
10.320451,0.898826,10.320451,1.544203
10.341886,0.910304,10.341886,1.545045
10.363322,0.921697,10.363322,1.545967
10.384757,0.9330079999999999,10.384757,1.546969
10.406192,0.944241,10.406192,1.548046
10.427628,0.9554009999999999,10.427628,1.549199
10.449063,0.966493,10.449063,1.550424
10.470499,0.9775199999999999,10.470499,1.551721
10.491934,0.988487,10.491934,1.55309
10.51337,0.999398,10.51337,1.55453
10.534805,1.010257,10.534805,1.55604
10.556241,1.02107,10.556241,1.557622
10.577676,1.031839,10.577676,1.559275
10.599111,1.042569,10.599111,1.561
10.620547,1.053265,10.620547,1.562798
10.641982,1.06393,10.641982,1.564672
10.663418,1.074569,10.663418,1.566622
10.684853,1.085184,10.684853,1.56865
10.706289,1.095779,10.706289,1.570758
10.727724,1.106359,10.727724,1.572949
10.74916,1.116927,10.74916,1.575226
10.770595,1.127485,10.770595,1.577591
10.792031,1.138037,10.792031,1.580047
10.813466,1.148586,10.813466,1.582598
10.834901,1.159134,10.834901,1.585248
10.856337,1.169683,10.856337,1.588
10.877772,1.180237,10.877772,1.590858
10.899208,1.190797,10.899208,1.593825
10.920643,1.201365,10.920643,1.596907
10.942079,1.211943,10.942079,1.600108
10.963514,1.222532,10.963514,1.603432
10.98495,1.233133,10.98495,1.606884
11.006385,1.243747,11.006385,1.61047
11.02782,1.254376,11.02782,1.614194
11.049256,1.265019,11.049256,1.618061
11.070691,1.275677,11.070691,1.622076
11.092127,1.28635,11.092127,1.626246
11.113562,1.297036,11.113562,1.630577
11.134998,1.307736,11.134998,1.635072
11.156433,1.318449,11.156433,1.639738
11.177869,1.329173,11.177869,1.644582
11.199304,1.339906,11.199304,1.649608
11.220739,1.350648,11.220739,1.654823
11.242175,1.361395,11.242175,1.660233
11.26361,1.372145,11.26361,1.665843
11.285046,1.382895,11.285046,1.67166
11.306481,1.393641,11.306481,1.677689
11.327917,1.404382,11.327917,1.683938
11.349352,1.415111,11.349352,1.69041
11.370788,1.425825,11.370788,1.697113
11.392223,1.436519,11.392223,1.704053
11.413659,1.447188,11.413659,1.711234
11.435094,1.457827,11.435094,1.718662
11.456529,1.46843,11.456529,1.726343
11.477965,1.47899,11.477965,1.734282
11.4994,1.489501,11.4994,1.742484
11.520836,1.499956,11.520836,1.750954
11.542271,1.510347,11.542271,1.759697
11.563707,1.520668,11.563707,1.768716
11.585142,1.53091,11.585142,1.778016
11.606578,1.541065,11.606578,1.7876
11.628013,1.551124,11.628013,1.797472
11.649448,1.561078,11.649448,1.807635
11.670884,1.570919,11.670884,1.818092
11.692319,1.580636,11.692319,1.828846
11.713755,1.590221,11.713755,1.839898
11.73519,1.599662,11.73519,1.85125
11.756626,1.60895,11.756626,1.862903
11.778061,1.618074,11.778061,1.874857
11.799497,1.627024,11.799497,1.887114
11.820932,1.635789,11.820932,1.899673
11.842367,1.644358,11.842367,1.912534
11.863803,1.652719,11.863803,1.925694
11.885238,1.660862,11.885238,1.939154
11.906674,1.668774,11.906674,1.952909
11.928109,1.676446,11.928109,1.966959
11.949545,1.683863,11.949545,1.981298
11.97098,1.691017,11.97098,1.995924
11.992416,1.697893,11.992416,2.010832
12.013851,1.704483,12.013851,2.026016
12.035287,1.710773,12.035287,2.041471
12.056722,1.716752,12.056722,2.057192
12.078157,1.722409,12.078157,2.07317
12.099593,1.727734,12.099593,2.089398
12.121028,1.732714,12.121028,2.105869
12.142464,1.737339,12.142464,2.122573
12.163899,1.741598,12.163899,2.139501
12.185335,1.745482,12.185335,2.156641
12.20677,1.748981,12.20677,2.173985
12.228206,1.752084,12.228206,2.191521
12.249641,1.754783,12.249641,2.209234
12.271076,1.757068,12.271076,2.227114
12.292512,1.758933,12.292512,2.245147
12.313947,1.76037,12.313947,2.263318
12.335383,1.761371,12.335383,2.281612
12.356818,1.761931,12.356818,2.300015
12.378254,1.762044,12.378254,2.31851
12.399689,1.761706,12.399689,2.337082
12.421125,1.760912,12.421125,2.355713
12.44256,1.75966,12.44256,2.374386
12.463995,1.757949,12.463995,2.393084
12.485431,1.755776,12.485431,2.411788
12.506866,1.753142,12.506866,2.430481
12.528302,1.750049,12.528302,2.449144
12.549737,1.746499,12.549737,2.467759
12.571173,1.742495,12.571173,2.486307
12.592608,1.738041,12.592608,2.504771
12.614044,1.733144,12.614044,2.523131
12.635479,1.72781,12.635479,2.54137
12.656915,1.722047,12.656915,2.55947
12.67835,1.715865,12.67835,2.577414
12.699785,1.709275,12.699785,2.595185
12.721221,1.702287,12.721221,2.612768
12.742656,1.694915,12.742656,2.630147
12.764092,1.687173,12.764092,2.647308
12.785527,1.679075,12.785527,2.664237
12.806963,1.670637,12.806963,2.680922
12.828398,1.661876,12.828398,2.697352
12.849834,1.65281,12.849834,2.713518
12.871269,1.643458,12.871269,2.729409
12.892704,1.633836,12.892704,2.74502
12.91414,1.623966,12.91414,2.760345
12.935575,1.613867,12.935575,2.775378
12.957011,1.60356,12.957011,2.790118
12.978446,1.593064,12.978446,2.804564
12.999882,1.582401,12.999882,2.818716
13.021317,1.571591,13.021317,2.832577
13.042753,1.560654,13.042753,2.846151
13.064188,1.549609,13.064188,2.859444
13.085623,1.538477,13.085623,2.872463
13.107059,1.527275,13.107059,2.885219
13.128494,1.516023,13.128494,2.89772
13.14993,1.504736,13.14993,2.909981
13.171365,1.493431,13.171365,2.922014
13.192801,1.482122,13.192801,2.933836
13.214236,1.470824,13.214236,2.945463
13.235672,1.459549,13.235672,2.956913
13.257107,1.448306,13.257107,2.968206
13.278543,1.437105,13.278543,2.979361
13.299978,1.425954,13.299978,2.9904
13.321413,1.414857,13.321413,3.001346
13.342849,1.403818,13.342849,3.01222
13.364284,1.392839,13.364284,3.023046
13.38572,1.381919,13.38572,3.033846
13.407155,1.371056,13.407155,3.044646
13.428591,1.360245,13.428591,3.055468
13.450026,1.349479,13.450026,3.066335
13.471462,1.33875,13.471462,3.077271
13.492897,1.328046,13.492897,3.088298
13.514332,1.317356,13.514332,3.099437
13.535768,1.306664,13.535768,3.110711
13.557203,1.295953,13.557203,3.122137
13.578639,1.285205,13.578639,3.133735
13.600074,1.2744,13.600074,3.145523
13.62151,1.263514,13.62151,3.157515
13.642945,1.252524,13.642945,3.169727
13.664381,1.241406,13.664381,3.182169
13.685816,1.230132,13.685816,3.194854
13.707252,1.218675,13.707252,3.207787
13.728687,1.207005,13.728687,3.220977
13.750122,1.195093,13.750122,3.234426
13.771558,1.182908,13.771558,3.248135
13.792993,1.170419,13.792993,3.262104
13.814429,1.157596,13.814429,3.27633
13.835864,1.144405,13.835864,3.290804
13.8573,1.130815,13.8573,3.305521
13.878735,1.116795,13.878735,3.320466
13.900171,1.102314,13.900171,3.335628
13.921606,1.087341,13.921606,3.350988
13.943041,1.071846,13.943041,3.36653
13.964477,1.055801,13.964477,3.38223
13.985912,1.039178,13.985912,3.398064
14.007348,1.02195,14.007348,3.414007
14.028783,1.004094,14.028783,3.43003
14.050219,0.985585,14.050219,3.446102
14.071654,0.966402,14.071654,3.462191
14.09309,0.946526,14.09309,3.478261
14.114525,0.92594,14.114525,3.494276
14.13596,0.90463,14.13596,3.510199
14.157396,0.882582,14.157396,3.525989
14.178831,0.859788,14.178831,3.541606
14.200267,0.836238,14.200267,3.557009
14.221702,0.81193,14.221702,3.572155
14.243138,0.786861,14.243138,3.587
14.264573,0.761031,14.264573,3.601502
14.286009,0.734445,14.286009,3.615616
14.307444,0.707109,14.307444,3.629299
14.32888,0.679033,14.32888,3.642507
14.350315,0.650228,14.350315,3.655196
14.37175,0.620709,14.37175,3.667326
14.393186,0.590494,14.393186,3.678853
14.414621,0.559604,14.414621,3.689737
14.436057,0.52806,14.436057,3.69994
14.457492,0.495888,14.457492,3.709423
14.478928,0.463116,14.478928,3.71815
14.500363,0.429771,14.500363,3.726087
14.521799,0.395887,14.521799,3.7332
14.543234,0.361497,14.543234,3.739459
14.564669,0.326635,14.564669,3.744836
14.586105,0.291338,14.586105,3.749304
14.60754,0.255645,14.60754,3.75284
14.628976,0.219594,14.628976,3.755421
14.650411,0.183225,14.650411,3.757029
14.671847,0.14658,14.671847,3.757647
14.693282,0.109699,14.693282,3.757261
14.714718,0.072625,14.714718,3.755859
14.736153,0.0354,14.736153,3.753431
14.757588,-0.001933,14.757588,3.749971
14.779024,-0.039333,14.779024,3.745475
14.800459,-0.07675700000000001,14.800459,3.739939
14.821895,-0.114164,14.821895,3.733364
14.84333,-0.151511,14.84333,3.725751
14.864766,-0.188759,14.864766,3.717106
14.886201,-0.225868,14.886201,3.707433
14.907637,-0.262797,14.907637,3.696741
14.929072,-0.299509,14.929072,3.685039
14.950508,-0.335966,14.950508,3.672339
14.971943,-0.372132,14.971943,3.658652
14.993378,-0.407971,14.993378,3.643994
15.014814,-0.443448,15.014814,3.62838
15.036249,-0.478531,15.036249,3.611825
15.057685,-0.513186,15.057685,3.594348
15.07912,-0.547382,15.07912,3.575967
15.100556,-0.58109,15.100556,3.556702
15.121991,-0.614278,15.121991,3.536573
15.143427,-0.6469200000000001,15.143427,3.515601
15.164862,-0.678988,15.164862,3.493808
15.186297,-0.7104549999999999,15.186297,3.471217
15.207733,-0.741295,15.207733,3.447852
15.229168,-0.771485,15.229168,3.423735
15.250604,-0.800999,15.250604,3.398892
15.272039,-0.829816,15.272039,3.373347
15.293475,-0.857912,15.293475,3.347127
15.31491,-0.885267,15.31491,3.320257
15.336346,-0.911859,15.336346,3.292766
15.357781,-0.937669,15.357781,3.264681
15.379216,-0.962677,15.379216,3.23603
15.400652,-0.986866,15.400652,3.206842
15.422087,-1.010218,15.422087,3.177148
15.443523,-1.032717,15.443523,3.146979
15.464958,-1.054346,15.464958,3.116365
15.486394,-1.075092,15.486394,3.085339
15.507829,-1.094941,15.507829,3.053935
15.529265,-1.113879,15.529265,3.022186
15.5507,-1.131897,15.5507,2.990127
15.572136,-1.148985,15.572136,2.957795
15.593571,-1.165132,15.593571,2.925224
15.615006,-1.180334,15.615006,2.892454
15.636442,-1.194583,15.636442,2.859521
15.657877,-1.207877,15.657877,2.826464
15.679313,-1.220212,15.679313,2.793322
15.700748,-1.23159,15.700748,2.760134
15.722184,-1.24201,15.722184,2.726941
15.743619,-1.251478,15.743619,2.693782
15.765055,-1.259997,15.765055,2.660698
15.78649,-1.267577,15.78649,2.627728
15.807925,-1.274226,15.807925,2.594913
15.829361,-1.279956,15.829361,2.562293
15.850796,-1.284782,15.850796,2.529907
15.872232,-1.28872,15.872232,2.497793
15.893667,-1.291787,15.893667,2.465989
15.915103,-1.294005,15.915103,2.434532
15.936538,-1.295395,15.936538,2.403459
15.957974,-1.295983,15.957974,2.372802
15.979409,-1.295795,15.979409,2.342596
16.000844,-1.294859,16.000844,2.312871
16.02228,-1.293205,16.02228,2.283657
16.043715,-1.290864,16.043715,2.254982
16.065151,-1.287871,16.065151,2.226873
16.086586,-1.284259,16.086586,2.199352
16.108022,-1.280065,16.108022,2.17244
16.129457,-1.275325,16.129457,2.146157
16.150893,-1.270078,16.150893,2.120518
16.172328,-1.26436,16.172328,2.095539
16.193764,-1.258212,16.193764,2.07123
16.215199,-1.251672,16.215199,2.047601
16.236634,-1.244779,16.236634,2.024657
16.25807,-1.237574,16.25807,2.002403
16.279505,-1.230094,16.279505,1.98084
16.300941,-1.22238,16.300941,1.959967
16.322376,-1.214468,16.322376,1.939779
16.343812,-1.206396,16.343812,1.920272
16.365247,-1.198201,16.365247,1.901435
16.386683,-1.189917,16.386683,1.88326
16.408118,-1.181579,16.408118,1.865733
16.429553,-1.173219,16.429553,1.84884
16.450989,-1.164869,16.450989,1.832564
16.472424,-1.156558,16.472424,1.816887
16.49386,-1.148314,16.49386,1.80179
16.515295,-1.140164,16.515295,1.787251
16.536731,-1.132131,16.536731,1.773247
16.558166,-1.124237,16.558166,1.759757
16.579602,-1.116504,16.579602,1.746754
16.601037,-1.108949,16.601037,1.734215
16.622472,-1.101588,16.622472,1.722113
16.643908,-1.094437,16.643908,1.710423
16.665343,-1.087507,16.665343,1.699118
16.686779,-1.08081,16.686779,1.688172
16.708214,-1.074352,16.708214,1.677559
16.72965,-1.068141,16.72965,1.667254
16.751085,-1.062183,16.751085,1.65723
16.772521,-1.056479,16.772521,1.647462
16.793956,-1.051031,16.793956,1.637926
16.815392,-1.04584,16.815392,1.628598
16.836827,-1.040903,16.836827,1.619454
16.858262,-1.036218,16.858262,1.610473
16.879698,-1.03178,16.879698,1.601633
16.901133,-1.027584,16.901133,1.592915
16.922569,-1.023624,16.922569,1.584299
16.944004,-1.019891,16.944004,1.575768
16.96544,-1.016377,16.96544,1.567304
16.986875,-1.013074,16.986875,1.558893
17.008311,-1.009972,17.008311,1.550521
17.029746,-1.00706,17.029746,1.542173
17.051181,-1.004329,17.051181,1.533839
17.072617,-1.001768,17.072617,1.525508
17.094052,-0.9993649999999999,17.094052,1.517171
17.115488,-0.997109,17.115488,1.508819
17.136923,-0.99499,17.136923,1.500445
17.158359,-0.992997,17.158359,1.492044
17.179794,-0.9911180000000001,17.179794,1.483611
17.20123,-0.989344,17.20123,1.47514
17.222665,-0.987663,17.222665,1.46663
17.2441,-0.986067,17.2441,1.458077
17.265536,-0.984545,17.265536,1.449481
17.286971,-0.983089,17.286971,1.440841
17.308407,-0.981689,17.308407,1.432156
17.329842,-0.980339,17.329842,1.423426
17.351278,-0.979029,17.351278,1.414654
17.372713,-0.977753,17.372713,1.405839
17.394149,-0.976506,17.394149,1.396984
17.415584,-0.97528,17.415584,1.388091
17.43702,-0.97407,17.43702,1.379161
17.458455,-0.972872,17.458455,1.370198
17.47989,-0.971681,17.47989,1.361204
17.501326,-0.9704930000000001,17.501326,1.352181
17.522761,-0.969305,17.522761,1.343131
17.544197,-0.968114,17.544197,1.334058
17.565632,-0.9669180000000001,17.565632,1.324964
17.587068,-0.965714,17.587068,1.315851
17.608503,-0.9645,17.608503,1.306722
17.629939,-0.963275,17.629939,1.297578
17.651374,-0.9620379999999999,17.651374,1.288422
17.672809,-0.9607869999999999,17.672809,1.279255
17.694245,-0.959524,17.694245,1.270078
17.71568,-0.958245,17.71568,1.260894
17.737116,-0.956952,17.737116,1.251703
17.758551,-0.955644,17.758551,1.242506
17.779987,-0.954322,17.779987,1.233304
17.801422,-0.952983,17.801422,1.224096
17.822858,-0.95163,17.822858,1.214883
17.844293,-0.950261,17.844293,1.205666
17.865728,-0.9488760000000001,17.865728,1.196443
17.887164,-0.947476,17.887164,1.187215
17.908599,-0.94606,17.908599,1.177981
17.930035,-0.944627,17.930035,1.16874
17.95147,-0.943177,17.95147,1.159491
17.972906,-0.94171,17.972906,1.150234
17.994341,-0.940225,17.994341,1.140968
18.015777,-0.938721,18.015777,1.131692
18.037212,-0.9371969999999999,18.037212,1.122403
18.058648,-0.935652,18.058648,1.113102
18.080083,-0.934086,18.080083,1.103787
18.101518,-0.932495,18.101518,1.094457
18.122954,-0.930879,18.122954,1.085111
18.144389,-0.929237,18.144389,1.075748
18.165825,-0.927566,18.165825,1.066366
18.18726,-0.925864,18.18726,1.056965
18.208696,-0.924129,18.208696,1.047544
18.230131,-0.92236,18.230131,1.038103
18.251567,-0.920553,18.251567,1.02864
18.273002,-0.918706,18.273002,1.019156
18.294437,-0.916818,18.294437,1.009649
18.315873,-0.914884,18.315873,1.000121
18.337308,-0.912903,18.337308,0.99057
18.358744,-0.910872,18.358744,0.980997
18.380179,-0.908787,18.380179,0.971402
18.401615,-0.906648,18.401615,0.9617869999999999
18.42305,-0.90445,18.42305,0.9521500000000001
18.444486,-0.902191,18.444486,0.9424940000000001
18.465921,-0.899868,18.465921,0.932819
18.487356,-0.897478,18.487356,0.923126
18.508792,-0.895019,18.508792,0.913417
18.530227,-0.8924879999999999,18.530227,0.903693
18.551663,-0.889882,18.551663,0.893957
18.573098,-0.887199,18.573098,0.884209
18.594534,-0.884436,18.594534,0.874452
18.615969,-0.881591,18.615969,0.864689
18.637405,-0.8786620000000001,18.637405,0.854921
18.65884,-0.875646,18.65884,0.845151
18.680276,-0.872542,18.680276,0.835382
18.701711,-0.869347,18.701711,0.825616
18.723146,-0.8660600000000001,18.723146,0.8158570000000001
18.744582,-0.862679,18.744582,0.806107
18.766017,-0.8592030000000001,18.766017,0.7963710000000001
18.787453,-0.855631,18.787453,0.78665
18.808888,-0.8519600000000001,18.808888,0.776948
18.830324,-0.848191,18.830324,0.767269
18.851759,-0.844322,18.851759,0.757617
18.873195,-0.840353,18.873195,0.747994
18.89463,-0.836284,18.89463,0.738405
18.916065,-0.832114,18.916065,0.728854
18.937501,-0.827843,18.937501,0.719342
18.958936,-0.823472,18.958936,0.709876
18.980372,-0.819001,18.980372,0.700458
19.001807,-0.81443,19.001807,0.691092
19.023243,-0.80976,19.023243,0.681781
19.044678,-0.804992,19.044678,0.67253
19.066114,-0.800128,19.066114,0.663341
19.087549,-0.795168,19.087549,0.654219
19.108984,-0.790115,19.108984,0.645167
19.13042,-0.784969,19.13042,0.6361869999999999
19.151855,-0.779734,19.151855,0.627284
19.173291,-0.77441,19.173291,0.618461
19.194726,-0.769001,19.194726,0.60972
19.216162,-0.763508,19.216162,0.601065
19.237597,-0.757935,19.237597,0.592498
19.259033,-0.752283,19.259033,0.584021
19.280468,-0.746556,19.280468,0.575638
19.301904,-0.740756,19.301904,0.56735
19.323339,-0.734887,19.323339,0.55916
19.344774,-0.728952,19.344774,0.5510699999999999
19.36621,-0.722953,19.36621,0.54308
19.387645,-0.7168949999999999,19.387645,0.535193
19.409081,-0.71078,19.409081,0.527411
19.430516,-0.704612,19.430516,0.519733
19.451952,-0.698394,19.451952,0.512162
19.473387,-0.69213,19.473387,0.504698
19.494823,-0.685823,19.494823,0.497341
19.516258,-0.679476,19.516258,0.490092
19.537693,-0.673092,19.537693,0.482951
19.559129,-0.666676,19.559129,0.475919
19.580564,-0.66023,19.580564,0.468994
19.602,-0.653757,19.602,0.462176
19.623435,-0.647261,19.623435,0.455466
19.644871,-0.640744,19.644871,0.448862
19.666306,-0.6342100000000001,19.666306,0.442363
19.687742,-0.6276620000000001,19.687742,0.435969
19.709177,-0.621101,19.709177,0.429679
19.730612,-0.614532,19.730612,0.423491
19.752048,-0.607955,19.752048,0.417403
19.773483,-0.601375,19.773483,0.411415
19.794919,-0.594792,19.794919,0.405526
19.816354,-0.588209,19.816354,0.399733
19.83779,-0.581628,19.83779,0.394034
19.859225,-0.575051,19.859225,0.388429
19.880661,-0.56848,19.880661,0.382916
19.902096,-0.561916,19.902096,0.377492
19.923532,-0.55536,19.923532,0.372156
19.944967,-0.548814,19.944967,0.366906
19.966402,-0.54228,19.966402,0.361741
19.987838,-0.535757,19.987838,0.356659
20.009273,-0.5292480000000001,20.009273,0.351658
20.030709,-0.522753,20.030709,0.346737
20.052144,-0.516273,20.052144,0.341893
20.07358,-0.509808,20.07358,0.337126
20.095015,-0.503359,20.095015,0.332433
20.116451,-0.496927,20.116451,0.327813
20.137886,-0.490512,20.137886,0.323265
20.159321,-0.484115,20.159321,0.318788
20.180757,-0.477735,20.180757,0.314379
20.202192,-0.471373,20.202192,0.310038
20.223628,-0.465029,20.223628,0.305764
20.245063,-0.458704,20.245063,0.301555
20.266499,-0.452397,20.266499,0.29741
20.287934,-0.446109,20.287934,0.293329
20.30937,-0.439839,20.30937,0.289311
20.330805,-0.433588,20.330805,0.285354
20.35224,-0.427356,20.35224,0.281457
20.373676,-0.421144,20.373676,0.277621
20.395111,-0.41495,20.395111,0.273844
20.416547,-0.408775,20.416547,0.270126
20.437982,-0.40262,20.437982,0.266465
20.459418,-0.396484,20.459418,0.262863
20.480853,-0.390368,20.480853,0.259316
20.502289,-0.384272,20.502289,0.255827
20.523724,-0.378196,20.523724,0.252392
20.54516,-0.372141,20.54516,0.249013
20.566595,-0.366105,20.566595,0.245689
20.58803,-0.360091,20.58803,0.242419
20.609466,-0.354098,20.609466,0.239203
20.630901,-0.348126,20.630901,0.23604
20.652337,-0.342176,20.652337,0.232929
20.673772,-0.336249,20.673772,0.229871
20.695208,-0.330344,20.695208,0.226865
20.716643,-0.324461,20.716643,0.22391
20.738079,-0.318603,20.738079,0.221005
20.759514,-0.312768,20.759514,0.21815
20.780949,-0.306957,20.780949,0.215345
20.802385,-0.30117,20.802385,0.212589
20.82382,-0.295409,20.82382,0.20988
20.845256,-0.289673,20.845256,0.207219
20.866691,-0.283963,20.866691,0.204605
20.888127,-0.278279,20.888127,0.202036
20.909562,-0.272622,20.909562,0.199512
20.930998,-0.266991,20.930998,0.197033
20.952433,-0.261388,20.952433,0.194597
20.973868,-0.255812,20.973868,0.192204
20.995304,-0.250263,20.995304,0.189853
21.016739,-0.244743,21.016739,0.187543
21.038175,-0.239251,21.038175,0.185273
21.05961,-0.233786,21.05961,0.183042
21.081046,-0.22835,21.081046,0.180849
21.102481,-0.222943,21.102481,0.178694
21.123917,-0.217564,21.123917,0.176575
21.145352,-0.212213,21.145352,0.174491
21.166788,-0.206891,21.166788,0.172443
21.188223,-0.201597,21.188223,0.170428
21.209658,-0.196331,21.209658,0.168446
21.231094,-0.191093,21.231094,0.166497
21.252529,-0.185883,21.252529,0.164578
21.273965,-0.180701,21.273965,0.16269
21.2954,-0.175546,21.2954,0.160832
21.316836,-0.170418,21.316836,0.159003
21.338271,-0.165317,21.338271,0.157202
21.359707,-0.160242,21.359707,0.155429
21.381142,-0.155194,21.381142,0.153682
21.402577,-0.150171,21.402577,0.151962
21.424013,-0.145173,21.424013,0.150268
21.445448,-0.1402,21.445448,0.148599
21.466884,-0.135252,21.466884,0.146955
21.488319,-0.130328,21.488319,0.145335
21.509755,-0.125427,21.509755,0.143739
21.53119,-0.12055,21.53119,0.142167
21.552626,-0.115695,21.552626,0.140618
21.574061,-0.110863,21.574061,0.139092
21.595496,-0.106053,21.595496,0.137588
21.616932,-0.101265,21.616932,0.136107
21.638367,-0.096498,21.638367,0.134648
21.659803,-0.091752,21.659803,0.133211
21.681238,-0.08702600000000001,21.681238,0.131796
21.702674,-0.08232100000000001,21.702674,0.130403
21.724109,-0.077636,21.724109,0.129032
21.745545,-0.07297099999999999,21.745545,0.127682
21.76698,-0.068325,21.76698,0.126353
21.788416,-0.06369900000000001,21.788416,0.125046
21.809851,-0.059092,21.809851,0.12376
21.831286,-0.054505,21.831286,0.122495
21.852722,-0.049936,21.852722,0.121252
21.874157,-0.045386,21.874157,0.120029
21.895593,-0.040854,21.895593,0.118828
21.917028,-0.036341,21.917028,0.117648
21.938464,-0.031847,21.938464,0.116488
21.959899,-0.027371,21.959899,0.11535
21.981335,-0.022914,21.981335,0.114232
22.00277,-0.018475,22.00277,0.113134
22.024205,-0.014055,22.024205,0.112057
22.045641,-0.009653,22.045641,0.111001
22.067076,-0.00527,22.067076,0.109964
22.088512,-0.000905,22.088512,0.108948
22.109947,0.003441,22.109947,0.107951
22.131383,0.007769,22.131383,0.106974
22.152818,0.012078,22.152818,0.106017
22.174254,0.016369,22.174254,0.105079
22.195689,0.020642,22.195689,0.104159
22.217124,0.024896,22.217124,0.103259
22.23856,0.029132,22.23856,0.102377
22.259995,0.033349,22.259995,0.101514
22.281431,0.037548,22.281431,0.100668
22.302866,0.041728,22.302866,0.099841
22.324302,0.045891,22.324302,0.09903099999999999
22.345737,0.050035,22.345737,0.09823900000000001
22.367173,0.054161,22.367173,0.097464
22.388608,0.058269,22.388608,0.096706
22.410044,0.062359,22.410044,0.09596499999999999
22.431479,0.066431,22.431479,0.09524100000000001
22.452914,0.07048599999999999,22.452914,0.09453300000000001
22.47435,0.07452300000000001,22.47435,0.09384199999999999
22.495785,0.078542,22.495785,0.093167
22.517221,0.08254300000000001,22.517221,0.09250800000000001
22.538656,0.08652700000000001,22.538656,0.091865
22.560092,0.090493,22.560092,0.091238
22.581527,0.094442,22.581527,0.090627
22.602963,0.098373,22.602963,0.090031
22.624398,0.102287,22.624398,0.089451
22.645833,0.106183,22.645833,0.08888600000000001
22.667269,0.110061,22.667269,0.088337
22.688704,0.113922,22.688704,0.08780300000000001
22.71014,0.117765,22.71014,0.087284
22.731575,0.12159,22.731575,0.08678
22.753011,0.125397,22.753011,0.08629100000000001
22.774446,0.129186,22.774446,0.085817
22.795882,0.132956,22.795882,0.085357
22.817317,0.136708,22.817317,0.084912
22.838753,0.14044,22.838753,0.084481
22.860188,0.144154,22.860188,0.084063
22.881623,0.147848,22.881623,0.08366
22.903059,0.151522,22.903059,0.083269
22.924494,0.155176,22.924494,0.08289100000000001
22.94593,0.15881,22.94593,0.082525
22.967365,0.162423,22.967365,0.08217099999999999
22.988801,0.166016,22.988801,0.081828
23.010236,0.169587,23.010236,0.081496
23.031672,0.173137,23.031672,0.081173
23.053107,0.176665,23.053107,0.08086
23.074542,0.180171,23.074542,0.080554
23.095978,0.183656,23.095978,0.08025599999999999
23.117413,0.187118,23.117413,0.07996499999999999
23.138849,0.190559,23.138849,0.079679
23.160284,0.193977,23.160284,0.079398
23.18172,0.197373,23.18172,0.07912
23.203155,0.200747,23.203155,0.078844
23.224591,0.2041,23.224591,0.078569
23.246026,0.207431,23.246026,0.078294
23.267461,0.210741,23.267461,0.078018
23.288897,0.214031,23.288897,0.077739
23.310332,0.217301,23.310332,0.077456
23.331768,0.220551,23.331768,0.077169
23.353203,0.223784,23.353203,0.076874
23.374639,0.226998,23.374639,0.076572
23.396074,0.230196,23.396074,0.076261
23.41751,0.233378,23.41751,0.07593999999999999
23.438945,0.236547,23.438945,0.07560799999999999
23.460381,0.239702,23.460381,0.075263
23.481816,0.242845,23.481816,0.074905
23.503251,0.245978,23.503251,0.074532
23.524687,0.249103,23.524687,0.074143
23.546122,0.252221,23.546122,0.073739
23.567558,0.255334,23.567558,0.07331699999999999
23.588993,0.258443,23.588993,0.072877
23.610429,0.261552,23.610429,0.072419
23.631864,0.264661,23.631864,0.07194200000000001
23.6533,0.267772,23.6533,0.07144499999999999
23.674735,0.270889,23.674735,0.07092900000000001
23.69617,0.274013,23.69617,0.070393
23.717606,0.277147,23.717606,0.069838
23.739041,0.280292,23.739041,0.06926300000000001
23.760477,0.283451,23.760477,0.06866899999999999
23.781912,0.286627,23.781912,0.06805600000000001
23.803348,0.289821,23.803348,0.067424
23.824783,0.293036,23.824783,0.066775
23.846219,0.296274,23.846219,0.066109
23.867654,0.299538,23.867654,0.065427
23.889089,0.30283,23.889089,0.06473
23.910525,0.306152,23.910525,0.06401900000000001
23.93196,0.309507,23.93196,0.06329600000000001
23.953396,0.312897,23.953396,0.06256200000000001
23.974831,0.316323,23.974831,0.061819
23.996267,0.319789,23.996267,0.061068
24.017702,0.323296,24.017702,0.060312
24.039138,0.326846,24.039138,0.059552
24.060573,0.330442,24.060573,0.058791
24.082009,0.334085,24.082009,0.05803
24.103444,0.337776,24.103444,0.057273
24.124879,0.341518,24.124879,0.056521
24.146315,0.345313,24.146315,0.055777
24.16775,0.349161,24.16775,0.055045
24.189186,0.353065,24.189186,0.054326
24.210621,0.357026,24.210621,0.053623
24.232057,0.361045,24.232057,0.052941
24.253492,0.365123,24.253492,0.052281
24.274928,0.369262,24.274928,0.051647
24.296363,0.373461,24.296363,0.051043
24.317798,0.377723,24.317798,0.050472
24.339234,0.382048,24.339234,0.049937
24.360669,0.386437,24.360669,0.049443
24.382105,0.390889,24.382105,0.048992
24.40354,0.395406,24.40354,0.048589
24.424976,0.399988,24.424976,0.048238
24.446411,0.404634,24.446411,0.047943
24.467847,0.409344,24.467847,0.047707
24.489282,0.414118,24.489282,0.047536
24.510717,0.418956,24.510717,0.047434
24.532153,0.423856,24.532153,0.047404
24.553588,0.428818,24.553588,0.047452
24.575024,0.433841,24.575024,0.047582
24.596459,0.438924,24.596459,0.047799
24.617895,0.444064,24.617895,0.048107
24.63933,0.44926,24.63933,0.048511
24.660766,0.454509,24.660766,0.049015
24.682201,0.459811,24.682201,0.049626
24.703637,0.46516,24.703637,0.050347
24.725072,0.470556,24.725072,0.051184
24.746507,0.475993,24.746507,0.05214
24.767943,0.48147,24.767943,0.053221
24.789378,0.486981,24.789378,0.054432
24.810814,0.492523,24.810814,0.055776
24.832249,0.498091,24.832249,0.05726
24.853685,0.50368,24.853685,0.058885
24.87512,0.509285,24.87512,0.060658
24.896556,0.5149,24.896556,0.062582
24.917991,0.520519,24.917991,0.06466
24.939426,0.526136,24.939426,0.066897
24.960862,0.531744,24.960862,0.069295
24.982297,0.537337,24.982297,0.07185800000000001
25.003733,0.542907,25.003733,0.074588
25.025168,0.548446,25.025168,0.077486
25.046604,0.553947,25.046604,0.080556
25.068039,0.559402,25.068039,0.083798
25.089475,0.564802,25.089475,0.087214
25.11091,0.570139,25.11091,0.09080299999999999
25.132345,0.575403,25.132345,0.094566
25.153781,0.580587,25.153781,0.09850200000000001
25.175216,0.585682,25.175216,0.10261
25.196652,0.590677,25.196652,0.106888
25.218087,0.595565,25.218087,0.111333
25.239523,0.600336,25.239523,0.115943
25.260958,0.604982,25.260958,0.120714
25.282394,0.609493,25.282394,0.125642
25.303829,0.61386,25.303829,0.130722
25.325265,0.618076,25.325265,0.135948
25.3467,0.622132,25.3467,0.141315
25.368135,0.62602,25.368135,0.146814
25.389571,0.629733,25.389571,0.15244
25.411006,0.633264,25.411006,0.158183
25.432442,0.636605,25.432442,0.164036
25.453877,0.639751,25.453877,0.16999
25.475313,0.642696,25.475313,0.176034
25.496748,0.645435,25.496748,0.182159
25.518184,0.647964,25.518184,0.188355
25.539619,0.6502790000000001,25.539619,0.194611
25.561054,0.652377,25.561054,0.200915
25.58249,0.6542559999999999,25.58249,0.207257
25.603925,0.655915,25.603925,0.213625
25.625361,0.657352,25.625361,0.220007
25.646796,0.658568,25.646796,0.226391
25.668232,0.659564,25.668232,0.232767
25.689667,0.660341,25.689667,0.239122
25.711103,0.660903,25.711103,0.245444
25.732538,0.661252,25.732538,0.251724
25.753973,0.661393,25.753973,0.257949
25.775409,0.661331,25.775409,0.264109
25.796844,0.66107,25.796844,0.270194
25.81828,0.660619,25.81828,0.276194
25.839715,0.659983,25.839715,0.2821
25.861151,0.65917,25.861151,0.287903
25.882586,0.6581900000000001,25.882586,0.293596
25.904022,0.657049,25.904022,0.29917
25.925457,0.655759,25.925457,0.30462
25.946893,0.654327,25.946893,0.30994
25.968328,0.652766,25.968328,0.315125
25.989763,0.651084,25.989763,0.320171
26.011199,0.649292,26.011199,0.325075
26.032634,0.647402,26.032634,0.329834
26.05407,0.645423,26.05407,0.334447
26.075505,0.643366,26.075505,0.338914
26.096941,0.641243,26.096941,0.343234
26.118376,0.639063,26.118376,0.34741
26.139812,0.636837,26.139812,0.351444
26.161247,0.634576,26.161247,0.355338
26.182682,0.632288,26.182682,0.359096
26.204118,0.629982,26.204118,0.362724
26.225553,0.627669,26.225553,0.366226
26.246989,0.625355,26.246989,0.369609
26.268424,0.623048,26.268424,0.372879
26.28986,0.620756,26.28986,0.376044
26.311295,0.618484,26.311295,0.379112
26.332731,0.616239,26.332731,0.382092
26.354166,0.614024,26.354166,0.384992
26.375601,0.6118440000000001,26.375601,0.387821
26.397037,0.609702,26.397037,0.39059
26.418472,0.6076,26.418472,0.393308
26.439908,0.605539,26.439908,0.395985
26.461343,0.603519,26.461343,0.398632
26.482779,0.601541,26.482779,0.401258
26.504214,0.599603,26.504214,0.403873
26.52565,0.597703,26.52565,0.406488
26.547085,0.595837,26.547085,0.409113
26.568521,0.594001,26.568521,0.411757
26.589956,0.59219,26.589956,0.414428
26.611391,0.590399,26.611391,0.417137
26.632827,0.5886209999999999,26.632827,0.419891
26.654262,0.586848,26.654262,0.422697
26.675698,0.585073,26.675698,0.425564
26.697133,0.583286,26.697133,0.428498
26.718569,0.581479,26.718569,0.431504
26.740004,0.57964,26.740004,0.434588
26.76144,0.577759,26.76144,0.437753
26.782875,0.575825,26.782875,0.441004
26.80431,0.5738259999999999,26.80431,0.444341
26.825746,0.571751,26.825746,0.447767
26.847181,0.569586,26.847181,0.451282
26.868617,0.567319,26.868617,0.454886
26.890052,0.5649380000000001,26.890052,0.458576
26.911488,0.562429,26.911488,0.462349
26.932923,0.5597800000000001,26.932923,0.466202
26.954359,0.556978,26.954359,0.47013
26.975794,0.554009,26.975794,0.474125
26.997229,0.550863,26.997229,0.478181
27.018665,0.547527,27.018665,0.482288
27.0401,0.543988,27.0401,0.486438
27.061536,0.540237,27.061536,0.490619
27.082971,0.536262,27.082971,0.494819
27.104407,0.532053,27.104407,0.499024
27.125842,0.527603,27.125842,0.5032219999999999
27.147278,0.522902,27.147278,0.507396
27.168713,0.517943,27.168713,0.511531
27.190149,0.51272,27.190149,0.515609
27.211584,0.507229,27.211584,0.519614
27.233019,0.501465,27.233019,0.523526
27.254455,0.495426,27.254455,0.527326
27.27589,0.48911,27.27589,0.530996
27.297326,0.482519,27.297326,0.534514
27.318761,0.475652,27.318761,0.537861
27.340197,0.468515,27.340197,0.541015
27.361632,0.46111,27.361632,0.543957
27.383068,0.453445,27.383068,0.546665
27.404503,0.445526,27.404503,0.549119
27.425938,0.437364,27.425938,0.551299
27.447374,0.428969,27.447374,0.553184
27.468809,0.420354,27.468809,0.554756
27.490245,0.411532,27.490245,0.555995
27.51168,0.402519,27.51168,0.556884
27.533116,0.393331,27.533116,0.557406
27.554551,0.383988,27.554551,0.557545
27.575987,0.374507,27.575987,0.557285
27.597422,0.364911,27.597422,0.5566140000000001
27.618857,0.35522,27.618857,0.555519
27.640293,0.345458,27.640293,0.553989
27.661728,0.335649,27.661728,0.552016
27.683164,0.325816,27.683164,0.549592
27.704599,0.315986,27.704599,0.546712
27.726035,0.306185,27.726035,0.54337
27.74747,0.296437,27.74747,0.539567
27.768906,0.286771,27.768906,0.5353
27.790341,0.277212,27.790341,0.530572
27.811777,0.267788,27.811777,0.525387
27.833212,0.258524,27.833212,0.519751
27.854647,0.249446,27.854647,0.51367
27.876083,0.240581,27.876083,0.507154
27.897518,0.231954,27.897518,0.500215
27.918954,0.223588,27.918954,0.492865
27.940389,0.215507,27.940389,0.48512
27.961825,0.207733,27.961825,0.476995
27.98326,0.200287,27.98326,0.468509
28.004696,0.19319,28.004696,0.459682
28.026131,0.18646,28.026131,0.450533
28.047566,0.180114,28.047566,0.441086
28.069002,0.174167,28.069002,0.431363
28.090437,0.168633,28.090437,0.421389
28.111873,0.163524,28.111873,0.411189
28.133308,0.158851,28.133308,0.400788
28.154744,0.154623,28.154744,0.390212
28.176179,0.150845,28.176179,0.379489
28.197615,0.147523,28.197615,0.368644
28.21905,0.14466,28.21905,0.357706
28.240485,0.142258,28.240485,0.3467
28.261921,0.140315,28.261921,0.335654
28.283356,0.13883,28.283356,0.324594
28.304792,0.137799,28.304792,0.313546
28.326227,0.137215,28.326227,0.302535
28.347663,0.137073,28.347663,0.291587
28.369098,0.137362,28.369098,0.280724
28.390534,0.138073,28.390534,0.269969
28.411969,0.139194,28.411969,0.259345
28.433405,0.140712,28.433405,0.248872
28.45484,0.142615,28.45484,0.238569
28.476275,0.144886,28.476275,0.228454
28.497711,0.147511,28.497711,0.218544
28.519146,0.150472,28.519146,0.208856
28.540582,0.153752,28.540582,0.199402
28.562017,0.157335,28.562017,0.190196
28.583453,0.1612,28.583453,0.181248
28.604888,0.16533,28.604888,0.172569
28.626324,0.169707,28.626324,0.164166
28.647759,0.17431,28.647759,0.156047
28.669194,0.179122,28.669194,0.148218
28.69063,0.184124,28.69063,0.140681
28.712065,0.189296,28.712065,0.133442
28.733501,0.194621,28.733501,0.1265
28.754936,0.200081,28.754936,0.119856
28.776372,0.205658,28.776372,0.11351
28.797807,0.211336,28.797807,0.10746
28.819243,0.217098,28.819243,0.101703
28.840678,0.222927,28.840678,0.096235
28.862113,0.22881,28.862113,0.09105199999999999
28.883549,0.234731,28.883549,0.086148
28.904984,0.240677,28.904984,0.08151799999999999
28.92642,0.246635,28.92642,0.077154
28.947855,0.252593,28.947855,0.073049
28.969291,0.258539,28.969291,0.06919599999999999
28.990726,0.264464,28.990726,0.06558600000000001
29.012162,0.270356,29.012162,0.062211
29.033597,0.276208,29.033597,0.059062
29.055033,0.282012,29.055033,0.05613
29.076468,0.287758,29.076468,0.053406
29.097903,0.293443,29.097903,0.050882
29.119339,0.299058,29.119339,0.048546
29.140774,0.3046,29.140774,0.046391
29.16221,0.310063,29.16221,0.044408
29.183645,0.315444,29.183645,0.042587
29.205081,0.320739,29.205081,0.040919
29.226516,0.325947,29.226516,0.039396
29.247952,0.331064,29.247952,0.038009
29.269387,0.336088,29.269387,0.036751
29.290822,0.34102,29.290822,0.035612
29.312258,0.345859,29.312258,0.034586
29.333693,0.350603,29.333693,0.033665
29.355129,0.355253,29.355129,0.032843
29.376564,0.359809,29.376564,0.032111
29.398,0.364272,29.398,0.031465
29.419435,0.368643,29.419435,0.030897
29.440871,0.372922,29.440871,0.030403
29.462306,0.377113,29.462306,0.029976
29.483741,0.381215,29.483741,0.029611
29.505177,0.38523,29.505177,0.029304
29.526612,0.389161,29.526612,0.029051
29.548048,0.393008,29.548048,0.028846
29.569483,0.396775,29.569483,0.028686
29.590919,0.400463,29.590919,0.028567
29.612354,0.404074,29.612354,0.028486
29.63379,0.40761,29.63379,0.02844
29.655225,0.411073,29.655225,0.028426
29.676661,0.414466,29.676661,0.028441
29.698096,0.41779,29.698096,0.028483
29.719531,0.421047,29.719531,0.028549
29.740967,0.424239,29.740967,0.028637
29.762402,0.427368,29.762402,0.028745
29.783838,0.430437,29.783838,0.028871
29.805273,0.433446,29.805273,0.029014
29.826709,0.436399,29.826709,0.029173
29.848144,0.439295,29.848144,0.029345
29.86958,0.442138,29.86958,0.02953
29.891015,0.444928,29.891015,0.029726
29.91245,0.447667,29.91245,0.029932
29.933886,0.450357,29.933886,0.030147
29.955321,0.452999,29.955321,0.03037
29.976757,0.455595,29.976757,0.0306
29.998192,0.458145,29.998192,0.030836
30.019628,0.460652,30.019628,0.031078
30.041063,0.463116,30.041063,0.031324
30.062499,0.465538,30.062499,0.031573
30.083934,0.467921,30.083934,0.031826
30.105369,0.470264,30.105369,0.032081
30.126805,0.472569,30.126805,0.032338
30.14824,0.474837,30.14824,0.032595
30.169676,0.47707,30.169676,0.032853
30.191111,0.479267,30.191111,0.033111
30.212547,0.48143,30.212547,0.033368
30.233982,0.483561,30.233982,0.033623
30.255418,0.485659,30.255418,0.033876
30.276853,0.487727,30.276853,0.034126
30.298289,0.489765,30.298289,0.034374
30.319724,0.491774,30.319724,0.034617
30.341159,0.493755,30.341159,0.034856
30.362595,0.49571,30.362595,0.03509
30.38403,0.497638,30.38403,0.035319
30.405466,0.499541,30.405466,0.035542
30.426901,0.50142,30.426901,0.035759
30.448337,0.503277,30.448337,0.035969
30.469772,0.505112,30.469772,0.036173
30.491208,0.506926,30.491208,0.036369
30.512643,0.50872,30.512643,0.036557
30.534078,0.510495,30.534078,0.036738
30.555514,0.512254,30.555514,0.03691
30.576949,0.513995,30.576949,0.037074
30.598385,0.515721,30.598385,0.03723
30.61982,0.517433,30.61982,0.037377
30.641256,0.519132,30.641256,0.037515
30.662691,0.520818,30.662691,0.037645
30.684127,0.522494,30.684127,0.037766
30.705562,0.52416,30.705562,0.037878
30.726997,0.525817,30.726997,0.037982
30.748433,0.527466,30.748433,0.038078
30.769868,0.5291090000000001,30.769868,0.038166
30.791304,0.5307460000000001,30.791304,0.038246
30.812739,0.532379,30.812739,0.038319
30.834175,0.534008,30.834175,0.038386
30.85561,0.5356340000000001,30.85561,0.038446
30.877046,0.53726,30.877046,0.0385
30.898481,0.538884,30.898481,0.038549
30.919917,0.540509,30.919917,0.038594
30.941352,0.542135,30.941352,0.038634
30.962787,0.543763,30.962787,0.038672
30.984223,0.545393,30.984223,0.038708
31.005658,0.547027,31.005658,0.038742
31.027094,0.548665,31.027094,0.038776
31.048529,0.550308,31.048529,0.03881
31.069965,0.551956,31.069965,0.038846
31.0914,0.553609,31.0914,0.038884
31.112836,0.555269,31.112836,0.038925
31.134271,0.556934,31.134271,0.038972
31.155706,0.558607,31.155706,0.039023
31.177142,0.560286,31.177142,0.039082
31.198577,0.561972,31.198577,0.039148
31.220013,0.563665,31.220013,0.039224
31.241448,0.565364,31.241448,0.039309
31.262884,0.567071,31.262884,0.039406
31.284319,0.568784,31.284319,0.039515
31.305755,0.570503,31.305755,0.039637
31.32719,0.572228,31.32719,0.039773
31.348625,0.573959,31.348625,0.039925
31.370061,0.575694,31.370061,0.040093
31.391496,0.577434,31.391496,0.040278
31.412932,0.579178,31.412932,0.040481
31.434367,0.5809260000000001,31.434367,0.040703
31.455803,0.5826750000000001,31.455803,0.040945
31.477238,0.584427,31.477238,0.041207
31.498674,0.586179,31.498674,0.04149
31.520109,0.587932,31.520109,0.041795
31.541545,0.589684,31.541545,0.042122
31.56298,0.591434,31.56298,0.042472
31.584415,0.593182,31.584415,0.042845
31.605851,0.594926,31.605851,0.043241
31.627286,0.596666,31.627286,0.043661
31.648722,0.598401,31.648722,0.044104
31.670157,0.6001300000000001,31.670157,0.044572
31.691593,0.601851,31.691593,0.045064
31.713028,0.603565,31.713028,0.04558
31.734464,0.6052689999999999,31.734464,0.046119
31.755899,0.6069639999999999,31.755899,0.046683
31.777334,0.608648,31.777334,0.047271
31.79877,0.61032,31.79877,0.047882
31.820205,0.611981,31.820205,0.048517
31.841641,0.613628,31.841641,0.049175
31.863076,0.615262,31.863076,0.049856
31.884512,0.616881,31.884512,0.050559
31.905947,0.618485,31.905947,0.051284
31.927383,0.620074,31.927383,0.052032
31.948818,0.621646,31.948818,0.052801
31.970254,0.623202,31.970254,0.053591
31.991689,0.624741,31.991689,0.054401
32.013124,0.626261,32.013124,0.055233
32.03456,0.627764,32.03456,0.056084
32.055995,0.629248,32.055995,0.056955
32.077431,0.6307120000000001,32.077431,0.057845
32.098866,0.632158,32.098866,0.058754
32.120302,0.633584,32.120302,0.059682
32.141737,0.634989,32.141737,0.060629
32.163173,0.636374,32.163173,0.061593
32.184608,0.637738,32.184608,0.06257600000000001
32.206043,0.639081,32.206043,0.06357599999999999
32.227479,0.6404030000000001,32.227479,0.064594
32.248914,0.641702,32.248914,0.06562900000000001
32.27035,0.642979,32.27035,0.066681
32.291785,0.644234,32.291785,0.06775
32.313221,0.645465,32.313221,0.06883599999999999
32.334656,0.646672,32.334656,0.069939
32.356092,0.647855,32.356092,0.071058
32.377527,0.649014,32.377527,0.07219299999999999
32.398962,0.650147,32.398962,0.07334499999999999
32.420398,0.651254,32.420398,0.074513
32.441833,0.652334,32.441833,0.075696
32.463269,0.653388,32.463269,0.07689500000000001
32.484704,0.654413,32.484704,0.07811
32.50614,0.65541,32.50614,0.07933900000000001
32.527575,0.656377,32.527575,0.080583
32.549011,0.657314,32.549011,0.081841
32.570446,0.65822,32.570446,0.08311399999999999
32.591882,0.659093,32.591882,0.084399
32.613317,0.659934,32.613317,0.085698
32.634752,0.660741,32.634752,0.087009
32.656188,0.661514,32.656188,0.08833100000000001
32.677623,0.662251,32.677623,0.08966399999999999
32.699059,0.662951,32.699059,0.091007
32.720494,0.663614,32.720494,0.092359
32.74193,0.664239,32.74193,0.093719
32.763365,0.664825,32.763365,0.095086
32.784801,0.66537,32.784801,0.096459
32.806236,0.665875,32.806236,0.09783600000000001
32.827671,0.666339,32.827671,0.099216
32.849107,0.66676,32.849107,0.100598
32.870542,0.667138,32.870542,0.10198
32.891978,0.667473,32.891978,0.103361
32.913413,0.667764,32.913413,0.104739
32.934849,0.66801,32.934849,0.106113
32.956284,0.668212,32.956284,0.107479
32.97772,0.668369,32.97772,0.108838
32.999155,0.668481,32.999155,0.110186
33.02059,0.668547,33.02059,0.111522
33.042026,0.6685680000000001,33.042026,0.112844
33.063461,0.6685449999999999,33.063461,0.11415
33.084897,0.668476,33.084897,0.115438
33.106332,0.668364,33.106332,0.116706
33.127768,0.668207,33.127768,0.117951
33.149203,0.668007,33.149203,0.119172
33.170639,0.6677650000000001,33.170639,0.120367
33.192074,0.667481,33.192074,0.121533
33.21351,0.667157,33.21351,0.122669
33.234945,0.666794,33.234945,0.123772
33.25638,0.666392,33.25638,0.124841
33.277816,0.665954,33.277816,0.125874
33.299251,0.66548,33.299251,0.126869
33.320687,0.664973,33.320687,0.127824
33.342122,0.664434,33.342122,0.128738
33.363558,0.663865,33.363558,0.129609
33.384993,0.6632670000000001,33.384993,0.130435
33.406429,0.662644,33.406429,0.131216
33.427864,0.6619969999999999,33.427864,0.131949
33.449299,0.661327,33.449299,0.132635
33.470735,0.660639,33.470735,0.133271
33.49217,0.659933,33.49217,0.133857
33.513606,0.659212,33.513606,0.134393
33.535041,0.658479,33.535041,0.134876
33.556477,0.657736,33.556477,0.135308
33.577912,0.656986,33.577912,0.135688
33.599348,0.656231,33.599348,0.136016
33.620783,0.655474,33.620783,0.136291
33.642218,0.654717,33.642218,0.136514
33.663654,0.653964,33.663654,0.136685
33.685089,0.653215,33.685089,0.136804
33.706525,0.652474,33.706525,0.136872
33.72796,0.651744,33.72796,0.136891
33.749396,0.651027,33.749396,0.13686
33.770831,0.650325,33.770831,0.13678
33.792267,0.64964,33.792267,0.136654
33.813702,0.648975,33.813702,0.136482
33.835138,0.648331,33.835138,0.136265
33.856573,0.647712,33.856573,0.136005
33.878008,0.647118,33.878008,0.135705
33.899444,0.646552,33.899444,0.135365
33.920879,0.646015,33.920879,0.134987
33.942315,0.645509,33.942315,0.134573
33.96375,0.645035,33.96375,0.134126
33.985186,0.644595,33.985186,0.133648
34.006621,0.644191,34.006621,0.13314
34.028057,0.643822,34.028057,0.132605
34.049492,0.64349,34.049492,0.132045
34.070927,0.643196,34.070927,0.131462
34.092363,0.642941,34.092363,0.130859
34.113798,0.642724,34.113798,0.130238
34.135234,0.642547,34.135234,0.129602
34.156669,0.64241,34.156669,0.128952
34.178105,0.642312,34.178105,0.12829
34.19954,0.642255,34.19954,0.127621
34.220976,0.6422369999999999,34.220976,0.126944
34.242411,0.642259,34.242411,0.126263
34.263846,0.642319,34.263846,0.12558
34.285282,0.642419,34.285282,0.124896
34.306717,0.642556,34.306717,0.124215
34.328153,0.6427310000000001,34.328153,0.123537
34.349588,0.642943,34.349588,0.122864
34.371024,0.643191,34.371024,0.1222
34.392459,0.643473,34.392459,0.121544
34.413895,0.6437889999999999,34.413895,0.1209
34.43533,0.644139,34.43533,0.120267
34.456766,0.64452,34.456766,0.119649
34.478201,0.644931,34.478201,0.119045
34.499636,0.645373,34.499636,0.118459
34.521072,0.645842,34.521072,0.11789
34.542507,0.646338,34.542507,0.117339
34.563943,0.64686,34.563943,0.116809
34.585378,0.647406,34.585378,0.116299
34.606814,0.647975,34.606814,0.115811
34.628249,0.648566,34.628249,0.115345
34.649685,0.649177,34.649685,0.114902
34.67112,0.649807,34.67112,0.114483
34.692555,0.650455,34.692555,0.114088
34.713991,0.65112,34.713991,0.113718
34.735426,0.651799,34.735426,0.113373
34.756862,0.652493,34.756862,0.113053
34.778297,0.653199,34.778297,0.112759
34.799733,0.6539160000000001,34.799733,0.112491
34.821168,0.654643,34.821168,0.112249
34.842604,0.65538,34.842604,0.112033
34.864039,0.656124,34.864039,0.111844
34.885474,0.656875,34.885474,0.111681
34.90691,0.657631,34.90691,0.111545
34.928345,0.6583909999999999,34.928345,0.111435
34.949781,0.659155,34.949781,0.111352
34.971216,0.659922,34.971216,0.111295
34.992652,0.660689,34.992652,0.111264
35.014087,0.661456,35.014087,0.111259
35.035523,0.662223,35.035523,0.11128
35.056958,0.662988,35.056958,0.111327
35.078394,0.66375,35.078394,0.1114
35.099829,0.664509,35.099829,0.111498
35.121264,0.665263,35.121264,0.111621
35.1427,0.666011,35.1427,0.111769
35.164135,0.666752,35.164135,0.111942
35.185571,0.6674870000000001,35.185571,0.112139
35.207006,0.6682129999999999,35.207006,0.11236
35.228442,0.668929,35.228442,0.112605
35.249877,0.669636,35.249877,0.112873
35.271313,0.670332,35.271313,0.113164
35.292748,0.6710159999999999,35.292748,0.113478
35.314183,0.671688,35.314183,0.113814
35.335619,0.672346,35.335619,0.114172
35.357054,0.6729889999999999,35.357054,0.114551
35.37849,0.6736180000000001,35.37849,0.11495
35.399925,0.674231,35.399925,0.115371
35.421361,0.674827,35.421361,0.11581
35.442796,0.675405,35.442796,0.116269
35.464232,0.675965,35.464232,0.116747
35.485667,0.676507,35.485667,0.117242
35.507102,0.677028,35.507102,0.117755
35.528538,0.677529,35.528538,0.118284
35.549973,0.678009,35.549973,0.118829
35.571409,0.678466,35.571409,0.119388
35.592844,0.678902,35.592844,0.119962
35.61428,0.679314,35.61428,0.12055
35.635715,0.679702,35.635715,0.12115
35.657151,0.6800659999999999,35.657151,0.121761
35.678586,0.680405,35.678586,0.122384
35.700022,0.680718,35.700022,0.123015
35.721457,0.681006,35.721457,0.123656
35.742892,0.681267,35.742892,0.124304
35.764328,0.681501,35.764328,0.124959
35.785763,0.681709,35.785763,0.12562
35.807199,0.681889,35.807199,0.126285
35.828634,0.682041,35.828634,0.126953
35.85007,0.6821660000000001,35.85007,0.127624
35.871505,0.682262,35.871505,0.128296
35.892941,0.68233,35.892941,0.128967
35.914376,0.6823709999999999,35.914376,0.129638
35.935811,0.682383,35.935811,0.130306
35.957247,0.682366,35.957247,0.13097
35.978682,0.682322,35.978682,0.131629
36.000118,0.68225,36.000118,0.132283
36.021553,0.682151,36.021553,0.13293
36.042989,0.682024,36.042989,0.133568
36.064424,0.68187,36.064424,0.134196
36.08586,0.68169,36.08586,0.134815
36.107295,0.6814829999999999,36.107295,0.135421
36.12873,0.6812510000000001,36.12873,0.136015
36.150166,0.680993,36.150166,0.136594
36.171601,0.680712,36.171601,0.137159
36.193037,0.680406,36.193037,0.137708
36.214472,0.680077,36.214472,0.13824
36.235908,0.6797260000000001,36.235908,0.138755
36.257343,0.679353,36.257343,0.13925
36.278779,0.678959,36.278779,0.139726
36.300214,0.678545,36.300214,0.140182
36.32165,0.678113,36.32165,0.140616
36.343085,0.677662,36.343085,0.141028
36.36452,0.677194,36.36452,0.141418
36.385956,0.67671,36.385956,0.141785
36.407391,0.67621,36.407391,0.142127
36.428827,0.675697,36.428827,0.142446
36.450262,0.675171,36.450262,0.14274
36.471698,0.674632,36.471698,0.143008
36.493133,0.674083,36.493133,0.14325
36.514569,0.673524,36.514569,0.143467
36.536004,0.672957,36.536004,0.143658
36.557439,0.672382,36.557439,0.143822
36.578875,0.671801,36.578875,0.143959
36.60031,0.671215,36.60031,0.14407
36.621746,0.670625,36.621746,0.144154
36.643181,0.670032,36.643181,0.144211
36.664617,0.6694369999999999,36.664617,0.144241
36.686052,0.668842,36.686052,0.144245
36.707488,0.668247,36.707488,0.144222
36.728923,0.667654,36.728923,0.144174
36.750358,0.667064,36.750358,0.144099
36.771794,0.666478,36.771794,0.143999
36.793229,0.665897,36.793229,0.143873
36.814665,0.665322,36.814665,0.143723
36.8361,0.664754,36.8361,0.143548
36.857536,0.664195,36.857536,0.14335
36.878971,0.663644,36.878971,0.143129
36.900407,0.663104,36.900407,0.142885
36.921842,0.662575,36.921842,0.142619
36.943278,0.662058,36.943278,0.142333
36.964713,0.661554,36.964713,0.142026
36.986148,0.661063,36.986148,0.1417
37.007584,0.660587,37.007584,0.141355
37.029019,0.660126,37.029019,0.140993
37.050455,0.659681,37.050455,0.140614
37.07189,0.6592519999999999,37.07189,0.14022
37.093326,0.658841,37.093326,0.139811
37.114761,0.658447,37.114761,0.139389
37.136197,0.658071,37.136197,0.138955
37.157632,0.657713,37.157632,0.138509
37.179067,0.657374,37.179067,0.138054
37.200503,0.657054,37.200503,0.137589
37.221938,0.656753,37.221938,0.137117
37.243374,0.6564720000000001,37.243374,0.136639
37.264809,0.65621,37.264809,0.136155
37.286245,0.655967,37.286245,0.135667
37.30768,0.655744,37.30768,0.135177
37.329116,0.655539,37.329116,0.134684
37.350551,0.655354,37.350551,0.134192
37.371986,0.655187,37.371986,0.133699
37.393422,0.655038,37.393422,0.133209
37.414857,0.654907,37.414857,0.132722
37.436293,0.654794,37.436293,0.132239
37.457728,0.654697,37.457728,0.13176
37.479164,0.654616,37.479164,0.131288
37.500599,0.654551,37.500599,0.130823
37.522035,0.654501,37.522035,0.130366
37.54347,0.654464,37.54347,0.129918
37.564906,0.6544410000000001,37.564906,0.12948
37.586341,0.65443,37.586341,0.129052
37.607776,0.65443,37.607776,0.128635
37.629212,0.65444,37.629212,0.12823
37.650647,0.65446,37.650647,0.127838
37.672083,0.654488,37.672083,0.127458
37.693518,0.654523,37.693518,0.127092
37.714954,0.654565,37.714954,0.126739
37.736389,0.6546110000000001,37.736389,0.126401
37.757825,0.654662,37.757825,0.126076
37.77926,0.654715,37.77926,0.125767
37.800695,0.654769,37.800695,0.125471
37.822131,0.654825,37.822131,0.125191
37.843566,0.654879,37.843566,0.124924
37.865002,0.654932,37.865002,0.124672
37.886437,0.654982,37.886437,0.124434
37.907873,0.655027,37.907873,0.124209
37.929308,0.655068,37.929308,0.123998
37.950744,0.655103,37.950744,0.1238
37.972179,0.65513,37.972179,0.123614
37.993614,0.65515,37.993614,0.12344
38.01505,0.65516,38.01505,0.123277
38.036485,0.65516,38.036485,0.123125
38.057921,0.65515,38.057921,0.122982
38.079356,0.655128,38.079356,0.122848
38.100792,0.655094,38.100792,0.122722
38.122227,0.655047,38.122227,0.122602
38.143663,0.654987,38.143663,0.122489
38.165098,0.654913,38.165098,0.122381
38.186534,0.654824,38.186534,0.122276
38.207969,0.654721,38.207969,0.122175
38.229404,0.654602,38.229404,0.122075
38.25084,0.654469,38.25084,0.121976
38.272275,0.65432,38.272275,0.121876
38.293711,0.654155,38.293711,0.121775
38.315146,0.653976,38.315146,0.121671
38.336582,0.6537809999999999,38.336582,0.121563
38.358017,0.653571,38.358017,0.121451
38.379453,0.653347,38.379453,0.121332
38.400888,0.653108,38.400888,0.121206
38.422323,0.652856,38.422323,0.121072
38.443759,0.65259,38.443759,0.12093
38.465194,0.652312,38.465194,0.120778
38.48663,0.652022,38.48663,0.120615
38.508065,0.65172,38.508065,0.12044
38.529501,0.651409,38.529501,0.120254
38.550936,0.651087,38.550936,0.120056
38.572372,0.650757,38.572372,0.119844
38.593807,0.650419,38.593807,0.11962
38.615242,0.650074,38.615242,0.119381
38.636678,0.6497230000000001,38.636678,0.119129
38.658113,0.649367,38.658113,0.118863
38.679549,0.649006,38.679549,0.118583
38.700984,0.6486420000000001,38.700984,0.118289
38.72242,0.648275,38.72242,0.117981
38.743855,0.647907,38.743855,0.11766
38.765291,0.647537,38.765291,0.117326
38.786726,0.647168,38.786726,0.11698
38.808162,0.646798,38.808162,0.116621
38.829597,0.646429,38.829597,0.116251
38.851032,0.646062,38.851032,0.11587
38.872468,0.645696,38.872468,0.115479
38.893903,0.645332,38.893903,0.115079
38.915339,0.644969,38.915339,0.11467
38.936774,0.644609,38.936774,0.114253
38.95821,0.644251,38.95821,0.113829
38.979645,0.643895,38.979645,0.113399
39.001081,0.64354,39.001081,0.112963
39.022516,0.643187,39.022516,0.112521
39.043951,0.642834,39.043951,0.112076
39.065387,0.642481,39.065387,0.111626
39.086822,0.642128,39.086822,0.111174
39.108258,0.641773,39.108258,0.110718
39.129693,0.641416,39.129693,0.110259
39.151129,0.641056,39.151129,0.109799
39.172564,0.640691,39.172564,0.109335
39.194,0.6403219999999999,39.194,0.108869
39.215435,0.639947,39.215435,0.1084
39.23687,0.639564,39.23687,0.107928
39.258306,0.639173,39.258306,0.107452
39.279741,0.638773,39.279741,0.106972
39.301177,0.638363,39.301177,0.106487
39.322612,0.637941,39.322612,0.105995
39.344048,0.637507,39.344048,0.105496
39.365483,0.637061,39.365483,0.104988
39.386919,0.636601,39.386919,0.104471
39.408354,0.636127,39.408354,0.103941
39.42979,0.635638,39.42979,0.103399
39.451225,0.635134,39.451225,0.102841
39.47266,0.634615,39.47266,0.102267
39.494096,0.634082,39.494096,0.101673
39.515531,0.633533,39.515531,0.101059
39.536967,0.63297,39.536967,0.100422
39.558402,0.632393,39.558402,0.09976
39.579838,0.631803,39.579838,0.09907100000000001
39.601273,0.631201,39.601273,0.09835199999999999
39.622709,0.630587,39.622709,0.097603
39.644144,0.629965,39.644144,0.09682
39.665579,0.6293339999999999,39.665579,0.096002
39.687015,0.628697,39.687015,0.095148
39.70845,0.6280559999999999,39.70845,0.094254
39.729886,0.627412,39.729886,0.09332
39.751321,0.626769,39.751321,0.092345
39.772757,0.626129,39.772757,0.09132700000000001
39.794192,0.625493,39.794192,0.090265
39.815628,0.624866,39.815628,0.089158
39.837063,0.62425,39.837063,0.088005
39.858498,0.623648,39.858498,0.086807
39.879934,0.623062,39.879934,0.085563
39.901369,0.622496,39.901369,0.084273
39.922805,0.621953,39.922805,0.082937
39.94424,0.621437,39.94424,0.081556
39.965676,0.620949,39.965676,0.08013000000000001
39.987111,0.620494,39.987111,0.078662
40.008547,0.620074,40.008547,0.077152
40.029982,0.619692,40.029982,0.075601
40.051418,0.619351,40.051418,0.07401199999999999
40.072853,0.619053,40.072853,0.07238700000000001
40.094288,0.618802,40.094288,0.070727
40.115724,0.618599,40.115724,0.069036
40.137159,0.618447,40.137159,0.067316
40.158595,0.618348,40.158595,0.06557
40.18003,0.618304,40.18003,0.063801
40.201466,0.6183149999999999,40.201466,0.062012
40.222901,0.618384,40.222901,0.060206
40.244337,0.618512,40.244337,0.058387
40.265772,0.618699,40.265772,0.056558
40.287207,0.618947,40.287207,0.054723
40.308643,0.619255,40.308643,0.052885
40.330078,0.619623,40.330078,0.051048
40.351514,0.620052,40.351514,0.049215
40.372949,0.620542,40.372949,0.047389
40.394385,0.6210909999999999,40.394385,0.045575
40.41582,0.621698,40.41582,0.043776
40.437256,0.622363,40.437256,0.041994
40.458691,0.623085,40.458691,0.040233
40.480126,0.623861,40.480126,0.038497
40.501562,0.624691,40.501562,0.036787
40.522997,0.625572,40.522997,0.035108
40.544433,0.626502,40.544433,0.03346
40.565868,0.627479,40.565868,0.031848
40.587304,0.6284999999999999,40.587304,0.030272
40.608739,0.629564,40.608739,0.028735
40.630175,0.630668,40.630175,0.027239
40.65161,0.631809,40.65161,0.025785
40.673046,0.632985,40.673046,0.024376
40.694481,0.634192,40.694481,0.023011
40.715916,0.635429,40.715916,0.021692
40.737352,0.636691,40.737352,0.02042
40.758787,0.637977,40.758787,0.019196
40.780223,0.639284,40.780223,0.018019
40.801658,0.640609,40.801658,0.01689
40.823094,0.64195,40.823094,0.015809
40.844529,0.643303,40.844529,0.014776
40.865965,0.644667,40.865965,0.01379
40.8874,0.646038,40.8874,0.012852
40.908835,0.647415,40.908835,0.011959
40.930271,0.648795,40.930271,0.011112
40.951706,0.650177,40.951706,0.01031
40.973142,0.6515570000000001,40.973142,0.009552
40.994577,0.652934,40.994577,0.008836999999999999
41.016013,0.6543060000000001,41.016013,0.008162000000000001
41.037448,0.655673,41.037448,0.007528
41.058884,0.657031,41.058884,0.006933
41.080319,0.658379,41.080319,0.006375
41.101755,0.659717,41.101755,0.005853
41.12319,0.661043,41.12319,0.005366
41.144625,0.662355,41.144625,0.004912
41.166061,0.663654,41.166061,0.004489
41.187496,0.664937,41.187496,0.004097
41.208932,0.666205,41.208932,0.003733
41.230367,0.667457,41.230367,0.003396
41.251803,0.668692,41.251803,0.003085
41.273238,0.66991,41.273238,0.002798
41.294674,0.67111,41.294674,0.002533
41.316109,0.672292,41.316109,0.002291
41.337544,0.6734560000000001,41.337544,0.002068
41.35898,0.674602,41.35898,0.001864
41.380415,0.6757300000000001,41.380415,0.001677
41.401851,0.676839,41.401851,0.001507
41.423286,0.677931,41.423286,0.001352
41.444722,0.6790040000000001,41.444722,0.001211
41.466157,0.68006,41.466157,0.001083
41.487593,0.681098,41.487593,0.000967
41.509028,0.682119,41.509028,0.000862
41.530463,0.683123,41.530463,0.000767
41.551899,0.68411,41.551899,0.000682
41.573334,0.68508,41.573334,0.000605
41.59477,0.686035,41.59477,0.000536
41.616205,0.686974,41.616205,0.000474
41.637641,0.687898,41.637641,0.000418
41.659076,0.6888069999999999,41.659076,0.000369
41.680512,0.689702,41.680512,0.000324
41.701947,0.6905829999999999,41.701947,0.000285
41.723383,0.69145,41.723383,0.00025
41.744818,0.692303,41.744818,0.000219
41.766253,0.693144,41.766253,0.000191
41.787689,0.693973,41.787689,0.000167
41.809124,0.694789,41.809124,0.000146
41.83056,0.695594,41.83056,0.000127
41.851995,0.696388,41.851995,0.00011
41.873431,0.69717,41.873431,9.500000000000001e-05
41.894866,0.697942,41.894866,8.2e-05
41.916302,0.698704,41.916302,7.1e-05
41.937737,0.699456,41.937737,6.1e-05
41.959172,0.700198,41.959172,5.3e-05
41.980608,0.700931,41.980608,4.5e-05
42.002043,0.701655,42.002043,3.9e-05
42.023479,0.702371,42.023479,3.3e-05
42.044914,0.703078,42.044914,2.9e-05
42.06635,0.703777,42.06635,2.4e-05
42.087785,0.704467,42.087785,2.1e-05
42.109221,0.705151,42.109221,1.8e-05
42.130656,0.705827,42.130656,1.5e-05
42.152091,0.706495,42.152091,1.3e-05
42.173527,0.707157,42.173527,1.1e-05
42.194962,0.707812,42.194962,9e-06
42.216398,0.708461,42.216398,7e-06
42.237833,0.709103,42.237833,6e-06
42.259269,0.709738,42.259269,5e-06
42.280704,0.710368,42.280704,4e-06
42.30214,0.710992,42.30214,3e-06
42.323575,0.711611,42.323575,3e-06
42.345011,0.7122230000000001,42.345011,2e-06
42.366446,0.712831,42.366446,2e-06
42.387881,0.713433,42.387881,2e-06
42.409317,0.714029,42.409317,1e-06
42.430752,0.714621,42.430752,1e-06
42.452188,0.715208,42.452188,1e-06
42.473623,0.71579,42.473623,1e-06
42.495059,0.716368,42.495059,0
42.516494,0.7169410000000001,42.516494,0
42.53793,0.717509,42.53793,0
42.559365,0.718073,42.559365,0
42.5808,0.718633,42.5808,0
42.602236,0.719189,42.602236,0
42.623671,0.71974,42.623671,0
42.645107,0.720288,42.645107,0
42.666542,0.720831,42.666542,0
42.687978,0.721371,42.687978,0
42.709413,0.721907,42.709413,0
42.730849,0.7224390000000001,42.730849,0
42.752284,0.7229680000000001,42.752284,0
42.773719,0.7234930000000001,42.773719,0
42.795155,0.724014,42.795155,0
42.81659,0.724532,42.81659,0
42.838026,0.725047,42.838026,0
42.859461,0.725558,42.859461,0
